user_id,artist_name,track_name,track_play_count,artist_play_count,time_window_days,window_start,window_end,release_year,main_genre,secondary_genres,origin_country
user_000001,Scsi-9,"Vesna, Lastic & Elliott",17,138,30,2009-01-01T00:00:00+00:00,2009-01-31T00:00:00+00:00,2013,minimal,"minimal techno, electronic, techno",Czech Republic
user_000001,Plaid,Bata,7,109,30,2009-01-01T00:00:00+00:00,2009-01-31T00:00:00+00:00,2008,idm,"electronic, ambient, Warp",United Kingdom
user_000001,Ian O'Brien,Where Does The Past End And The Present Begin?,11,75,30,2009-01-01T00:00:00+00:00,2009-01-31T00:00:00+00:00,1999,techno,"electronic, House, ambient",United Kingdom
user_000001,I Am Robot And Proud,401 Circuit,3,37,30,2009-01-01T00:00:00+00:00,2009-01-31T00:00:00+00:00,2008,electronic,"idm, ambient, electronica",Canada
user_000001,London Elektricity,Attack Ships On Fire,4,35,30,2009-01-01T00:00:00+00:00,2009-01-31T00:00:00+00:00,2008,Drum and bass,"liquid funk, electronic, dnb",United Kingdom
user_000001,Kraak & Smaak,Enzo,3,28,30,2009-01-01T00:00:00+00:00,2009-01-31T00:00:00+00:00,2008,electronic,"funk, dance, House",Netherlands
user_000001,Rֳ¶yksopp,49 Percent,2,28,30,2009-01-01T00:00:00+00:00,2009-01-31T00:00:00+00:00,2005,electronic,"chillout, ambient, norwegian",Norway
user_000001,Enya,Dreams Are More Precious,2,19,30,2009-01-01T00:00:00+00:00,2009-01-31T00:00:00+00:00,2008,new age,"celtic, ambient, female vocalists",Ireland
user_000001,Steve Reich,Different Trains: After The War,1,18,30,2009-01-01T00:00:00+00:00,2009-01-31T00:00:00+00:00,2011,minimalism,"contemporary classical, experimental, Avant-Garde",United States
user_000001,Kawabata,Movin' On,7,10,30,2009-01-01T00:00:00+00:00,2009-01-31T00:00:00+00:00,2008,deep house,"minimal techno, sexy, electronic",Japan
user_000001,Soultourist,Turn Loose (Dixon Edit),6,9,30,2009-01-01T00:00:00+00:00,2009-01-31T00:00:00+00:00,2007,deep house,"House, tech house, sexy",United States
user_000001,Kaito,Color Of Feels,1,8,30,2009-01-01T00:00:00+00:00,2009-01-31T00:00:00+00:00,2006,ambient,"electronic, techno, tech house",Japan
user_000001,The Black Dog,Dogbite (A1 People Mix),1,8,30,2009-01-01T00:00:00+00:00,2009-01-31T00:00:00+00:00,2002,idm,"ambient, techno, electronic",United Kingdom
user_000001,The Cinematic Orchestra,To Build A Home,2,8,30,2009-01-01T00:00:00+00:00,2009-01-31T00:00:00+00:00,2015,beautiful,"chillout, downtempo, piano",United Kingdom
user_000001,Anchorsong,Sold Out Concert,2,7,30,2009-01-01T00:00:00+00:00,2009-01-31T00:00:00+00:00,2009,electronic,"japanese, All, indie",United States
user_000002,Sophie Milman,Fever,5,79,30,2009-01-01T00:00:00+00:00,2009-01-31T00:00:00+00:00,2007,jazz,"female vocalists, jazz vocal, vocal jazz",Canada
user_000002,Kettcar,Am Tisch,3,66,30,2009-01-01T00:00:00+00:00,2009-01-31T00:00:00+00:00,2009,indie,"german, indie rock, deutsch",Germany
user_000002,Tocotronic,"Aber Hier Leben, Nein Danke",2,50,30,2009-01-01T00:00:00+00:00,2009-01-31T00:00:00+00:00,2008,indie,"Hamburger Schule, german, alternative",Germany
user_000002,Bright Eyes,Classic Cars,3,43,30,2009-01-01T00:00:00+00:00,2009-01-31T00:00:00+00:00,2007,indie,"folk, singer-songwriter, indie rock",United States
user_000002,Ella Fitzgerald,"Chelsea Bridge (Take 3, Rehearsal)",8,42,30,2009-01-01T00:00:00+00:00,2009-01-31T00:00:00+00:00,2009,jazz,"female vocalists, blues, swing",United States
user_000002,The Libertines,I Get Along,3,41,30,2009-01-01T00:00:00+00:00,2009-01-31T00:00:00+00:00,2002,indie rock,"british, indie, rock",United Kingdom
user_000002,Tomte,Ich Sang Die Ganze Zeit Von Dir,5,37,30,2009-01-01T00:00:00+00:00,2009-01-31T00:00:00+00:00,2006,indie,"german, Hamburger Schule, rock",Germany
user_000002,Bedouin Soundclash,12:59 Lullaby,1,25,30,2009-01-01T00:00:00+00:00,2009-01-31T00:00:00+00:00,2007,reggae,"ska, Canadian, indie",Canada
user_000002,Alkaline Trio,All On Black,1,24,30,2009-01-01T00:00:00+00:00,2009-01-31T00:00:00+00:00,2003,punk rock,"punk, alternative, emo",United States
user_000002,Blink-182,Adam'S Song,2,24,30,2009-01-01T00:00:00+00:00,2009-01-31T00:00:00+00:00,2000,punk rock,"pop punk, punk, rock",United States
user_000002,Marilyn Mazur,Bell-Painting,1,21,30,2009-01-01T00:00:00+00:00,2009-01-31T00:00:00+00:00,2008,jazz,"percussion, contemporary jazz, ECM",United States
user_000002,Blackmail,(Feel It) Day By Day,1,20,30,2009-01-01T00:00:00+00:00,2009-01-31T00:00:00+00:00,2001,german,"indie, alternative, alternative rock",Greece
user_000002,Beatsteaks,Hey Du,9,18,30,2009-01-01T00:00:00+00:00,2009-01-31T00:00:00+00:00,2013,punk rock,"rock, german, alternative",Germany
user_000002,Me First And The Gimme Gimmes,Annie'S Song,1,17,30,2009-01-01T00:00:00+00:00,2009-01-31T00:00:00+00:00,2006,punk rock,"punk, covers, punk covers",United States
user_000002,The Young Knives,Another Hollow Line,1,16,30,2009-01-01T00:00:00+00:00,2009-01-31T00:00:00+00:00,2023,indie,"indie rock, british, rock",United Kingdom
user_000003,Beulah,Calm Go The Wild Seas,2,48,30,2009-01-01T00:00:00+00:00,2009-01-31T00:00:00+00:00,1999,indie,"indie pop, Elephant 6, indie rock",United States
user_000003,The Who,Behind Blue Eyes,4,27,30,2009-01-01T00:00:00+00:00,2009-01-31T00:00:00+00:00,2009,classic rock,"rock, british, 60s",United Kingdom
user_000003,Benassi Bros.,Blackbird,2,15,30,2009-01-01T00:00:00+00:00,2009-01-31T00:00:00+00:00,2005,House,"electronic, dance, techno",Italy
user_000003,The Black Eyed Peas,Let'S Get Retarded,2,14,30,2009-01-01T00:00:00+00:00,2009-01-31T00:00:00+00:00,2005,Hip-Hop,"pop, rnb, rap",United States
user_000003,The Doors,Roadhouse Blues (Live),2,14,30,2009-01-01T00:00:00+00:00,2009-01-31T00:00:00+00:00,1993,classic rock,"Psychedelic Rock, rock, 60s",United States
user_000003,Jack Johnson,Angel,2,10,30,2009-01-01T00:00:00+00:00,2009-01-31T00:00:00+00:00,2008,acoustic,"singer-songwriter, chill, alternative",United States
user_000003,The Beatles,Cayenne,1,8,30,2009-01-01T00:00:00+00:00,2009-01-31T00:00:00+00:00,2017,classic rock,"rock, british, 60s",United Kingdom
user_000003,Afi,...But Home Is Nowhere,1,7,30,2009-01-01T00:00:00+00:00,2009-01-31T00:00:00+00:00,2003,punk rock,"punk, alternative, rock",United States
user_000003,Kanye West,Can'T Tell Me Nothing,3,6,30,2009-01-01T00:00:00+00:00,2009-01-31T00:00:00+00:00,2018,Kanye West,"Hip-Hop, rap, hip hop",United Kingdom
user_000003,Kmfdm,Die Now-Live Later (Born Again Mix),1,6,30,2009-01-01T00:00:00+00:00,2009-01-31T00:00:00+00:00,1990,industrial,"industrial rock, industrial metal, electronic",Germany
user_000003,Red Hot Chili Peppers,If You Have To Ask,1,6,30,2009-01-01T00:00:00+00:00,2009-01-31T00:00:00+00:00,1993,rock,"alternative rock, Funk Rock, alternative",United States
user_000003,Say Anything,An Insult To The Dead,1,6,30,2009-01-01T00:00:00+00:00,2009-01-31T00:00:00+00:00,2007,alternative,"indie, rock, indie rock",United States
user_000003,The Expendables,"Down, Down, Down",1,6,30,2009-01-01T00:00:00+00:00,2009-01-31T00:00:00+00:00,2007,reggae,"ska, rock, rock reggae",United Kingdom
user_000003,The Rolling Stones,(I Can'T Get No) Satisfaction,1,6,30,2009-01-01T00:00:00+00:00,2009-01-31T00:00:00+00:00,1998,classic rock,"rock, british, 60s",United Kingdom
user_000003,Black Sabbath,All Moving Parts (Stand Still),1,5,30,2009-01-01T00:00:00+00:00,2009-01-31T00:00:00+00:00,2021,heavy metal,"hard rock, classic rock, metal",United Kingdom
user_000004,Denali,Lose Me,2,5,30,2009-01-01T00:00:00+00:00,2009-01-31T00:00:00+00:00,2002,indie rock,"indie, female vocalists, alternative",United States
user_000004,Portishead,Machine Gun,1,4,30,2009-01-01T00:00:00+00:00,2009-01-31T00:00:00+00:00,2008,trip-hop,"electronic, female vocalists, chillout",United Kingdom
user_000004,Glen Hansard & Markֳ©ta Irglovֳ¡,When Your Mind'S Made Up,2,3,30,2009-01-01T00:00:00+00:00,2009-01-31T00:00:00+00:00,2007,folk,"singer-songwriter, irish, acoustic",Ireland
user_000004,Husky Rescue,Caravan,2,3,30,2009-01-01T00:00:00+00:00,2009-01-31T00:00:00+00:00,2006,downtempo,"chillout, electronic, indie",Finland
user_000004,The Dears,22: The Death Of All The Romance,2,3,30,2009-01-01T00:00:00+00:00,2009-01-31T00:00:00+00:00,2006,indie rock,"indie, Canadian, alternative",United Kingdom
user_000004,The Organ,Sinking Hearts,2,3,30,2009-01-01T00:00:00+00:00,2009-01-31T00:00:00+00:00,2002,post-punk,"indie, female vocalists, Canadian",United Kingdom
user_000004,Danger Flowers,All Over Me,2,2,30,2009-01-01T00:00:00+00:00,2009-01-31T00:00:00+00:00,2014,indie,"female vocalists, female vocalist, indie pop",United States
user_000004,Feist,Inside And Out,2,2,30,2009-01-01T00:00:00+00:00,2009-01-31T00:00:00+00:00,2004,female vocalists,"indie, singer-songwriter, Canadian",Canada
user_000004,Tender Forever,How Many,1,2,30,2009-01-01T00:00:00+00:00,2009-01-31T00:00:00+00:00,2024,female vocalists,"indie pop, indie, electronic",France
user_000004,Tilly And The Wall,04 Tilly And The Wall - You And I Misbehaving,2,2,30,2009-01-01T00:00:00+00:00,2009-01-31T00:00:00+00:00,2005,indie,"indie pop, female vocalists, indie rock",United States
user_000004,Alu,"Big Box, Little Box",1,1,30,2009-01-01T00:00:00+00:00,2009-01-31T00:00:00+00:00,2004,trip-hop,"experimental, female vocalists, downtempo",Germany
user_000004,Apostle Of Hustle,Energy Of Death,1,1,30,2009-01-01T00:00:00+00:00,2009-01-31T00:00:00+00:00,2005,Canadian,"indie rock, indie, experimental",Canada
user_000004,Burak Mungan,So You Wanna Be A Superhero,1,1,30,2009-01-01T00:00:00+00:00,2009-01-31T00:00:00+00:00,2002,,,Tֳ¼rkiye
user_000004,Constantines,Shine A Light,1,1,30,2009-01-01T00:00:00+00:00,2009-01-31T00:00:00+00:00,2003,indie rock,"Canadian, indie, rock",Canada
user_000004,Devics,Lie To Me,1,1,30,2009-01-01T00:00:00+00:00,2009-01-31T00:00:00+00:00,2006,dream pop,"indie, female vocalists, indie pop",United States
user_000005,Air,Alpha Beta Gaga,3,29,30,2009-01-01T00:00:00+00:00,2009-01-31T00:00:00+00:00,2004,electronic,"chillout, ambient, french",France
user_000005,Red Hot Chili Peppers,Scar Tissue,2,15,30,2009-01-01T00:00:00+00:00,2009-01-31T00:00:00+00:00,2000,rock,"alternative rock, alternative, funk",United States
user_000005,Loreena Mckennitt,Marrakesh Night Market (V-Sag Remix),13,13,30,2009-01-01T00:00:00+00:00,2009-01-31T00:00:00+00:00,2015,celtic,"folk, new age, female vocalists",Canada
user_000005,The Prodigy,Charly,1,12,30,2009-01-01T00:00:00+00:00,2009-01-31T00:00:00+00:00,1998,electronic,"techno, industrial, dance",United Kingdom
user_000005,Madonna,American Life (Radio Edit),1,10,30,2009-01-01T00:00:00+00:00,2009-01-31T00:00:00+00:00,2003,pop,"dance, female vocalists, 80s",United States
user_000005,John Digweed,Kiss 100 02-04-2007,3,7,30,2009-01-01T00:00:00+00:00,2009-01-31T00:00:00+00:00,2007,Progressive House,"House, electronic, trance",United States
user_000005,Queen,I Want It All,6,6,30,2009-01-01T00:00:00+00:00,2009-01-31T00:00:00+00:00,2007,classic rock,"rock, hard rock, glam rock",United Kingdom
user_000005,Dj Tarkan,Deeper_1,1,5,30,2009-01-01T00:00:00+00:00,2009-01-31T00:00:00+00:00,2007,tarkan,"Progressive House, trance, pop",Tֳ¼rkiye
user_000005,R.E.M.,Man On The Moon,2,5,30,2009-01-01T00:00:00+00:00,2009-01-31T00:00:00+00:00,1993,rock,"alternative rock, alternative, indie",United States
user_000005,Gabriel & Dresden,"Live_@_Cacao_Beach,_Bulgaria_19.08.2006_Part_2",3,3,30,2009-01-01T00:00:00+00:00,2009-01-31T00:00:00+00:00,2006,trance,"progressive trance, electronic, Progressive House",United States
user_000005,James Holden,Balance 005 - Cd1,3,3,30,2009-01-01T00:00:00+00:00,2009-01-31T00:00:00+00:00,2020,electronic,"minimal, techno, Progressive House",Germany
user_000005,Junior Jack,Thrill Me (Such A Thrill),3,3,30,2009-01-01T00:00:00+00:00,2009-01-31T00:00:00+00:00,2003,House,"electronic, dance, club",Belgium
user_000005,Nirvana,Smells Like Teen Spirit,3,3,30,2009-01-01T00:00:00+00:00,2009-01-31T00:00:00+00:00,2004,Grunge,"rock, alternative, 90s",United States
user_000005,Alexandra Prince,Rising High (Extended Mix),2,2,30,2009-01-01T00:00:00+00:00,2009-01-31T00:00:00+00:00,2007,House,"electronic, dance, female vocalists",United States
user_000005,Chocolate Puma,A Star Is Born,1,2,30,2009-01-01T00:00:00+00:00,2009-01-31T00:00:00+00:00,2003,House,"dance, electronic, club",United Kingdom
user_000008,Kanye West,See You In My Nightmares,756,9246,30,2009-01-01T00:00:00+00:00,2009-01-31T00:00:00+00:00,2010,Hip-Hop,"rap, hip hop, rnb",United Kingdom
user_000008,T.I.,No Matter What,89,1322,30,2009-01-01T00:00:00+00:00,2009-01-31T00:00:00+00:00,2008,Hip-Hop,"rap, Dirty South, southern rap",United States
user_000008,Muse,Hysteria,23,287,30,2009-01-01T00:00:00+00:00,2009-01-31T00:00:00+00:00,2006,alternative rock,"rock, Progressive rock, alternative",United Kingdom
user_000008,Linkin Park,Papercut,9,218,30,2009-01-01T00:00:00+00:00,2009-01-31T00:00:00+00:00,2000,Nu Metal,"rock, alternative rock, alternative",United States
user_000008,Leona Lewis,Take A Bow,9,105,30,2009-01-01T00:00:00+00:00,2009-01-31T00:00:00+00:00,2007,pop,"female vocalists, rnb, soul",United Kingdom
user_000008,Kontrafakt,Prֳ­liֵ¡ Vela Vecֳ­,19,77,30,2009-01-01T00:00:00+00:00,2009-01-31T00:00:00+00:00,2004,Hip-Hop,"slovak, rap, slovakia",Slovakia
user_000008,Rufus Wainwright,Hallelujah,64,64,30,2009-01-01T00:00:00+00:00,2009-01-31T00:00:00+00:00,2004,singer-songwriter,"folk, indie, alternative",Germany
user_000008,Akon,Against The Grain,3,51,30,2009-01-01T00:00:00+00:00,2009-01-31T00:00:00+00:00,2008,rnb,"Hip-Hop, rap, pop",Senegal
user_000008,Damien Rice,9 Crimes,39,39,30,2009-01-01T00:00:00+00:00,2009-01-31T00:00:00+00:00,2016,singer-songwriter,"acoustic, folk, indie",Ireland
user_000008,Michael Hunter,Soviet Connection (The Theme From Grand Theft Auto Iv),34,34,30,2009-01-01T00:00:00+00:00,2009-01-31T00:00:00+00:00,2011,ambient,"GTA IV, GTA, Hip-Hop",United States
user_000008,Clint Mansell,Together We Will Live Forever,28,31,30,2009-01-01T00:00:00+00:00,2009-01-31T00:00:00+00:00,2006,instrumental,"ambient, electronic, Classical",United Kingdom
user_000008,Clint Mansell,Together We Will Live Forever,28,31,30,2009-01-01T00:00:00+00:00,2009-01-31T00:00:00+00:00,2006,instrumental,"ambient, electronic, Classical",United Kingdom
user_000008,Jay-Z And Linkin Park,Numb/Encore,4,17,30,2009-01-01T00:00:00+00:00,2009-01-31T00:00:00+00:00,2004,Hip-Hop,"rap, rock, alternative",United States
user_000008,Dj Wich,Coasting,6,16,30,2009-01-01T00:00:00+00:00,2009-01-31T00:00:00+00:00,2008,Hip-Hop,"Czech, hip hop, Czech HipHop",Czechia
user_000008,The Fray,Look After You,3,15,30,2009-01-01T00:00:00+00:00,2009-01-31T00:00:00+00:00,2007,alternative,"rock, alternative rock, piano rock",United Kingdom
user_000009,Marilyn Manson,In The Shadow Of The Valley Of Death,6,116,30,2009-01-01T00:00:00+00:00,2009-01-31T00:00:00+00:00,2013,industrial,"industrial metal, metal, rock",United States
user_000009,Bullet For My Valentine,All These Things I Hate (Revolve Around Me),8,63,30,2009-01-01T00:00:00+00:00,2009-01-31T00:00:00+00:00,2006,metalcore,"metal, hardcore, emocore",United Kingdom
user_000009,Him,Beautiful,8,51,30,2009-01-01T00:00:00+00:00,2009-01-31T00:00:00+00:00,2001,Love Metal,"Gothic Rock, rock, finnish",Finland
user_000009,Dead Poetic,Glass In The Trees,5,29,30,2009-01-01T00:00:00+00:00,2009-01-31T00:00:00+00:00,2004,post-hardcore,"screamo, emo, emocore",United States
user_000009,Coheed And Cambria,Once Upon Your Dead Body,6,23,30,2009-01-01T00:00:00+00:00,2009-01-31T00:00:00+00:00,2005,Progressive rock,"rock, alternative, alternative rock",United States
user_000009,Bleeding Through,Line In The Sand,2,22,30,2009-01-01T00:00:00+00:00,2009-01-31T00:00:00+00:00,2008,metalcore,"hardcore, death metal, metal",Greece
user_000009,John 5,Gods And Monsters,4,21,30,2009-01-01T00:00:00+00:00,2009-01-31T00:00:00+00:00,2005,instrumental,"guitar virtuoso, metal, rock",United States
user_000009,Rob Zombie,(Go To) California,2,21,30,2009-01-01T00:00:00+00:00,2009-01-31T00:00:00+00:00,2001,industrial metal,"metal, industrial, hard rock",United States
user_000009,Journey,Faithfully,3,18,30,2009-01-01T00:00:00+00:00,2009-01-31T00:00:00+00:00,2017,classic rock,"rock, hard rock, 80s",United States
user_000009,Atreyu,Becoming The Bull,1,16,30,2009-01-01T00:00:00+00:00,2009-01-31T00:00:00+00:00,2007,metalcore,"hardcore, metal, screamo",United States
user_000009,Savage Garden,To The Moon & Back,3,15,30,2009-01-01T00:00:00+00:00,2009-01-31T00:00:00+00:00,2021,pop,"90s, australian, rock",Australia
user_000009,Green Day,American Idiot,1,13,30,2009-01-01T00:00:00+00:00,2009-01-31T00:00:00+00:00,2021,punk rock,"rock, punk, alternative",United States
user_000009,The Birthday Massacre,Goodnight,4,13,30,2009-01-01T00:00:00+00:00,2009-01-31T00:00:00+00:00,2016,industrial,"Synth-Rock, Gothic, electronic",Canada
user_000009,Shinedown,Lost In The Crowd,2,11,30,2009-01-01T00:00:00+00:00,2009-01-31T00:00:00+00:00,2005,hard rock,"rock, alternative rock, post-grunge",United States
user_000009,Cradle Of Filth,Once Upon Atrocity,2,10,30,2009-01-01T00:00:00+00:00,2009-01-31T00:00:00+00:00,2019,black metal,"Symphonic Black Metal, Gothic Metal, metal",United Kingdom
user_000012,Marmoset,Eyes Are Looking,45,180,30,2009-01-01T00:00:00+00:00,2009-01-31T00:00:00+00:00,2001,indie rock,"psychedelic, indie, american",United States
user_000012,Cut Copy,Far Away (Damn Arms Remix),5,67,30,2009-01-01T00:00:00+00:00,2009-01-31T00:00:00+00:00,2008,electronic,"indie, australian, electro",Australia
user_000012,Pet Shop Boys,"Liberation (E Smoove 12"" Mix)",3,56,30,2009-01-01T00:00:00+00:00,2009-01-31T00:00:00+00:00,1984,synthpop,"electronic, pop, 80s",United Kingdom
user_000012,Kraftwerk,Showroom Dummies,4,53,30,2009-01-01T00:00:00+00:00,2009-01-31T00:00:00+00:00,1981,electronic,"synthpop, german, electronica",Germany
user_000012,Animal Collective,My Girls,9,42,30,2009-01-01T00:00:00+00:00,2009-01-31T00:00:00+00:00,2009,experimental,"indie, freak folk, folk",United States
user_000012,The Cribs,Ancient History,5,32,30,2009-01-01T00:00:00+00:00,2009-01-31T00:00:00+00:00,2008,indie rock,"indie, british, alternative",United Kingdom
user_000012,Jean-Jacques Perrey,Madder Than Mad,3,30,30,2009-01-01T00:00:00+00:00,2009-01-31T00:00:00+00:00,1974,electronic,"moog, french, space age pop",France
user_000012,New Young Pony Club,Ice Cream,8,29,30,2009-01-01T00:00:00+00:00,2009-01-31T00:00:00+00:00,2005,electronic,"new rave, indie, electropop",United Kingdom
user_000012,Stereolab,Doubt,2,29,30,2009-01-01T00:00:00+00:00,2009-01-31T00:00:00+00:00,1992,electronic,"post-rock, indie, alternative",United Kingdom
user_000012,Mstrkrft,Work On You,7,27,30,2009-01-01T00:00:00+00:00,2009-01-31T00:00:00+00:00,2007,electronic,"electro, dance, Canadian",Canada
user_000012,Xiu Xiu,The Body Breaks,6,20,30,2009-01-01T00:00:00+00:00,2009-01-31T00:00:00+00:00,2005,experimental,"electronic, indie, post-rock",United States
user_000012,Orbital,"Out There Somewhere?, Part 2",2,17,30,2009-01-01T00:00:00+00:00,2009-01-31T00:00:00+00:00,2009,electronic,"techno, ambient, idm",United Kingdom
user_000012,The Presets,Truth And Lies,8,16,30,2009-01-01T00:00:00+00:00,2009-01-31T00:00:00+00:00,2005,electronic,"australian, electro, Electroclash",United Kingdom
user_000012,New Musik,Here Come The People,2,15,30,2009-01-01T00:00:00+00:00,2009-01-31T00:00:00+00:00,1982,new wave,"synthpop, 80s, electronic",United Kingdom
user_000012,The Notwist,Your Signs,5,15,30,2009-01-01T00:00:00+00:00,2009-01-31T00:00:00+00:00,1997,indie,"electronic, german, indietronica",United Kingdom
user_000015,Combichrist,Kickstart The Fight,59,273,30,2009-01-01T00:00:00+00:00,2009-01-31T00:00:00+00:00,2009,industrial,"ebm, dark electro, electronic",United States
user_000015,Rammstein,Ich Will,18,96,30,2009-01-01T00:00:00+00:00,2009-01-31T00:00:00+00:00,2001,industrial metal,"metal, german, industrial",Germany
user_000015,System Of A Down,Chop Suey,8,46,30,2009-01-01T00:00:00+00:00,2009-01-31T00:00:00+00:00,2002,alternative metal,"metal, rock, System of a Down",United States
user_000015,Mgmt,Time To Pretend,13,42,30,2009-01-01T00:00:00+00:00,2009-01-31T00:00:00+00:00,2007,indie,"electronic, alternative, indietronica",United States
user_000015,Ramona Reed,Znajdֵ÷ I Weֵ÷,36,42,30,2009-01-01T00:00:00+00:00,2009-01-31T00:00:00+00:00,2009,,,United States
user_000015,Dym,Bender,6,33,30,2009-01-01T00:00:00+00:00,2009-01-31T00:00:00+00:00,2008,dark electro,"ebm, industrial, Harsh Electro",Canada
user_000015,Marilyn Manson,This Is The New Shit,12,30,30,2009-01-01T00:00:00+00:00,2009-01-31T00:00:00+00:00,2003,industrial,"industrial metal, metal, rock",United States
user_000015,Psyclon Nine,The Feeding,5,28,30,2009-01-01T00:00:00+00:00,2009-01-31T00:00:00+00:00,2005,dark electro,"industrial, ebm, Aggrotech",United States
user_000015,The Goo Goo Dolls,Iris,28,28,30,2009-01-01T00:00:00+00:00,2009-01-31T00:00:00+00:00,1998,rock,"alternative rock, alternative, 90s",United States
user_000015,Ac/Dc,Rock 'N' Roll Train,15,26,30,2009-01-01T00:00:00+00:00,2009-01-31T00:00:00+00:00,2009,hard rock,"classic rock, rock, heavy metal",Australia
user_000015,Exemtum,Source And Knowledge,2,22,30,2009-01-01T00:00:00+00:00,2009-01-31T00:00:00+00:00,2008,martial industrial,"neoclassical, martial, german",Germany
user_000015,Reaper,She Is A Devil And A Whore,6,22,30,2009-01-01T00:00:00+00:00,2009-01-31T00:00:00+00:00,2007,ebm,"dark electro, industrial, electronic",Germany
user_000015,Rob Zombie,American Witch,3,22,30,2009-01-01T00:00:00+00:00,2009-01-31T00:00:00+00:00,2018,industrial metal,"metal, industrial, hard rock",United States
user_000015,Enrique Iglesias,Escape,21,21,30,2009-01-01T00:00:00+00:00,2009-01-31T00:00:00+00:00,2001,pop,"latin, spanish, dance",Spain
user_000015,Metro Station,Shake It,18,21,30,2009-01-01T00:00:00+00:00,2009-01-31T00:00:00+00:00,2009,dance,"electronic, indie, powerpop",United States
user_000016,The Verve,Velvet Morning,7,22,30,2009-01-01T00:00:00+00:00,2009-01-31T00:00:00+00:00,1999,britpop,"rock, alternative, british",United Kingdom
user_000016,Reverend Horton Heat,If It Ain'T Got Rhythm,3,16,30,2009-01-01T00:00:00+00:00,2009-01-31T00:00:00+00:00,2004,psychobilly,"rockabilly, rock, punk",United States
user_000016,Kings Of Leon,Molly'S Chambers,2,15,30,2009-01-01T00:00:00+00:00,2009-01-31T00:00:00+00:00,2003,rock,"indie, indie rock, alternative",United States
user_000016,Muse,Feeling Good,4,14,30,2009-01-01T00:00:00+00:00,2009-01-31T00:00:00+00:00,2002,alternative rock,"rock, Progressive rock, alternative",United Kingdom
user_000016,Alabama 3,Hotel California,3,13,30,2009-01-01T00:00:00+00:00,2009-01-31T00:00:00+00:00,2022,alternative,"blues, country, country acid house",United Kingdom
user_000016,Paul Weller,Peacock Suit,2,13,30,2009-01-01T00:00:00+00:00,2009-01-31T00:00:00+00:00,1996,rock,"singer-songwriter, british, mod",United Kingdom
user_000016,Fleet Foxes,Blue Ridge Mountains,1,11,30,2009-01-01T00:00:00+00:00,2009-01-31T00:00:00+00:00,2011,folk,"indie, indie folk, alternative",United States
user_000016,Foo Fighters,Have It All,2,10,30,2009-01-01T00:00:00+00:00,2009-01-31T00:00:00+00:00,2003,rock,"alternative rock, Grunge, alternative",United States
user_000016,Audioslave,Cochise,5,9,30,2009-01-01T00:00:00+00:00,2009-01-31T00:00:00+00:00,2005,alternative rock,"rock, hard rock, Grunge",United States
user_000016,Eagles Of Death Metal,Stuck In The Metal,2,9,30,2009-01-01T00:00:00+00:00,2009-01-31T00:00:00+00:00,2017,Stoner Rock,"Garage Rock, rock, alternative rock",United States
user_000016,Oasis,Acquiesce,1,8,30,2009-01-01T00:00:00+00:00,2009-01-31T00:00:00+00:00,2002,britpop,"rock, british, alternative",United Kingdom
user_000016,The Rolling Stones,Paint It Black,3,8,30,2009-01-01T00:00:00+00:00,2009-01-31T00:00:00+00:00,2015,classic rock,"rock, british, 60s",United Kingdom
user_000016,Duffy,Mercy,4,7,30,2009-01-01T00:00:00+00:00,2009-01-31T00:00:00+00:00,2008,soul,"female vocalists, british, pop",United Kingdom
user_000016,Flogging Molly,Every Dog Has Its Day,1,7,30,2009-01-01T00:00:00+00:00,2009-01-31T00:00:00+00:00,1997,irish,"punk, folk, punk rock",United States
user_000016,The Who,Pictures Of Lily,2,7,30,2009-01-01T00:00:00+00:00,2009-01-31T00:00:00+00:00,2013,classic rock,"rock, british, 60s",United Kingdom
user_000017,Lynyrd Skynyrd,Free Bird,3,18,30,2009-01-01T00:00:00+00:00,2009-01-31T00:00:00+00:00,1993,classic rock,"Southern Rock, 70s, rock",United States
user_000017,B.B. King,Rock Me Baby,2,15,30,2009-01-01T00:00:00+00:00,2009-01-31T00:00:00+00:00,2004,blues,"blues rock, jazz, guitar",United States
user_000017,Johnny Winter,Dallas,2,14,30,2009-01-01T00:00:00+00:00,2009-01-31T00:00:00+00:00,1998,blues,"blues rock, rock, guitar",United States
user_000017,Buddy Guy,"Damn Right, I'Ve Got The Blues",2,13,30,2009-01-01T00:00:00+00:00,2009-01-31T00:00:00+00:00,2000,blues,"Chicago Blues, guitar, classic rock",United States
user_000017,Stevie Ray Vaughan And Double Trouble,Look At Little Sister,2,13,30,2009-01-01T00:00:00+00:00,2009-01-31T00:00:00+00:00,1985,blues,"blues rock, guitar, classic rock",United States
user_000017,Hermano,Cowboys Suck,2,12,30,2009-01-01T00:00:00+00:00,2009-01-31T00:00:00+00:00,2005,Stoner Rock,"desert rock, stoner, hard rock",United States
user_000017,Sarah Mclachlan,Sweet Surrender,3,12,30,2009-01-01T00:00:00+00:00,2009-01-31T00:00:00+00:00,2002,female vocalists,"singer-songwriter, pop, Canadian",Canada
user_000017,Stevie Ray Vaughan,Pride And Joy,2,12,30,2009-01-01T00:00:00+00:00,2009-01-31T00:00:00+00:00,2003,blues,"blues rock, classic rock, guitar",United States
user_000017,Ten Years After,I Woke Up This Morning,2,12,30,2009-01-01T00:00:00+00:00,2009-01-31T00:00:00+00:00,1998,blues rock,"classic rock, rock, blues",United Kingdom
user_000017,Jewel,Hands,4,11,30,2009-01-01T00:00:00+00:00,2009-01-31T00:00:00+00:00,2008,female vocalists,"pop, folk, singer-songwriter",United States
user_000017,The Allman Brothers Band,It'S Not My Cross To Bear,2,11,30,2009-01-01T00:00:00+00:00,2009-01-31T00:00:00+00:00,2020,Southern Rock,"blues rock, classic rock, rock",United States
user_000017,Tracy Chapman,Almost,1,11,30,2009-01-01T00:00:00+00:00,2009-01-31T00:00:00+00:00,2002,female vocalists,"folk, singer-songwriter, soul",United States
user_000017,.38 Special,Back Where You Belong,1,10,30,2009-01-01T00:00:00+00:00,2009-01-31T00:00:00+00:00,1983,Southern Rock,"classic rock, rock, 80s",United States
user_000017,Albert King,Crosscut Saw,3,10,30,2009-01-01T00:00:00+00:00,2009-01-31T00:00:00+00:00,1992,blues,"rhythm and blues, electric blues, guitar",United States
user_000017,Derek And The Dominos,Layla,4,10,30,2009-01-01T00:00:00+00:00,2009-01-31T00:00:00+00:00,1984,blues rock,"classic rock, rock, blues",United States
user_000020,L'Arc~En~Ciel,Ready Steady Go,1,2,30,2009-01-01T00:00:00+00:00,2009-01-31T00:00:00+00:00,2013,J-rock,"japanese, rock, jrock",Japan
user_000020,Pure Reason Revolution,Victorious Cupid,2,2,30,2009-01-01T00:00:00+00:00,2009-01-31T00:00:00+00:00,2007,Progressive rock,"art rock, Progressive, british",United Kingdom
user_000020,Alice Nine.,Eraser,1,1,30,2009-01-01T00:00:00+00:00,2009-01-31T00:00:00+00:00,2009,J-rock,"visual kei, japanese, jrock",United States
user_000020,Capsule,True Blue,1,1,30,2009-01-01T00:00:00+00:00,2009-01-31T00:00:00+00:00,2008,electronic,"japanese, shibuya-kei, j-pop",Japan
user_000020,Dir En Grey,Dead Tree,1,1,30,2009-01-01T00:00:00+00:00,2009-01-31T00:00:00+00:00,2007,J-rock,"visual kei, japanese, metal",Japan
user_000020,Ellegarden,Marry Me,1,1,30,2009-01-01T00:00:00+00:00,2009-01-31T00:00:00+00:00,2007,J-rock,"japanese, punk, rock",Japan
user_000020,Gackt,Mizerable,1,1,30,2009-01-01T00:00:00+00:00,2009-01-31T00:00:00+00:00,2004,J-rock,"japanese, visual kei, j-pop",Japan
user_000020,High And Mighty Color,Enrai ~Tooku Ni Aru Akari~,1,1,30,2009-01-01T00:00:00+00:00,2009-01-31T00:00:00+00:00,2007,J-rock,"japanese, female vocalists, j-pop",Japan
user_000020,Hyde,It'S Sad,1,1,30,2009-01-01T00:00:00+00:00,2009-01-31T00:00:00+00:00,2006,J-rock,"japanese, rock, Hyde",Japan
user_000020,Orange Range,*~Asterisk,1,1,30,2009-01-01T00:00:00+00:00,2009-01-31T00:00:00+00:00,2003,J-rock,"japanese, j-pop, anime",Japan
user_000020,Original Love,Deep French Kiss,1,1,30,2009-01-01T00:00:00+00:00,2009-01-31T00:00:00+00:00,1998,shibuya-kei,"j-pop, japanese, pop",Japan
user_000020,Pierrot,Mennybֲ¿L Az Angyal,1,1,30,2009-01-01T00:00:00+00:00,2009-01-31T00:00:00+00:00,1995,J-rock,"visual kei, japanese, rock",Japan
user_000020,Siam Shade,D.D.D.,1,1,30,2009-01-01T00:00:00+00:00,2009-01-31T00:00:00+00:00,2003,J-rock,"japanese, rock, hard rock",Japan
user_000020,The Gazette,Bath Room,1,1,30,2009-01-01T00:00:00+00:00,2009-01-31T00:00:00+00:00,2006,J-rock,"visual kei, japanese, jrock",United Kingdom
user_000020,Versailles,The Love From A Dead Orchestra,1,1,30,2009-01-01T00:00:00+00:00,2009-01-31T00:00:00+00:00,2010,symphonic metal,"visual kei, J-rock, Power metal",Japan
user_000021,Deerhunter,Ghost Outfit,10,120,30,2009-01-01T00:00:00+00:00,2009-01-31T00:00:00+00:00,2008,shoegaze,"experimental, psychedelic, indie",United States
user_000021,A.C. Newman,All Of My Days And All Of My Days Off,6,72,30,2009-01-01T00:00:00+00:00,2009-01-31T00:00:00+00:00,2009,indie,"Canadian, indie rock, singer-songwriter",Australia
user_000021,Arkells,Abigail,5,57,30,2009-01-01T00:00:00+00:00,2009-01-31T00:00:00+00:00,2007,Canadian,"indie rock, rock, indie",Canada
user_000021,The Agnostic Mountain Gospel Choir,Dumb It Down,5,54,30,2009-01-01T00:00:00+00:00,2009-01-31T00:00:00+00:00,2008,blues,"Alt-country, folk, bluegrass",United Kingdom
user_000021,Baby Eagle,No Blues,9,50,30,2009-01-01T00:00:00+00:00,2009-01-31T00:00:00+00:00,2007,indie,"Canadian, folk, All",United States
user_000021,Brutal Knights,Feast Of Shame,6,40,30,2009-01-01T00:00:00+00:00,2009-01-31T00:00:00+00:00,2008,punk,"hardcore punk, Garage Punk, hardcore",Canada
user_000021,Constantines,Fuckin' Up,6,38,30,2009-01-01T00:00:00+00:00,2009-01-31T00:00:00+00:00,2008,indie rock,"Canadian, indie, rock",Canada
user_000021,Elliott Brood,Chuckwagon,3,32,30,2009-01-01T00:00:00+00:00,2009-01-31T00:00:00+00:00,2008,Alt-country,"Canadian, death country, country",Canada
user_000021,Sunparlour Players,Dyin' Today,4,30,30,2009-01-01T00:00:00+00:00,2009-01-31T00:00:00+00:00,2006,Canadian,"acoustic, folk, indie rock",United States
user_000021,Novillero,A Little Tradition,3,29,30,2009-01-01T00:00:00+00:00,2009-01-31T00:00:00+00:00,2008,indie,"Canadian, Winnipeg, indie rock",Canada
user_000021,D.O.A.,"My Old Man'S A Bum (Positively D.O.A. 7"" Ep 1981)",2,27,30,2009-01-01T00:00:00+00:00,2009-01-31T00:00:00+00:00,1981,hardcore punk,"punk, punk rock, hardcore",Canada
user_000021,Statues,You Must Be Crazy,3,24,30,2009-01-01T00:00:00+00:00,2009-01-31T00:00:00+00:00,2004,chaotic hardcore,"hardcore, mathcore, punk",Canada
user_000021,Sylvie,Breakout For Summer,3,23,30,2009-01-01T00:00:00+00:00,2009-01-31T00:00:00+00:00,2008,indie rock,"Canadian, All, folk pop",France
user_000021,Fucked Up,Twice Born,3,19,30,2009-01-01T00:00:00+00:00,2009-01-31T00:00:00+00:00,2009,hardcore,"hardcore punk, punk, Canadian",Canada
user_000021,Dillinger Four,Minimum Wage Is A Gateway Drug,2,17,30,2009-01-01T00:00:00+00:00,2009-01-31T00:00:00+00:00,2020,punk rock,"punk, pop punk, melodic punk",United States
user_000022,The Capstan Shafts,Everyone Plants Trees,18,118,30,2009-01-01T00:00:00+00:00,2009-01-31T00:00:00+00:00,2006,indie pop,"Lo-Fi, indie, indie rock",United States
user_000022,Quasi,The Golden Egg,6,76,30,2009-01-01T00:00:00+00:00,2009-01-31T00:00:00+00:00,1999,indie rock,"indie, indie pop, portland",United States
user_000022,Decoration,Only A Plague Can Stop Us Now,5,50,30,2009-01-01T00:00:00+00:00,2009-01-31T00:00:00+00:00,2007,britpop,"indie, angst, introspective",Canada
user_000022,Qasar Wut-Wut,The Tramps Of Taro Sound,8,37,30,2009-01-01T00:00:00+00:00,2009-01-31T00:00:00+00:00,2004,,,Germany
user_000022,Bubblegum Lemonade,I'Ll Never Be Yours,11,36,30,2009-01-01T00:00:00+00:00,2009-01-31T00:00:00+00:00,2008,indie pop,"jangle pop, Scottish, indie",United Kingdom
user_000022,Jesus Licks,Hide And Seek,6,31,30,2009-01-01T00:00:00+00:00,2009-01-31T00:00:00+00:00,2024,freak folk,,United Kingdom
user_000022,The Broken Family Band,John Belushi,5,30,30,2009-01-01T00:00:00+00:00,2009-01-31T00:00:00+00:00,2005,indie,"indie rock, folk, Alt-country",United Kingdom
user_000022,The Shaky Hands,Why & How Come,12,29,30,2009-01-01T00:00:00+00:00,2009-01-31T00:00:00+00:00,2007,indie rock,"indie, folk rock, portland",New Zealand
user_000022,The Minders,I'Ve Been Wondering,8,28,30,2009-01-01T00:00:00+00:00,2009-01-31T00:00:00+00:00,2004,Elephant 6,"indie pop, Lo-Fi, indie",United Kingdom
user_000022,Afternoon Naps,The End Is Near,13,26,30,2009-01-01T00:00:00+00:00,2009-01-31T00:00:00+00:00,2007,indie pop,"twee, indie, Love",France
user_000022,Let'S Wrestle,I Won'T Lie To You,13,25,30,2009-01-01T00:00:00+00:00,2009-01-31T00:00:00+00:00,2008,indie rock,"british, indie, indie pop",United Kingdom
user_000022,Boat,Last Cans Of Paint,6,24,30,2009-01-01T00:00:00+00:00,2009-01-31T00:00:00+00:00,2006,japanese,"indie, indie pop, post-rock",United States
user_000022,Grapefruit,Another Game,15,24,30,2009-01-01T00:00:00+00:00,2009-01-31T00:00:00+00:00,2020,psychedelic,"Psychedelic Rock, 60s, baroque pop",United Kingdom
user_000022,Cats On Fire,Draw In The Reins,6,22,30,2009-01-01T00:00:00+00:00,2009-01-31T00:00:00+00:00,2006,indie pop,"finnish, indie, twee",Finland
user_000022,Team Turnip,I Want To Be Someone When I Die,8,21,30,2009-01-01T00:00:00+00:00,2009-01-31T00:00:00+00:00,2002,Scottish,Scoots Catchy Recs,Japan
user_000023,Portishead,Roads,68,491,30,2009-01-01T00:00:00+00:00,2009-01-31T00:00:00+00:00,2008,trip-hop,"chillout, electronic, lush",United Kingdom
user_000023,Story One,Fatherland,33,299,30,2009-01-01T00:00:00+00:00,2009-01-31T00:00:00+00:00,2007,Broken Records,"5 cent theatre, number bands, rescue us",United States
user_000023,Massive Attack,False Flags,30,137,30,2009-01-01T00:00:00+00:00,2009-01-31T00:00:00+00:00,2006,trip-hop,"electronic, chillout, downtempo",United Kingdom
user_000023,Nine Inch Nails,"1,000,000 (Live)",11,133,30,2009-01-01T00:00:00+00:00,2009-01-31T00:00:00+00:00,2008,industrial,"industrial rock, electronic, alternative",United States
user_000023,Clint Mansell,Lux Aeterna,74,114,30,2009-01-01T00:00:00+00:00,2009-01-31T00:00:00+00:00,2009,instrumental,"ambient, electronic, Classical",United Kingdom
user_000023,Depeche Mode,Breathe,18,96,30,2009-01-01T00:00:00+00:00,2009-01-31T00:00:00+00:00,2001,electronic,"new wave, synthpop, synth pop",United Kingdom
user_000023,Unkle,Burn My Shadow,25,66,30,2009-01-01T00:00:00+00:00,2009-01-31T00:00:00+00:00,2017,trip-hop,"electronic, downtempo, alternative",United Kingdom
user_000023,Akira Yamaoka,Rain Of Brass Petals (Three Voices Edit),10,45,30,2009-01-01T00:00:00+00:00,2009-01-31T00:00:00+00:00,2003,ambient,"japanese, video game music, Silent Hill",Japan
user_000023,Charlie Clouser,Hello Zepp,27,39,30,2009-01-01T00:00:00+00:00,2009-01-31T00:00:00+00:00,2004,industrial,"electronic, instrumental, ambient",United States
user_000023,Chris Vrenna,Taking Tea In Dreamland,7,32,30,2009-01-01T00:00:00+00:00,2009-01-31T00:00:00+00:00,2001,dark ambient,"electronic, industrial, experimental",United States
user_000023,Ladytron,Versus,11,31,30,2009-01-01T00:00:00+00:00,2009-01-31T00:00:00+00:00,2008,electronic,"Electroclash, synthpop, electropop",United Kingdom
user_000023,Lovage,Sex (I'M A),29,31,30,2009-01-01T00:00:00+00:00,2009-01-31T00:00:00+00:00,2002,trip-hop,"downtempo, electronic, chillout",United States
user_000023,A Perfect Circle,Imagine,6,25,30,2009-01-01T00:00:00+00:00,2009-01-31T00:00:00+00:00,2004,alternative rock,"Progressive rock, alternative, rock",United States
user_000023,Rammstein,Amour,19,21,30,2009-01-01T00:00:00+00:00,2009-01-31T00:00:00+00:00,2004,industrial metal,"metal, german, industrial",Germany
user_000023,Linkin Park,Breaking The Habit,18,19,30,2009-01-01T00:00:00+00:00,2009-01-31T00:00:00+00:00,2007,rock,"alternative rock, Nu Metal, alternative",United States
user_000024,Rogue Wave,Chicago X 12,1,4,30,2009-01-01T00:00:00+00:00,2009-01-31T00:00:00+00:00,2008,indie,"indie rock, indie pop, alternative",United States
user_000024,Ambulance Ltd,Heavy Lifting,1,3,30,2009-01-01T00:00:00+00:00,2009-01-31T00:00:00+00:00,2004,indie rock,"indie, alternative, rock",United States
user_000024,Andrew Bird,Heretics,1,3,30,2009-01-01T00:00:00+00:00,2009-01-31T00:00:00+00:00,2007,folk,"singer-songwriter, indie, indie pop",United States
user_000024,Death Cab For Cutie,Death Of An Interior Decorator,1,3,30,2009-01-01T00:00:00+00:00,2009-01-31T00:00:00+00:00,2003,indie,"indie rock, alternative, rock",United States
user_000024,French Kicks,Knee High,1,3,30,2009-01-01T00:00:00+00:00,2009-01-31T00:00:00+00:00,2022,indie rock,"indie, indie pop, post-punk",United States
user_000024,Guster,All The Way Up To Heaven,1,3,30,2009-01-01T00:00:00+00:00,2009-01-31T00:00:00+00:00,2004,indie,"alternative, alternative rock, indie rock",United States
user_000024,Pete Yorn,How Do You Go On?,1,3,30,2009-01-01T00:00:00+00:00,2009-01-31T00:00:00+00:00,2006,singer-songwriter,"indie, alternative, rock",United States
user_000024,Pinback,Afk,1,3,30,2009-01-01T00:00:00+00:00,2009-01-31T00:00:00+00:00,2004,indie rock,"indie, alternative, indie pop",United States
user_000024,Someone Still Loves You Boris Yeltsin,Anna Lee,1,3,30,2009-01-01T00:00:00+00:00,2009-01-31T00:00:00+00:00,2005,indie,"indie pop, indie rock, Lo-Fi",United States
user_000024,The Shins,A Comet Appears,1,3,30,2009-01-01T00:00:00+00:00,2009-01-31T00:00:00+00:00,2007,indie,"indie rock, indie pop, alternative",United Kingdom
user_000024,Apostle Of Hustle,Cheap Like Sebastien,1,2,30,2009-01-01T00:00:00+00:00,2009-01-31T00:00:00+00:00,2007,Canadian,"indie rock, indie, experimental",Canada
user_000024,Ben Kweller,In Other Words,1,2,30,2009-01-01T00:00:00+00:00,2009-01-31T00:00:00+00:00,2000,indie,"singer-songwriter, indie rock, indie pop",United States
user_000024,Built To Spill,Carry The Zero,1,2,30,2009-01-01T00:00:00+00:00,2009-01-31T00:00:00+00:00,2001,indie rock,"indie, amazing, rock",United States
user_000024,Fleet Foxes,He Doesn'T Know Why,1,2,30,2009-01-01T00:00:00+00:00,2009-01-31T00:00:00+00:00,2024,folk,"indie, folk rock, indie rock",United States
user_000024,Iron & Wine,Such Great Heights,1,2,30,2009-01-01T00:00:00+00:00,2009-01-31T00:00:00+00:00,2007,folk,"indie, singer-songwriter, acoustic",United States
user_000025,Rjd2,Supahero,14,93,30,2009-01-01T00:00:00+00:00,2009-01-31T00:00:00+00:00,2006,Hip-Hop,"electronic, trip-hop, electronica",United States
user_000025,Nickel Eye,Back From Exile,10,21,30,2009-01-01T00:00:00+00:00,2009-01-31T00:00:00+00:00,2009,indie rock,"indie, singer-songwriter, folk",United States
user_000025,The Strokes,Automatic Stop,3,18,30,2009-01-01T00:00:00+00:00,2009-01-31T00:00:00+00:00,2004,indie rock,"indie, rock, alternative",United Kingdom
user_000025,Daft Punk,Da Funk,7,14,30,2009-01-01T00:00:00+00:00,2009-01-31T00:00:00+00:00,2019,electronic,"poptron, House, dance",France
user_000025,Jan Johansson,Visa Frֳ¥n Utanmyra,5,14,30,2009-01-01T00:00:00+00:00,2009-01-31T00:00:00+00:00,2005,jazz,"piano, swedish, folk",Sweden
user_000025,Bloc Party,Ares,5,10,30,2009-01-01T00:00:00+00:00,2009-01-31T00:00:00+00:00,2008,indie,"indie rock, british, alternative",United Kingdom
user_000025,Milburn,Lipstick Licking,5,9,30,2009-01-01T00:00:00+00:00,2009-01-31T00:00:00+00:00,2006,indie rock,"indie, british, rock",United States
user_000025,Otis Redding,(Sittin' On) The Dock Of The Bay,6,8,30,2009-01-01T00:00:00+00:00,2009-01-31T00:00:00+00:00,1993,soul,"7soul, 60s, oldies",United States
user_000025,Jedi Mind Tricks,Walk With Me,2,7,30,2009-01-01T00:00:00+00:00,2009-01-31T00:00:00+00:00,2004,Hip-Hop,"underground hip-hop, rap, hip hop",United States
user_000025,Blind Melon,Harmful Belly,2,4,30,2009-01-01T00:00:00+00:00,2009-01-31T00:00:00+00:00,2008,Grunge,"alternative rock, rock, 90s",United States
user_000025,Queens Of The Stone Age,3'S & 7'S,1,4,30,2009-01-01T00:00:00+00:00,2009-01-31T00:00:00+00:00,2007,Stoner Rock,"alternative rock, rock, hard rock",United States
user_000025,Steely Dan,Kings,4,4,30,2009-01-01T00:00:00+00:00,2009-01-31T00:00:00+00:00,1972,Jazz Rock,"classic rock, rock, 70s",United States
user_000025,The Streets,Memento Mori,2,4,30,2009-01-01T00:00:00+00:00,2009-01-31T00:00:00+00:00,2006,Hip-Hop,"british, rap, indie",United Kingdom
user_000025,The Libertines,10-The_Libertines_-_What_Katie_Did-Ysp,2,3,30,2009-01-01T00:00:00+00:00,2009-01-31T00:00:00+00:00,2010,indie rock,"british, indie, rock",United Kingdom
user_000025,Vic Ruggiero,A Lovely Beginning,3,3,30,2009-01-01T00:00:00+00:00,2009-01-31T00:00:00+00:00,2008,ska,"acoustic, Need to Rate, singer-songwriter",United States
user_000029,The Airborne Toxic Event,Sometime Around Midnight,14,128,30,2009-01-01T00:00:00+00:00,2009-01-31T00:00:00+00:00,2023,indie rock,"indie, rock, american",United States
user_000029,Swervedriver,Andalucia,8,104,30,2009-01-01T00:00:00+00:00,2009-01-31T00:00:00+00:00,1994,shoegaze,"indie rock, alternative, indie",United Kingdom
user_000029,The Verve,Love Is Noise,5,99,30,2009-01-01T00:00:00+00:00,2009-01-31T00:00:00+00:00,2008,britpop,"rock, alternative, british",United Kingdom
user_000029,Elbow,An Audience With The Pope,9,95,30,2009-01-01T00:00:00+00:00,2009-01-31T00:00:00+00:00,2008,indie,"alternative, indie rock, britpop",United Kingdom
user_000029,A. R. Rahman,Ringa Ringa,10,59,30,2009-01-01T00:00:00+00:00,2009-01-31T00:00:00+00:00,2008,Indian,"bollywood, Hindi, A R Rahman",India
user_000029,Death Cab For Cutie,A Lack Of Color,3,33,30,2009-01-01T00:00:00+00:00,2009-01-31T00:00:00+00:00,2003,indie,"indie rock, alternative, rock",United States
user_000029,Voyager One,Bedbugs And Ballyhoo,3,33,30,2009-01-01T00:00:00+00:00,2009-01-31T00:00:00+00:00,2002,shoegaze,"dream pop, indie rock, seattle",Australia
user_000029,Marjorie Fair,Please Don'T,3,24,30,2009-01-01T00:00:00+00:00,2009-01-31T00:00:00+00:00,2004,indie rock,"indie, rock, indie pop",United States
user_000029,M.I.A.,Paper Planes,12,23,30,2009-01-01T00:00:00+00:00,2009-01-31T00:00:00+00:00,2009,Hip-Hop,"electronic, dance, british",Italy
user_000029,Doves,A House,1,18,30,2009-01-01T00:00:00+00:00,2009-01-31T00:00:00+00:00,2001,indie,"indie rock, britpop, alternative",United Kingdom
user_000029,Blur,Badhead,1,14,30,2009-01-01T00:00:00+00:00,2009-01-31T00:00:00+00:00,1997,britpop,"rock, indie, british",United Kingdom
user_000029,I Love You But I'Ve Chosen Darkness,According To Plan,1,11,30,2009-01-01T00:00:00+00:00,2009-01-31T00:00:00+00:00,2006,post-punk,"indie, indie rock, post-rock",United States
user_000029,Scubadevils,Celestial Symphony,9,9,30,2009-01-01T00:00:00+00:00,2009-01-31T00:00:00+00:00,1993,,,China
user_000029,A. R. Rahman & M.I.A.,O... Saya,7,7,30,2009-01-01T00:00:00+00:00,2009-01-31T00:00:00+00:00,2008,,,India
user_000029,Fatboy Slim,The Rockafeller Skank,3,5,30,2009-01-01T00:00:00+00:00,2009-01-31T00:00:00+00:00,2012,electronic,"big beat, dance, House",United Kingdom
user_000030,The Whitest Boy Alive,High On The Heels,25,207,30,2009-01-01T00:00:00+00:00,2009-01-31T00:00:00+00:00,2009,indie,"electronic, indie pop, norwegian",Germany
user_000030,Andrew Bird,Oh No,16,202,30,2009-01-01T00:00:00+00:00,2009-01-31T00:00:00+00:00,2015,folk,"singer-songwriter, indie, indie pop",United States
user_000030,Animal Collective,Summertime Clothes,24,172,30,2009-01-01T00:00:00+00:00,2009-01-31T00:00:00+00:00,2009,experimental,"indie, freak folk, folk",United States
user_000030,The Fall,The Mixer,17,77,30,2009-01-01T00:00:00+00:00,2009-01-31T00:00:00+00:00,2003,post-punk,"new wave, punk, alternative",United Kingdom
user_000030,Asobi Seksu,Blind Little Rain,9,71,30,2009-01-01T00:00:00+00:00,2009-01-31T00:00:00+00:00,2009,shoegaze,"dream pop, indie, female vocalists",United States
user_000030,Why?,By Torpedo Or Crohn'S,4,51,30,2009-01-01T00:00:00+00:00,2009-01-31T00:00:00+00:00,2007,indie,"Hip-Hop, experimental, indie rock",United States
user_000030,Jay Reatard,Another Person,5,47,30,2009-01-01T00:00:00+00:00,2009-01-31T00:00:00+00:00,2007,Garage Punk,"punk, Garage Rock, Lo-Fi",United States
user_000030,Franz Ferdinand,Bite Hard,5,45,30,2009-01-01T00:00:00+00:00,2009-01-31T00:00:00+00:00,2009,indie rock,"indie, rock, alternative",Austria
user_000030,Bernard Herrmann,The Forest,4,36,30,2009-01-01T00:00:00+00:00,2009-01-31T00:00:00+00:00,1995,instrumental,"composer, film music, Classical",United States
user_000030,New Order,Ceremony,2,35,30,2009-01-01T00:00:00+00:00,2009-01-31T00:00:00+00:00,2011,new wave,"80s, post-punk, electronic",United Kingdom
user_000030,The Stooges,Gimme Danger,5,31,30,2009-01-01T00:00:00+00:00,2009-01-31T00:00:00+00:00,1988,proto-punk,"Garage Rock, punk, punk rock",United Kingdom
user_000030,Hawkwind,Master Of The Universe,9,29,30,2009-01-01T00:00:00+00:00,2009-01-31T00:00:00+00:00,1980,space rock,"Psychedelic Rock, Progressive rock, psychedelic",United Kingdom
user_000030,Aidan Baker & Tim Hecker,Dream Of The Nightmare,4,24,30,2009-01-01T00:00:00+00:00,2009-01-31T00:00:00+00:00,2008,ambient,"drone, noise, experimental",Germany
user_000030,Portishead,It Could Be Sweet,2,24,30,2009-01-01T00:00:00+00:00,2009-01-31T00:00:00+00:00,1994,trip-hop,"lush, chillout, electronic",United Kingdom
user_000030,Blur,Best Days,3,23,30,2009-01-01T00:00:00+00:00,2009-01-31T00:00:00+00:00,2000,britpop,"rock, indie, british",United Kingdom
user_000031,Sleater-Kinney,Combat Rock,1,26,30,2009-01-01T00:00:00+00:00,2009-01-31T00:00:00+00:00,2002,riot grrrl,"indie rock, female vocalists, indie",United States
user_000031,Shriekback,A Kind Of Fascination,1,24,30,2009-01-01T00:00:00+00:00,2009-01-31T00:00:00+00:00,2015,new wave,"post-punk, alternative, 80s",United Kingdom
user_000031,Xtc,Ball And Chain,1,20,30,2009-01-01T00:00:00+00:00,2009-01-31T00:00:00+00:00,1994,new wave,"post-punk, 80s, pop",United Kingdom
user_000031,Soul Coughing,Blueeyed Devil,1,19,30,2009-01-01T00:00:00+00:00,2009-01-31T00:00:00+00:00,1994,alternative,"alternative rock, indie, rock",United States
user_000031,Spearhead,100.000 Miles,1,19,30,2009-01-01T00:00:00+00:00,2009-01-31T00:00:00+00:00,1995,death metal,"black metal, Hip-Hop, reggae",United States
user_000031,John Barbirolli: Hallֳ© Orchestra,"Elgar: Variations On An Original Theme, Op. 36, ""Enigma"" - 14. Romanza: ***",2,15,30,2009-01-01T00:00:00+00:00,2009-01-31T00:00:00+00:00,2020,,,United Kingdom
user_000031,Sequentia,Instrumental Interlude,3,15,30,2009-01-01T00:00:00+00:00,2009-01-31T00:00:00+00:00,2002,medieval,"early music, Classical, trance",Germany
user_000031,The Weakerthans,One Great City!,2,15,30,2009-01-01T00:00:00+00:00,2009-01-31T00:00:00+00:00,2010,indie rock,"Canadian, indie, alternative",United Kingdom
user_000031,The The,Dogs Of Lust,1,12,30,2009-01-01T00:00:00+00:00,2009-01-31T00:00:00+00:00,2010,new wave,"post-punk, alternative, 80s",United Kingdom
user_000031,The Tourists,Angels And Demons,1,10,30,2009-01-01T00:00:00+00:00,2009-01-31T00:00:00+00:00,1980,new wave,"80s, british, pop",United Kingdom
user_000031,Michael Franti & Spearhead,Radio Segment,4,9,30,2009-01-01T00:00:00+00:00,2009-01-31T00:00:00+00:00,2001,reggae,"Hip-Hop, funk, political",United States
user_000031,Stevie Wonder,All In Love Is Fair,1,9,30,2009-01-01T00:00:00+00:00,2009-01-31T00:00:00+00:00,1973,soul,"funk, motown, pop",United States
user_000031,"Victoria De Los Angeles, Dietrich Fischer-Dieskau; Andrֳ© Cluytens: Orchestre De La Societֳ© Des Concerts Du Conservatoire, Elizabeth Brasseur Chorus","Faurֳ©: Requiem, Op. 48 - 1. Introit & Kyrie",1,7,30,2009-01-01T00:00:00+00:00,2009-01-31T00:00:00+00:00,2010,,,Germany
user_000031,Chicago Public Radio,Sound Opinions Presents Our Mixtapes For 2008,2,6,30,2009-01-01T00:00:00+00:00,2009-01-31T00:00:00+00:00,2008,podcast,"public radio, this american life, npr",Armenia
user_000031,This Bike Is A Pipe Bomb,Dok 22 - R.O.D.A.D.,1,4,30,2009-01-01T00:00:00+00:00,2009-01-31T00:00:00+00:00,1999,folk punk,"punk, folk, plan-it-x",United States
user_000033,Damien Rice,9 Crimes,21,272,30,2009-01-01T00:00:00+00:00,2009-01-31T00:00:00+00:00,2016,singer-songwriter,"acoustic, folk, indie",Ireland
user_000033,Acidman,I Stand Free,13,202,30,2009-01-01T00:00:00+00:00,2009-01-31T00:00:00+00:00,2008,J-rock,"japanese, rock, alternative",Japan
user_000033,Dir En Grey,Red Soil,22,161,30,2009-01-01T00:00:00+00:00,2009-01-31T00:00:00+00:00,2010,J-rock,"visual kei, japanese, metal",Japan
user_000033,Skin,Nothing But,24,158,30,2009-01-01T00:00:00+00:00,2009-01-31T00:00:00+00:00,2006,rock,"female vocalists, alternative rock, alternative",United Kingdom
user_000033,Amanda Palmer,Another Year,10,76,30,2009-01-01T00:00:00+00:00,2009-01-31T00:00:00+00:00,2009,punk cabaret,"female vocalists, singer-songwriter, piano",United States
user_000033,Radiohead,Karma Police,15,74,30,2009-01-01T00:00:00+00:00,2009-01-31T00:00:00+00:00,1997,alternative,"alternative rock, rock, indie",United Kingdom
user_000033,Lisa Hannigan,An Ocean And A Rock,7,70,30,2009-01-01T00:00:00+00:00,2009-01-31T00:00:00+00:00,2009,folk,"female vocalists, singer-songwriter, irish",Ireland
user_000033,Serj Tankian,Empty Walls,9,35,30,2009-01-01T00:00:00+00:00,2009-01-31T00:00:00+00:00,2007,alternative metal,"alternative rock, alternative, rock",Ukraine
user_000033,Danny Elfman,05 - Beautiful New World,2,30,30,2009-01-01T00:00:00+00:00,2009-01-31T00:00:00+00:00,1997,instrumental,"composer, Classical, american",United States
user_000033,The Babys,Anarchy In The Kobayashi,3,30,30,2009-01-01T00:00:00+00:00,2009-01-31T00:00:00+00:00,2005,classic rock,"rock, 70s, hard rock",United Kingdom
user_000033,Origa,Inner Universe,4,29,30,2009-01-01T00:00:00+00:00,2009-01-31T00:00:00+00:00,2003,russian,"female vocalists, anime, japanese",Japan
user_000033,Skunk Anansie,Killers' War,2,17,30,2009-01-01T00:00:00+00:00,2009-01-31T00:00:00+00:00,1995,rock,"alternative rock, female vocalists, alternative",United Kingdom
user_000033,Soundtrack,Finish It,2,17,30,2009-01-01T00:00:00+00:00,2009-01-31T00:00:00+00:00,1989,,,United States
user_000033,Ed Harcourt,Braille,14,14,30,2009-01-01T00:00:00+00:00,2009-01-31T00:00:00+00:00,2006,singer-songwriter,"indie, british, alternative",United Kingdom
user_000033,Akira Senju Feat. Origa,Kurano Sontse,4,12,30,2009-01-01T00:00:00+00:00,2009-01-31T00:00:00+00:00,2004,japanese,"russian, anime",Japan
user_000035,Vince Watson,Sublimina (Decryption),3,31,30,2009-01-01T00:00:00+00:00,2009-01-31T00:00:00+00:00,2006,techno,"detroit techno, electronic, tech house",Netherlands
user_000035,Hystereo,Winters In The City,8,26,30,2009-01-01T00:00:00+00:00,2009-01-31T00:00:00+00:00,2004,electronic,"Disco, french house, House",Ireland
user_000035,Perfume,Take Me Take Me,2,19,30,2009-01-01T00:00:00+00:00,2009-01-31T00:00:00+00:00,2008,j-pop,"electronic, japanese, techno",Japan
user_000035,Ken Ishii,Awakening,2,18,30,2009-01-01T00:00:00+00:00,2009-01-31T00:00:00+00:00,2002,techno,"electronic, japanese, japan",Japan
user_000035,Acclaim,"Anville, Breakers",2,14,30,2009-01-01T00:00:00+00:00,2009-01-31T00:00:00+00:00,2017,electronic,"techno, hard rock, heavy metal",France
user_000035,Filter,Take A Picture,4,14,30,2009-01-01T00:00:00+00:00,2009-01-31T00:00:00+00:00,2000,alternative rock,"industrial rock, rock, alternative",United States
user_000035,"Soil & ""Pimp"" Sessions",Crush!,1,14,30,2009-01-01T00:00:00+00:00,2009-01-31T00:00:00+00:00,2007,jazz,"japanese, nu jazz, funk",Japan
user_000035,Sally Shapiro,Hold Me So Tight,4,13,30,2009-01-01T00:00:00+00:00,2009-01-31T00:00:00+00:00,2008,synthpop,"electronic, Italo Disco, swedish",Sweden
user_000035,Drip-Dry Eyes,Alien,1,12,30,2009-01-01T00:00:00+00:00,2009-01-31T00:00:00+00:00,2018,electronic,"ambient, idm, japanese",United States
user_000035,Elektel,Better Sound For Better Kindness,1,11,30,2009-01-01T00:00:00+00:00,2009-01-31T00:00:00+00:00,2002,All,"electronica, lounge, shibuya-kei",Japan
user_000035,Keiichi Ueno,Baby Weapon Feat.Kajil Fly Away To India(Chandrayaan-7 Mix),2,11,30,2009-01-01T00:00:00+00:00,2009-01-31T00:00:00+00:00,2005,,,Germany
user_000035,Qua,Devil Eyes,1,11,30,2009-01-01T00:00:00+00:00,2009-01-31T00:00:00+00:00,2004,electronic,"folktronica, electronica, idm",Australia
user_000035,Ural 13 Diktators,Disko Kings,1,10,30,2009-01-01T00:00:00+00:00,2009-01-31T00:00:00+00:00,2001,techno,"electro, finnish, electronic",Finland
user_000035,Al Ferox & The Hacker,Dead Zone (Al Ferox Remix),3,7,30,2009-01-01T00:00:00+00:00,2009-01-31T00:00:00+00:00,2001,,,United Kingdom
user_000035,Beastie Boys,Body Movin',1,7,30,2009-01-01T00:00:00+00:00,2009-01-31T00:00:00+00:00,1998,Hip-Hop,"rap, alternative, hip hop",United States
user_000036,The Knife,Like A Pen,4,44,30,2009-01-01T00:00:00+00:00,2009-01-31T00:00:00+00:00,2017,electronic,"synthpop, swedish, electronica",United Kingdom
user_000036,Tool,Eon Blue Apocalypse,2,19,30,2009-01-01T00:00:00+00:00,2009-01-31T00:00:00+00:00,2020,Progressive metal,"Progressive rock, alternative, metal",United States
user_000036,Dead Kennedys,Holiday In Cambodia,2,17,30,2009-01-01T00:00:00+00:00,2009-01-31T00:00:00+00:00,2015,punk,"hardcore punk, punk rock, hardcore",United States
user_000036,Los Tres,Antes,2,17,30,2009-01-01T00:00:00+00:00,2009-01-31T00:00:00+00:00,1997,rock chileno,"rock, chile, Rock en Espanol",Chile
user_000036,Inxs,Baby Don'T Cry,1,16,30,2009-01-01T00:00:00+00:00,2009-01-31T00:00:00+00:00,2000,rock,"new wave, 80s, australian",Australia
user_000036,Muse,Cave,3,14,30,2009-01-01T00:00:00+00:00,2009-01-31T00:00:00+00:00,2000,alternative rock,"rock, Progressive rock, alternative",United Kingdom
user_000036,Pixies,Crackity Jones,1,12,30,2009-01-01T00:00:00+00:00,2009-01-31T00:00:00+00:00,2017,alternative rock,"alternative, indie, indie rock",United States
user_000036,Pֳ¡nico,Doble Visiֳ³n,1,12,30,2009-01-01T00:00:00+00:00,2009-01-31T00:00:00+00:00,2001,indie,"ecuador, rock, electronic",Chile
user_000036,The Eighties Matchbox B-Line Disaster,Drunk On The Blood,1,12,30,2009-01-01T00:00:00+00:00,2009-01-31T00:00:00+00:00,2004,psychobilly,"Garage Rock, rock, alternative",United Kingdom
user_000036,Interpol,Hands Away,1,11,30,2009-01-01T00:00:00+00:00,2009-01-31T00:00:00+00:00,2003,post-punk,"indie rock, indie, alternative",United States
user_000036,Kaizers Orchestra,Bak Et Halleluja,1,11,30,2009-01-01T00:00:00+00:00,2009-01-31T00:00:00+00:00,2001,norwegian,"alternative rock, rock, alternative",Norway
user_000036,Marnie Stern,Clone Cycle,1,11,30,2009-01-01T00:00:00+00:00,2009-01-31T00:00:00+00:00,2008,math rock,"experimental, noise rock, indie rock",United States
user_000036,The Coral,Bad Man,1,11,30,2009-01-01T00:00:00+00:00,2009-01-31T00:00:00+00:00,1998,indie,"indie rock, british, britpop",United Kingdom
user_000036,Calle 13,La Cumbia De Los Aburridos,2,8,30,2009-01-01T00:00:00+00:00,2009-01-31T00:00:00+00:00,2007,latin,"Reggaeton, hip hop, Hip-Hop",Puerto Rico
user_000036,Cat Power,Could We,1,7,30,2009-01-01T00:00:00+00:00,2009-01-31T00:00:00+00:00,2017,indie,"female vocalists, singer-songwriter, folk",United States
user_000037,Monsieur Minimal,Love Story,82,261,30,2009-01-01T00:00:00+00:00,2009-01-31T00:00:00+00:00,2008,indie,"electronic, electronica, experimental",Greece
user_000037,Tom Baxter,A Night Like This,7,53,30,2009-01-01T00:00:00+00:00,2009-01-31T00:00:00+00:00,2008,singer-songwriter,"acoustic, indie, male vocalists",United States
user_000037,Dominique A,Monochrome,19,47,30,2009-01-01T00:00:00+00:00,2009-01-31T00:00:00+00:00,1999,french,"chanson francaise, singer-songwriter, indie",France
user_000037,Antony And The Johnsons,Cripple And The Starfish,3,33,30,2009-01-01T00:00:00+00:00,2009-01-31T00:00:00+00:00,2000,singer-songwriter,"chamber pop, indie, alternative",United Kingdom
user_000037,Billy Mackenzie,Beyond The Sun,3,33,30,2009-01-01T00:00:00+00:00,2009-01-31T00:00:00+00:00,1997,pop,"new wave, Scottish, 80s",United States
user_000037,Ida Maria,Keep Me Warm,25,25,30,2009-01-01T00:00:00+00:00,2009-01-31T00:00:00+00:00,2008,indie,"female vocalists, indie rock, norwegian",Norway
user_000037,Portishead,Hunter,2,23,30,2009-01-01T00:00:00+00:00,2009-01-31T00:00:00+00:00,2008,trip-hop,"electronic, female vocalists, chillout",United Kingdom
user_000037,Chris Garneau,Black & Blue,3,21,30,2009-01-01T00:00:00+00:00,2009-01-31T00:00:00+00:00,2010,singer-songwriter,"indie, piano, indie pop",United States
user_000037,Mikael Delta,Beautiful Life,2,20,30,2009-01-01T00:00:00+00:00,2009-01-31T00:00:00+00:00,2003,ambient,"electronic, Greek, deep house",Greece
user_000037,Yoav,Beautiful Lie,10,20,30,2009-01-01T00:00:00+00:00,2009-01-31T00:00:00+00:00,2007,indie,"acoustic, electronic, alternative",United States
user_000037,Morrissey,That'S How People Grow Up,3,19,30,2009-01-01T00:00:00+00:00,2009-01-31T00:00:00+00:00,2009,indie,"british, alternative, rock",United Kingdom
user_000037,Luigi Tenco,Ho Capito Che Ti Amo,11,18,30,2009-01-01T00:00:00+00:00,2009-01-31T00:00:00+00:00,2022,italian,"singer-songwriter, 60s, cantautori",Italy
user_000037,Pet Shop Boys,It'S A Sin,2,16,30,2009-01-01T00:00:00+00:00,2009-01-31T00:00:00+00:00,2018,synthpop,"electronic, pop, 80s",United Kingdom
user_000037,Pulp,I Spy,6,16,30,2009-01-01T00:00:00+00:00,2009-01-31T00:00:00+00:00,1995,britpop,"indie, british, alternative",United Kingdom
user_000037,Goldfrapp,Clowns,3,14,30,2009-01-01T00:00:00+00:00,2009-01-31T00:00:00+00:00,2008,electronic,"trip-hop, female vocalists, dance",United Kingdom
user_000038,Suicide Commando,Under God'S Eye,11,303,30,2009-01-01T00:00:00+00:00,2009-01-31T00:00:00+00:00,1994,ebm,"industrial, dark electro, electronic",Belgium
user_000038,Agonoize,Circle Of Death,4,139,30,2009-01-01T00:00:00+00:00,2009-01-31T00:00:00+00:00,2005,ebm,"dark electro, industrial, Aggrotech",Germany
user_000038,Combichrist,5Am (After Party),3,53,30,2009-01-01T00:00:00+00:00,2009-01-31T00:00:00+00:00,2007,industrial,"ebm, dark electro, electronic",Norway
user_000038,Panzer Ag,Battlefield,2,30,30,2009-01-01T00:00:00+00:00,2009-01-31T00:00:00+00:00,2004,industrial,"ebm, Aggrotech, dark electro",Norway
user_000038,Decoded Feedback,06 Fear,1,26,30,2009-01-01T00:00:00+00:00,2009-01-31T00:00:00+00:00,1994,ebm,"dark electro, industrial, electro-industrial",Canada
user_000038,Diary Of Dreams,Allone,2,26,30,2009-01-01T00:00:00+00:00,2009-01-31T00:00:00+00:00,2007,darkwave,"Gothic, electronic, industrial",Germany
user_000038,Front Line Assembly,Armageddon,2,24,30,2009-01-01T00:00:00+00:00,2009-01-31T00:00:00+00:00,2007,industrial,"ebm, electro-industrial, electronic",Canada
user_000038,Tactical Sekt,4 Steps To Dysfunction,1,24,30,2009-01-01T00:00:00+00:00,2009-01-31T00:00:00+00:00,2008,dark electro,"ebm, industrial, Harsh EBM",United States
user_000038,Assemblage 23,Binary,2,20,30,2009-01-01T00:00:00+00:00,2009-01-31T00:00:00+00:00,2012,ebm,"futurepop, synthpop, industrial",United States
user_000038,Grendel,Void Malign,3,20,30,2009-01-01T00:00:00+00:00,2009-01-31T00:00:00+00:00,2007,ebm,"dark electro, industrial, Harsh EBM",Netherlands
user_000038,Xotox,Czarny Las,1,20,30,2009-01-01T00:00:00+00:00,2009-01-31T00:00:00+00:00,2008,industrial,"powernoise, Rhythmic Noise, noise",Germany
user_000038,Cyberhell,Acid Guitar,1,18,30,2009-01-01T00:00:00+00:00,2009-01-31T00:00:00+00:00,1987,electronic,"dance, industrial, experimental",Brazil
user_000038,Birmingham 6,All Around The Watchtower,1,16,30,2009-01-01T00:00:00+00:00,2009-01-31T00:00:00+00:00,1999,ebm,"industrial, electro-industrial, industrial rock",Denmark
user_000038,Aֳ¯boforcen,Chaos - Insect,1,13,30,2009-01-01T00:00:00+00:00,2009-01-31T00:00:00+00:00,2004,ebm,"futurepop, industrial, electronic",Belgium
user_000038,Mad Crazy,Ataka Razuma,2,13,30,2009-01-01T00:00:00+00:00,2009-01-31T00:00:00+00:00,2010,,,United States
user_000040,Frittenbude,Hildegard,16,145,30,2009-01-01T00:00:00+00:00,2009-01-31T00:00:00+00:00,2008,electropunk,"electronic, german, electro",Germany
user_000040,The Last Shadow Puppets,Separate And Ever Deadly,4,25,30,2009-01-01T00:00:00+00:00,2009-01-31T00:00:00+00:00,2008,indie,"british, indie rock, alternative",United Kingdom
user_000040,Bang Gang,Find What You Get,12,17,30,2009-01-01T00:00:00+00:00,2009-01-31T00:00:00+00:00,2006,trip-hop,"icelandic, electronic, indie",United States
user_000040,Mgmt,Kids,9,16,30,2009-01-01T00:00:00+00:00,2009-01-31T00:00:00+00:00,2009,electronic,"indie, alternative, dance",United States
user_000040,The Whitest Boy Alive,Burning,4,16,30,2009-01-01T00:00:00+00:00,2009-01-31T00:00:00+00:00,2006,indie,"electronic, indie pop, norwegian",Germany
user_000040,Elliott Smith,A Distorted Reality Is Now A Necessity To Be Free,1,15,30,2009-01-01T00:00:00+00:00,2009-01-31T00:00:00+00:00,2023,singer-songwriter,"folk, indie, acoustic",United States
user_000040,Interpol,All Fired Up,2,14,30,2009-01-01T00:00:00+00:00,2009-01-31T00:00:00+00:00,2007,post-punk,"indie rock, indie, alternative",United States
user_000040,Tocotronic,Hi Freaks,3,14,30,2009-01-01T00:00:00+00:00,2009-01-31T00:00:00+00:00,2002,indie,"Hamburger Schule, german, alternative",Germany
user_000040,The Doors,Back Door Man,1,12,30,2009-01-01T00:00:00+00:00,2009-01-31T00:00:00+00:00,1990,classic rock,"Psychedelic Rock, rock, 60s",United States
user_000040,Saalschutz,Das Lied Mit Den Suggestivfragen,2,10,30,2009-01-01T00:00:00+00:00,2009-01-31T00:00:00+00:00,2006,electropunk,"electronic, electro, Electroclash",Switzerland
user_000040,Hadouken!,Crank It Up,1,9,30,2009-01-01T00:00:00+00:00,2009-01-31T00:00:00+00:00,2008,new rave,"electronic, indie, british",United Kingdom
user_000040,Sigur Rֳ³s,Flugufrelsarinn,1,9,30,2009-01-01T00:00:00+00:00,2009-01-31T00:00:00+00:00,2018,post-rock,"ambient, icelandic, alternative",Iceland
user_000040,Digitalism,Apollo-Gize (Final Mix),1,8,30,2009-01-01T00:00:00+00:00,2009-01-31T00:00:00+00:00,2008,electronic,"electro, dance, german",Germany
user_000040,Josֳ© Gonzֳ¡lez,How Low,2,8,30,2009-01-01T00:00:00+00:00,2009-01-31T00:00:00+00:00,2007,acoustic,"singer-songwriter, folk, indie",Sweden
user_000040,Justice,Stress,4,8,30,2009-01-01T00:00:00+00:00,2009-01-31T00:00:00+00:00,2013,electronic,"french, electro, dance",France
user_000041,Stromkern,Stand Up,3,10,30,2009-01-01T00:00:00+00:00,2009-01-31T00:00:00+00:00,2006,ebm,"industrial, synthpop, electronic",United States
user_000041,Vnv Nation,Firstlight,1,6,30,2009-01-01T00:00:00+00:00,2009-01-31T00:00:00+00:00,1999,futurepop,"ebm, electronic, industrial",Germany
user_000041,Enya,On Your Shore,2,5,30,2009-01-01T00:00:00+00:00,2009-01-31T00:00:00+00:00,1992,new age,"celtic, ambient, female vocalists",Ireland
user_000041,De/Vision,My Own Worst Enemy,3,4,30,2009-01-01T00:00:00+00:00,2009-01-31T00:00:00+00:00,2006,synthpop,"electronic, futurepop, ebm",Germany
user_000041,Evil'S Toy,Virtual State,4,4,30,2009-01-01T00:00:00+00:00,2009-01-31T00:00:00+00:00,2024,ebm,"synthpop, futurepop, electronic",United Kingdom
user_000041,Kent,Duett,1,4,30,2009-01-01T00:00:00+00:00,2009-01-31T00:00:00+00:00,2002,swedish,"rock, indie, alternative",Sweden
user_000041,Schmoof,Bubblegum,4,4,30,2009-01-01T00:00:00+00:00,2009-01-31T00:00:00+00:00,2007,synthpop,"electropop, frauen und technik, electronic",United Kingdom
user_000041,Slipknot,Snuff,3,4,30,2009-01-01T00:00:00+00:00,2009-01-31T00:00:00+00:00,2008,metal,"Nu Metal, Slipknot, beautiful",United States
user_000041,The Assembly,Life On Fire,1,4,30,2009-01-01T00:00:00+00:00,2009-01-31T00:00:00+00:00,2019,synthpop,"new wave, 80s, synth pop",United Kingdom
user_000041,The Crashlanders,Arbetarbarn,2,4,30,2009-01-01T00:00:00+00:00,2009-01-31T00:00:00+00:00,2011,synthpop,"swedish, electropop, synth pop",United Kingdom
user_000041,Colony 5,Closure,1,3,30,2009-01-01T00:00:00+00:00,2009-01-31T00:00:00+00:00,2008,futurepop,"synthpop, ebm, electronic",Sweden
user_000041,Heaven 17,(We Don'T Need This) Fascist Groove Thang,3,3,30,2009-01-01T00:00:00+00:00,2009-01-31T00:00:00+00:00,1999,new wave,"synthpop, 80s, new romantic",United Kingdom
user_000041,Infected Mushroom,Angel Jonatan,1,3,30,2009-01-01T00:00:00+00:00,2009-01-31T00:00:00+00:00,2002,psytrance,"electronic, psychedelic, trance",Israel
user_000041,Kin,Not Come Again,3,3,30,2009-01-01T00:00:00+00:00,2009-01-31T00:00:00+00:00,2009,electronic,"swedish, female vocalists, scandinavian",Germany
user_000041,Mahogany,Altima Futura Automaton,3,3,30,2009-01-01T00:00:00+00:00,2009-01-31T00:00:00+00:00,1997,dream pop,"shoegaze, indie, female vocalists",United States
user_000044,Within Temptation,In Perfect Harmony,13,273,30,2009-01-01T00:00:00+00:00,2009-01-31T00:00:00+00:00,2001,within temptation,"Gothic Metal, Female fronted metal, metal",Netherlands
user_000044,Deep Purple,Lady Double Dealer,7,76,30,2009-01-01T00:00:00+00:00,2009-01-31T00:00:00+00:00,1985,hard rock,"classic rock, rock, Progressive rock",United Kingdom
user_000044,Him,Killing Loneliness,9,49,30,2009-01-01T00:00:00+00:00,2009-01-31T00:00:00+00:00,2006,Love Metal,"Gothic Rock, rock, finnish",Finland
user_000044,Savage Garden,Affirmation,7,40,30,2009-01-01T00:00:00+00:00,2009-01-31T00:00:00+00:00,2000,pop,"90s, australian, rock",Australia
user_000044,Blind Guardian,Skalds And Shadows,8,38,30,2009-01-01T00:00:00+00:00,2009-01-31T00:00:00+00:00,2006,Power metal,"speed metal, heavy metal, symphonic metal",Germany
user_000044,Hammerfall,Always Will Be,11,37,30,2009-01-01T00:00:00+00:00,2009-01-31T00:00:00+00:00,2002,Power metal,"heavy metal, metal, swedish",Sweden
user_000044,Dragonforce,Above The Winter Moonlight,7,34,30,2009-01-01T00:00:00+00:00,2009-01-31T00:00:00+00:00,2004,Power metal,"speed metal, metal, Extreme Power Metal",United Kingdom
user_000044,Ensiferum,Tears,8,28,30,2009-01-01T00:00:00+00:00,2009-01-31T00:00:00+00:00,2017,folk metal,"viking metal, Melodic Death Metal, finnish",Finland
user_000044,Nightwish,The Islander,6,22,30,2009-01-01T00:00:00+00:00,2009-01-31T00:00:00+00:00,2011,symphonic metal,"Power metal, Gothic Metal, metal",Finland
user_000044,Apocalyptica,Bittersweet,11,19,30,2009-01-01T00:00:00+00:00,2009-01-31T00:00:00+00:00,2005,symphonic metal,"instrumental, metal, finnish",Finland
user_000044,Era,Enae Volare,5,19,30,2009-01-01T00:00:00+00:00,2009-01-31T00:00:00+00:00,2022,new age,"ambient, celtic, chillout",France
user_000044,Guns N' Roses,Knockin' On Heaven'S Door,6,19,30,2009-01-01T00:00:00+00:00,2009-01-31T00:00:00+00:00,2005,rock,"hard rock, classic rock, Guns N Roses",United States
user_000044,Blackmore'S Night,Hark The Herald Angels Sing / Come All Ye Faithful,5,18,30,2009-01-01T00:00:00+00:00,2009-01-31T00:00:00+00:00,2006,folk,"folk rock, medieval, celtic",United States
user_000044,Edguy,King Of Fools,5,18,30,2009-01-01T00:00:00+00:00,2009-01-31T00:00:00+00:00,2009,Power metal,"heavy metal, metal, german",Germany
user_000044,Lifehouse,Everything,11,18,30,2009-01-01T00:00:00+00:00,2009-01-31T00:00:00+00:00,2000,rock,"alternative rock, alternative, indie",United States
user_000046,Deadboy & The Elephantmen,"Stop, I'M Already Dead",5,28,30,2009-01-01T00:00:00+00:00,2009-01-31T00:00:00+00:00,2005,rock,"indie rock, alternative, dax riggs",United States
user_000046,Agents Of Oblivion,A Song That Crawls,2,19,30,2009-01-01T00:00:00+00:00,2009-01-31T00:00:00+00:00,2000,Stoner Rock,"Psychedelic Rock, doom metal, Sludge",Denmark
user_000046,Slint,Breadcrumb Trail,3,18,30,2009-01-01T00:00:00+00:00,2009-01-31T00:00:00+00:00,1990,post-rock,"math rock, indie rock, indie",United States
user_000046,Slipknot,Psychosocial,6,18,30,2009-01-01T00:00:00+00:00,2009-01-31T00:00:00+00:00,2017,metal,"Nu Metal, alternative metal, Slipknot",United States
user_000046,Pelican,A Delicate Sense Of Balance,3,16,30,2009-01-01T00:00:00+00:00,2009-01-31T00:00:00+00:00,2007,Post-Metal,"post-rock, instrumental, Sludge",United States
user_000046,Acid Bath,Bones Of Baby Dolls,2,15,30,2009-01-01T00:00:00+00:00,2009-01-31T00:00:00+00:00,1993,Sludge,"doom metal, sludge metal, stoner metal",United States
user_000046,Spiritual Beggars,Bad Karma,1,15,30,2009-01-01T00:00:00+00:00,2009-01-31T00:00:00+00:00,1998,Stoner Rock,"stoner metal, hard rock, stoner",Sweden
user_000046,Bob Dylan,Ain'T Talkin',1,10,30,2009-01-01T00:00:00+00:00,2009-01-31T00:00:00+00:00,,folk,"singer-songwriter, classic rock, folk rock",United States
user_000046,Burst,Flight'S End,1,9,30,2009-01-01T00:00:00+00:00,2009-01-31T00:00:00+00:00,2005,Progressive metal,"Sludge, metalcore, hardcore",Sweden
user_000046,John Frusciante,A Firm Kick,1,9,30,2009-01-01T00:00:00+00:00,2009-01-31T00:00:00+00:00,2004,experimental,"alternative, singer-songwriter, rock",United States
user_000046,Virus,Archives,1,9,30,2009-01-01T00:00:00+00:00,2009-01-31T00:00:00+00:00,2008,Avant-garde Metal,"Progressive metal, Avant-Garde, Progressive rock",Russian Federation
user_000046,Pantera,Living Through Me (Hell'S Wrath),2,8,30,2009-01-01T00:00:00+00:00,2009-01-31T00:00:00+00:00,1996,thrash metal,"groove metal, heavy metal, metal",Colombia
user_000046,Eyehategod,Anxiety Hangover,1,5,30,2009-01-01T00:00:00+00:00,2009-01-31T00:00:00+00:00,2011,Sludge,"doom metal, sludge metal, sludgecore",United States
user_000046,Skinny Puppy,Candle,1,5,30,2009-01-01T00:00:00+00:00,2009-01-31T00:00:00+00:00,1996,industrial,"electronic, ebm, experimental",Canada
user_000046,Swans,Better Than You,1,5,30,2009-01-01T00:00:00+00:00,2009-01-31T00:00:00+00:00,1991,post-punk,"industrial, experimental, noise rock",United States
user_000053,Yoanna,Ma Plume,2,11,30,2009-01-01T00:00:00+00:00,2009-01-31T00:00:00+00:00,2008,singer-songwriter,"chanson, accordion, funny",Switzerland
user_000053,N.E.R.D.,Anti Matter,1,10,30,2009-01-01T00:00:00+00:00,2009-01-31T00:00:00+00:00,2019,Hip-Hop,"rap, alternative, rock","Korea, Republic of"
user_000053,Kid Cudi,Is There Any Love? (Feat. Wale),6,7,30,2009-01-01T00:00:00+00:00,2009-01-31T00:00:00+00:00,2011,Hip-Hop,"rap, alternative rap, hip hop",United States
user_000053,Common,Be,1,6,30,2009-01-01T00:00:00+00:00,2009-01-31T00:00:00+00:00,2016,Hip-Hop,"rap, hip hop, soul",United States
user_000053,Madlib,#NAME?,3,6,30,2009-01-01T00:00:00+00:00,2009-01-31T00:00:00+00:00,2017,Hip-Hop,"jazz, funk, rap",United States
user_000053,Camp Lo,Sparkle,3,5,30,2009-01-01T00:00:00+00:00,2009-01-31T00:00:00+00:00,1997,Hip-Hop,"rap, underground hip-hop, hip hop",United States
user_000053,Little Brother,Morning,3,5,30,2009-01-01T00:00:00+00:00,2009-01-31T00:00:00+00:00,2021,Hip-Hop,"underground hip-hop, rap, hip hop",United States
user_000053,Bonobo,Hammond Pops,2,4,30,2009-01-01T00:00:00+00:00,2009-01-31T00:00:00+00:00,1998,downtempo,"electronic, trip-hop, chillout",United Kingdom
user_000053,Dj Koze,Bֳ₪ume Strahlen Stress Aus,3,4,30,2009-01-01T00:00:00+00:00,2009-01-31T00:00:00+00:00,2005,minimal,"electronic, techno, minimal techno",Germany
user_000053,Dominik Eulberg,Potzblitz & Donnerwetter,2,4,30,2009-01-01T00:00:00+00:00,2009-01-31T00:00:00+00:00,2006,minimal,"minimal techno, electronic, techno",Germany
user_000053,Frֳ©dֳ©ric Chopin,Nocturne In C# Minor,2,4,30,2009-01-01T00:00:00+00:00,2009-01-31T00:00:00+00:00,1984,Classical,"piano, romantic, polish",Poland
user_000053,Ivan,Side Float,4,4,30,2009-01-01T00:00:00+00:00,2009-01-31T00:00:00+00:00,2012,Italo Disco,"Disco, post-hardcore, 80s",Italy
user_000053,Minilogue,"Cow, Crickets And Clay",1,4,30,2009-01-01T00:00:00+00:00,2009-01-31T00:00:00+00:00,2008,minimal,"minimal techno, techno, electronic",Sweden
user_000053,Nicolay,Let It Shine For Me,3,4,30,2009-01-01T00:00:00+00:00,2009-01-31T00:00:00+00:00,2006,Hip-Hop,"instrumental hip-hop, producer, rap",Netherlands
user_000053,Quasimoto,Axe Puzzles,3,4,30,2009-01-01T00:00:00+00:00,2009-01-31T00:00:00+00:00,2000,Hip-Hop,"underground hip-hop, rap, Stones throw",
user_000054,Poison,Talk Dirty To Me,13,241,30,2009-01-01T00:00:00+00:00,2009-01-31T00:00:00+00:00,2008,hard rock,"hair metal, 80s, rock",United States
user_000054,Judas Priest,Solar Angels,15,201,30,2009-01-01T00:00:00+00:00,2009-01-31T00:00:00+00:00,1982,heavy metal,"metal, hard rock, NWOBHM",United Kingdom
user_000054,Backyard Babies,Look At You,13,191,30,2009-01-01T00:00:00+00:00,2009-01-31T00:00:00+00:00,2005,hard rock,"rock, punk rock, swedish",Sweden
user_000054,Van Halen,Jamie'S Cryin',8,173,30,2009-01-01T00:00:00+00:00,2009-01-31T00:00:00+00:00,2021,hard rock,"classic rock, rock, heavy metal",United States
user_000054,Whitesnake,Still Of The Night,13,165,30,2009-01-01T00:00:00+00:00,2009-01-31T00:00:00+00:00,2006,hard rock,"classic rock, 80s, rock",United Kingdom
user_000054,Ozzy Osbourne,Shot In The Dark,8,153,30,2009-01-01T00:00:00+00:00,2009-01-31T00:00:00+00:00,1993,heavy metal,"hard rock, metal, classic rock",United Kingdom
user_000054,Hank Williams Iii,Angel Of Sin,6,134,30,2009-01-01T00:00:00+00:00,2009-01-31T00:00:00+00:00,2006,country,"Alt-country, hellbilly, psychobilly",United States
user_000054,Motֳ¶rhead,Dancing On Your Grave,4,123,30,2009-01-01T00:00:00+00:00,2009-01-31T00:00:00+00:00,2005,heavy metal,"hard rock, speed metal, metal",United Kingdom
user_000054,Slayer,Can'T Stand You,4,112,30,2009-01-01T00:00:00+00:00,2009-01-31T00:00:00+00:00,2013,thrash metal,"metal, speed metal, heavy metal",United States
user_000054,Metallica,Battery,3,101,30,2009-01-01T00:00:00+00:00,2009-01-31T00:00:00+00:00,2004,thrash metal,"heavy metal, metal, hard rock",United States
user_000054,Guns N' Roses,Hair Of The Dog,5,96,30,2009-01-01T00:00:00+00:00,2009-01-31T00:00:00+00:00,1993,hard rock,"rock, classic rock, 80s",United States
user_000054,Sweet,Fox On The Run,8,94,30,2009-01-01T00:00:00+00:00,2009-01-31T00:00:00+00:00,2006,glam rock,"classic rock, 70s, hard rock",United Kingdom
user_000054,Lynyrd Skynyrd,That Smell,9,90,30,2009-01-01T00:00:00+00:00,2009-01-31T00:00:00+00:00,2008,Southern Rock,"classic rock, rock, hard rock",United States
user_000054,Johnny Cash,Folsom Prison Blues,4,88,30,2009-01-01T00:00:00+00:00,2009-01-31T00:00:00+00:00,2015,country,"folk, singer-songwriter, classic rock",United States
user_000054,Nine Inch Nails,Corona Radiata,9,88,30,2009-01-01T00:00:00+00:00,2009-01-31T00:00:00+00:00,2009,industrial,"industrial rock, electronic, alternative",United States
user_000055,Zeigeist,Fight With Shattered Mirrors,52,348,30,2009-01-01T00:00:00+00:00,2009-01-31T00:00:00+00:00,2008,electronic,"synthpop, swedish, electropop",Sweden
user_000055,Kylie Minogue,In My Arms,24,261,30,2009-01-01T00:00:00+00:00,2009-01-31T00:00:00+00:00,2010,pop,"dance, female vocalists, australian",Australia
user_000055,Polarkreis 18,Allein Allein,30,182,30,2009-01-01T00:00:00+00:00,2009-01-31T00:00:00+00:00,2024,electronic,"german, indie, indietronica",Germany
user_000055,Shirley Bassey,This Is My Life,9,160,30,2009-01-01T00:00:00+00:00,2009-01-31T00:00:00+00:00,2006,jazz,"soul, female vocalists, pop",United States
user_000055,Lamb,Cotton Wool (A Guy Called Gerald Mix),7,147,30,2009-01-01T00:00:00+00:00,2009-01-31T00:00:00+00:00,1997,trip-hop,"electronic, chillout, female vocalists",United Kingdom
user_000055,Crystal Castles,Vanished,21,138,30,2009-01-01T00:00:00+00:00,2009-01-31T00:00:00+00:00,2008,poptron,"electronic, 8-bit, electronica",Canada
user_000055,Cyndi Lauper,Into The Nightlife,17,138,30,2009-01-01T00:00:00+00:00,2009-01-31T00:00:00+00:00,2008,pop,"80s, female vocalists, new wave",United States
user_000055,Koop,Baby (D'Malicious Remix),5,105,30,2009-01-01T00:00:00+00:00,2009-01-31T00:00:00+00:00,2005,jazz,"chillout, acid jazz, downtempo",Sweden
user_000055,Abba,The Winner Takes It All,7,104,30,2009-01-01T00:00:00+00:00,2009-01-31T00:00:00+00:00,2001,pop,"80s, Disco, abba",Sweden
user_000055,Dido,Don'T Believe In Love,7,91,30,2009-01-01T00:00:00+00:00,2009-01-31T00:00:00+00:00,2008,pop,"female vocalists, chillout, singer-songwriter",United Kingdom
user_000055,Black Kids,I'M Not Gonna Teach Your Boyfriend How To Dance With You,11,81,30,2009-01-01T00:00:00+00:00,2009-01-31T00:00:00+00:00,2019,indie,"indie pop, indie rock, alternative",United Kingdom
user_000055,Little Boots,Bring It On (Leon Jean Marie Cover),19,71,30,2009-01-01T00:00:00+00:00,2009-01-31T00:00:00+00:00,2008,electronic,"female vocalists, dance, electro",United Kingdom
user_000055,Hercules And Love Affair,Blind,7,63,30,2009-01-01T00:00:00+00:00,2009-01-31T00:00:00+00:00,2008,electronic,"Disco, synthpop, dance",United States
user_000055,Clint Mansell,Death Is The Road To Awe,16,61,30,2009-01-01T00:00:00+00:00,2009-01-31T00:00:00+00:00,2006,instrumental,"ambient, electronic, Classical",United Kingdom
user_000055,Ana Staniִ‡,Bioskop,13,58,30,2009-01-01T00:00:00+00:00,2009-01-31T00:00:00+00:00,2008,serbian,"Serbia, pop, pop rock",Serbia
user_000056,Alphabeat,Fascination,1,2,30,2009-01-01T00:00:00+00:00,2009-01-31T00:00:00+00:00,2009,pop,"danish, indie pop, dance",Denmark
user_000056,Neuroticfish,Prostitute,1,2,30,2009-01-01T00:00:00+00:00,2009-01-31T00:00:00+00:00,2002,futurepop,"ebm, synthpop, industrial",Germany
user_000056,The Ting Tings,That'S Not My Name,1,2,30,2009-01-01T00:00:00+00:00,2009-01-31T00:00:00+00:00,2022,indie,"electronic, british, electropop",United Kingdom
user_000056,Zombie Girl,Jesus Was A Zombie,1,2,30,2009-01-01T00:00:00+00:00,2009-01-31T00:00:00+00:00,2007,industrial,"ebm, dark electro, electronic",Canada
user_000056,Annie,Always Too Late,1,1,30,2009-01-01T00:00:00+00:00,2009-01-31T00:00:00+00:00,2004,pop,"electronic, norwegian, female vocalists",United Kingdom
user_000056,Atari Teenage Riot,Too Dead For Me,1,1,30,2009-01-01T00:00:00+00:00,2009-01-31T00:00:00+00:00,2011,digital hardcore,"electronic, industrial, hardcore",Germany
user_000056,Ayria,Red Shift,1,1,30,2009-01-01T00:00:00+00:00,2009-01-31T00:00:00+00:00,2003,ebm,"industrial, electronic, synthpop",Canada
user_000056,Black Kids,Partie Traumatic,1,1,30,2009-01-01T00:00:00+00:00,2009-01-31T00:00:00+00:00,2008,indie,"indie pop, indie rock, alternative",United Kingdom
user_000056,Cansei De Ser Sexy,Let'S Make Love And Listen To Death From Above,1,1,30,2009-01-01T00:00:00+00:00,2009-01-31T00:00:00+00:00,2007,electronic,"indie, brazilian, female vocalists",United Kingdom
user_000056,Cartel,Settle Down,1,1,30,2009-01-01T00:00:00+00:00,2009-01-31T00:00:00+00:00,2005,pop punk,"alternative, rock, emo",United States
user_000056,Castanets,Strong Animal,1,1,30,2009-01-01T00:00:00+00:00,2009-01-31T00:00:00+00:00,2008,folk,"indie, New Weird America, Alt-country",United States
user_000056,Client,Overdrive,1,1,30,2009-01-01T00:00:00+00:00,2009-01-31T00:00:00+00:00,2005,electronic,"Electroclash, synthpop, female vocalists",United Kingdom
user_000056,Cosmicity,Your Beautiful Lie,1,1,30,2009-01-01T00:00:00+00:00,2009-01-31T00:00:00+00:00,1999,synthpop,"electronic, futurepop, ebm",United States
user_000056,Cut Copy,Going Nowhere,1,1,30,2009-01-01T00:00:00+00:00,2009-01-31T00:00:00+00:00,2004,electronic,"indie, australian, electro",Australia
user_000056,Daft Punk,"Harder, Better, Faster, Stronger",1,1,30,2009-01-01T00:00:00+00:00,2009-01-31T00:00:00+00:00,2023,electronic,"dance, House, techno",France
user_000063,Blackfield,End Of The World,12,74,30,2009-01-01T00:00:00+00:00,2009-01-31T00:00:00+00:00,2023,Progressive rock,"melancholic, rock, alternative",United Kingdom
user_000063,Opeth,Godhead'S Lament,4,36,30,2009-01-01T00:00:00+00:00,2009-01-31T00:00:00+00:00,1999,Progressive metal,"progressive death metal, death metal, Melodic Death Metal",Sweden
user_000063,God Is An Astronaut,Beyond The Dying Light,4,29,30,2009-01-01T00:00:00+00:00,2009-01-31T00:00:00+00:00,2007,post-rock,"instrumental, ambient, experimental",Ireland
user_000063,Sigur Rֳ³s,Innֳ­ Mֳ©r Syngur Vitleysingur,3,27,30,2009-01-01T00:00:00+00:00,2009-01-31T00:00:00+00:00,2016,post-rock,"ambient, icelandic, alternative",Iceland
user_000063,ֵ»ywioֵ‚ak,Psychoteka,4,25,30,2009-01-01T00:00:00+00:00,2009-01-31T00:00:00+00:00,2009,folk,"folk metal, polish, neofolk",Poland
user_000063,Lao Che,Ty Czֵ‚owiek Jesteֵ›?,3,24,30,2009-01-01T00:00:00+00:00,2009-01-31T00:00:00+00:00,2020,alternative,"polish, alternative rock, rock",Poland
user_000063,Poets Of The Fall,Maybe Tomorrow Is A Better Day,3,19,30,2009-01-01T00:00:00+00:00,2009-01-31T00:00:00+00:00,2006,alternative rock,"rock, finnish, alternative",Finland
user_000063,Metallica,Loverman,3,18,30,2009-01-01T00:00:00+00:00,2009-01-31T00:00:00+00:00,1998,thrash metal,"heavy metal, metal, hard rock",United States
user_000063,Glen Hansard & Markֳ©ta Irglovֳ¡,If You Want Me,8,17,30,2009-01-01T00:00:00+00:00,2009-01-31T00:00:00+00:00,2007,folk,"singer-songwriter, irish, acoustic",Ireland
user_000063,Riverside,After,2,16,30,2009-01-01T00:00:00+00:00,2009-01-31T00:00:00+00:00,2005,Progressive rock,"Progressive metal, polish, Progressive",Cuba
user_000063,Siddharta,Marslander,3,16,30,2009-01-01T00:00:00+00:00,2009-01-31T00:00:00+00:00,2003,rock,"slovenian, Progressive rock, melodic metal",Slovenia
user_000063,Tool,Parabol,3,15,30,2009-01-01T00:00:00+00:00,2009-01-31T00:00:00+00:00,2002,Progressive metal,"Progressive rock, alternative, metal",United States
user_000063,Archive,Come To Me 3,2,14,30,2009-01-01T00:00:00+00:00,2009-01-31T00:00:00+00:00,2003,trip-hop,"electronic, Progressive rock, alternative",United Kingdom
user_000063,Glen Hansard,Broken Hearted Hoover Fixer Sucker Guy,3,14,30,2009-01-01T00:00:00+00:00,2009-01-31T00:00:00+00:00,2007,singer-songwriter,"folk, acoustic, irish",Ireland
user_000063,System Of A Down,Aerials,1,13,30,2009-01-01T00:00:00+00:00,2009-01-31T00:00:00+00:00,2001,alternative metal,"metal, rock, System of a Down",United States
user_000064,Thֳ¥strֳ¶m,Karenina,17,113,30,2009-01-01T00:00:00+00:00,2009-01-31T00:00:00+00:00,2009,swedish,"singer-songwriter, rock, punk",Sweden
user_000064,Volbeat,Maybellene I Hofteholder,42,109,30,2009-01-01T00:00:00+00:00,2009-01-31T00:00:00+00:00,2008,heavy metal,"metal, rockabilly, elvis metal",Denmark
user_000064,Dr. Horrible,Brand New Day,10,75,30,2009-01-01T00:00:00+00:00,2009-01-31T00:00:00+00:00,1998,funny,"musical, lovethisartist",United States
user_000064,Muse,Hysteria,13,68,30,2009-01-01T00:00:00+00:00,2009-01-31T00:00:00+00:00,2006,alternative rock,"rock, Progressive rock, alternative",United Kingdom
user_000064,Kaiser Chiefs,Never Miss A Beat,12,67,30,2009-01-01T00:00:00+00:00,2009-01-31T00:00:00+00:00,2008,indie,"indie rock, britpop, rock",United Kingdom
user_000064,Rammstein,Rosenrot,14,53,30,2009-01-01T00:00:00+00:00,2009-01-31T00:00:00+00:00,2005,industrial metal,"metal, german, industrial",Germany
user_000064,Stefan Sundstrֳ¶m,Amors Pilar,3,50,30,2009-01-01T00:00:00+00:00,2009-01-31T00:00:00+00:00,2001,swedish,"singer-songwriter, rock, folk",Germany
user_000064,Flogging Molly,The Light Of A Fading Star,10,46,30,2009-01-01T00:00:00+00:00,2009-01-31T00:00:00+00:00,2004,irish,"punk, folk, punk rock",United States
user_000064,Lok,Skrubbsֳ¥r,12,45,30,2009-01-01T00:00:00+00:00,2009-01-31T00:00:00+00:00,2003,hardcore,"swedish, hard rock, metal",Sweden
user_000064,The Who,Behind Blue Eyes,14,39,30,2009-01-01T00:00:00+00:00,2009-01-31T00:00:00+00:00,2009,classic rock,"rock, british, 60s",United Kingdom
user_000064,Johnossi,18 Karat Gold,20,37,30,2009-01-01T00:00:00+00:00,2009-01-31T00:00:00+00:00,2008,swedish,"indie rock, indie, rock",Sweden
user_000064,Rise Against,Hero Of War,15,36,30,2009-01-01T00:00:00+00:00,2009-01-31T00:00:00+00:00,2022,punk rock,"melodic hardcore, punk, hardcore",United States
user_000064,The Pogues,Love You Till The End,10,36,30,2009-01-01T00:00:00+00:00,2009-01-31T00:00:00+00:00,2004,folk,"irish, punk, folk rock",United Kingdom
user_000064,Rallypack,Luke Skywalker,15,29,30,2009-01-01T00:00:00+00:00,2009-01-31T00:00:00+00:00,2004,swedish,"metal, hard rock, rock",Sweden
user_000064,The Doors,Light My Fire,10,29,30,2009-01-01T00:00:00+00:00,2009-01-31T00:00:00+00:00,1985,classic rock,"Psychedelic Rock, 60s, rock",United States
user_000065,Thomas Newman,Revolutionary Road (End Title),4,43,30,2009-01-01T00:00:00+00:00,2009-01-31T00:00:00+00:00,2008,instrumental,"ambient, Classical, chillout",United States
user_000065,Death Cab For Cutie,I Will Possess Your Heart,3,38,30,2009-01-01T00:00:00+00:00,2009-01-31T00:00:00+00:00,2009,indie,"indie rock, alternative, rock",United States
user_000065,Daedelus,Make It So,4,37,30,2009-01-01T00:00:00+00:00,2009-01-31T00:00:00+00:00,2008,electronic,"experimental, idm, ninja tune",United States
user_000065,Jay Brannan,Death Waltz,4,33,30,2009-01-01T00:00:00+00:00,2009-01-31T00:00:00+00:00,2008,acoustic,"singer-songwriter, indie, male vocalists",United States
user_000065,Stars,One More Night (Apostle Of Hustle),3,31,30,2009-01-01T00:00:00+00:00,2009-01-31T00:00:00+00:00,2011,indie,"indie pop, Canadian, indie rock",United States
user_000065,Jenny Lewis,Sing A Song,3,22,30,2009-01-01T00:00:00+00:00,2009-01-31T00:00:00+00:00,2008,indie,"female vocalists, singer-songwriter, folk",United States
user_000065,The Postal Service,Be Still My Heart,3,22,30,2009-01-01T00:00:00+00:00,2009-01-31T00:00:00+00:00,2020,indie,"electronic, indie pop, alternative",United States
user_000065,Bloc Party,Halo,2,21,30,2009-01-01T00:00:00+00:00,2009-01-31T00:00:00+00:00,2008,indie,"indie rock, british, alternative",United Kingdom
user_000065,Joy Division,She'S Lost Control,3,21,30,2009-01-01T00:00:00+00:00,2009-01-31T00:00:00+00:00,1981,post-punk,"new wave, 80s, alternative",United Kingdom
user_000065,Josֳ© Gonzֳ¡lez,How Low,3,19,30,2009-01-01T00:00:00+00:00,2009-01-31T00:00:00+00:00,2007,acoustic,"singer-songwriter, folk, indie",Sweden
user_000065,Arcade Fire,Crown Of Love,2,17,30,2009-01-01T00:00:00+00:00,2009-01-31T00:00:00+00:00,2004,indie rock,"indie, alternative, Canadian",Australia
user_000065,Beach House,Apple Orchard,2,15,30,2009-01-01T00:00:00+00:00,2009-01-31T00:00:00+00:00,2025,dream pop,"indie pop, indie, Lo-Fi",United States
user_000065,Broken Social Scene,Looks Just Like The Sun,2,15,30,2009-01-01T00:00:00+00:00,2009-01-31T00:00:00+00:00,2002,indie rock,"indie, post-rock, Canadian",Canada
user_000065,Gorillaz,All Alone - Gorillaz,1,15,30,2009-01-01T00:00:00+00:00,2009-01-31T00:00:00+00:00,2021,electronic,"alternative, Hip-Hop, rock",
user_000065,Broken Social Scene Presents: Brendan Canning,All The Best Wooden Toys Come From Germany,3,13,30,2009-01-01T00:00:00+00:00,2009-01-31T00:00:00+00:00,2008,indie rock,"Canadian, experimental, indie",Canada
user_000066,Cherry Ghost,Mountain Bird,2,4,30,2009-01-01T00:00:00+00:00,2009-01-31T00:00:00+00:00,2011,indie,"british, indie rock, alternative",Argentina
user_000066,Alan,One,1,3,30,2009-01-01T00:00:00+00:00,2009-01-31T00:00:00+00:00,2009,j-pop,"chinese, female vocalists, C-pop",United States
user_000066,The Maccabees,About Your Dress,2,3,30,2009-01-01T00:00:00+00:00,2009-01-31T00:00:00+00:00,2007,indie,"indie rock, british, alternative",United Kingdom
user_000066,Utada,Easy Breezy,1,3,30,2009-01-01T00:00:00+00:00,2009-01-31T00:00:00+00:00,2004,pop,"japanese, j-pop, female vocalists",
user_000066,Sweetbox,Everything'S Gonna Be Alright (Radio Version 85 Bpm),2,2,30,2009-01-01T00:00:00+00:00,2009-01-31T00:00:00+00:00,1999,pop,"female vocalists, german, rnb",Germany
user_000066,The Cribs,Moving Pictures,1,2,30,2009-01-01T00:00:00+00:00,2009-01-31T00:00:00+00:00,2007,indie rock,"indie, british, alternative",United Kingdom
user_000066,As One,Rumours,1,1,30,2009-01-01T00:00:00+00:00,2009-01-31T00:00:00+00:00,2005,Korean,"electronic, techno, k-pop",United Kingdom
user_000066,Attic Lights,Never Get Sick Of The Sea,1,1,30,2009-01-01T00:00:00+00:00,2009-01-31T00:00:00+00:00,2008,indie,"Scottish, pop, indie rock",United Kingdom
user_000066,Ben'S Brother,Let Me Out,1,1,30,2009-01-01T00:00:00+00:00,2009-01-31T00:00:00+00:00,2008,indie,"british, alternative, alternative rock",United States
user_000066,Bombay Bicycle Club,Sixteen,1,1,30,2009-01-01T00:00:00+00:00,2009-01-31T00:00:00+00:00,2007,indie,"british, indie rock, alternative",United Kingdom
user_000066,Captain,Hazelville,1,1,30,2009-01-01T00:00:00+00:00,2009-01-31T00:00:00+00:00,2006,indie,"indie pop, indie rock, british",United States
user_000066,Crystal Kay,Itoshiihito,1,1,30,2009-01-01T00:00:00+00:00,2009-01-31T00:00:00+00:00,2008,j-pop,"japanese, female vocalists, rnb",Japan
user_000066,Delays,Panic Attacks,1,1,30,2009-01-01T00:00:00+00:00,2009-01-31T00:00:00+00:00,2007,indie,"britpop, indie rock, alternative",United Kingdom
user_000066,Double,The Captain Of Her Heart,1,1,30,2009-01-01T00:00:00+00:00,2009-01-31T00:00:00+00:00,1992,pop,"japanese, j-pop, 80s",United States
user_000066,Dreams Come True,This Is Not Love At All,1,1,30,2009-01-01T00:00:00+00:00,2009-01-31T00:00:00+00:00,1998,j-pop,"japanese, female vocalists, JPop",Japan
user_000067,Coldplay,Viva La Vida,47,90,30,2009-01-01T00:00:00+00:00,2009-01-31T00:00:00+00:00,2009,alternative,"rock, Coldplay, alternative rock",United Kingdom
user_000067,The Killers,Human,12,54,30,2009-01-01T00:00:00+00:00,2009-01-31T00:00:00+00:00,2009,indie rock,"indie, rock, The Killers",United Kingdom
user_000067,Metric,The Police And The Private,5,48,30,2009-01-01T00:00:00+00:00,2009-01-31T00:00:00+00:00,2005,indie,"indie rock, female vocalists, Canadian",Canada
user_000067,Jupiter One,Mystery Man,16,47,30,2009-01-01T00:00:00+00:00,2009-01-31T00:00:00+00:00,2008,indie,"indie rock, indie pop, alternative",United States
user_000067,Borodin Quartet,String Quartet No. 7 In F Sharp Minor: Iii. Allegro - Allegretto - Andante - Lento,4,45,30,2009-01-01T00:00:00+00:00,2009-01-31T00:00:00+00:00,2018,Classical,"String Quartet, russian, borodin",Russian Federation
user_000067,Death Cab For Cutie,I Will Possess Your Heart,10,45,30,2009-01-01T00:00:00+00:00,2009-01-31T00:00:00+00:00,2009,indie,"indie rock, alternative, rock",United States
user_000067,Stars,Your Ex-Lover Is Dead (Final Fantasy Remix),11,44,30,2009-01-01T00:00:00+00:00,2009-01-31T00:00:00+00:00,2004,indie,"indie pop, Canadian, indie rock",United States
user_000067,Muse,Supermassive Black Hole,7,38,30,2009-01-01T00:00:00+00:00,2009-01-31T00:00:00+00:00,2006,alternative rock,"rock, alternative, british",United Kingdom
user_000067,Barenaked Ladies,If I Had $1000000,8,37,30,2009-01-01T00:00:00+00:00,2009-01-31T00:00:00+00:00,2004,rock,"alternative, Canadian, alternative rock",Canada
user_000067,The Bravery,Believe,14,34,30,2009-01-01T00:00:00+00:00,2009-01-31T00:00:00+00:00,2018,indie rock,"indie, rock, alternative",United Kingdom
user_000067,Queen,Killer Queen,9,28,30,2009-01-01T00:00:00+00:00,2009-01-31T00:00:00+00:00,1993,classic rock,"rock, hard rock, glam rock",United Kingdom
user_000067,"Lucas Harris, Mime Yamahiro-Brinkmann & Thomas Georgi",Viola D'Amore Sonata No. 10 In F Major: I. Entree,1,25,30,2009-01-01T00:00:00+00:00,2009-01-31T00:00:00+00:00,2016,,,Japan
user_000067,"Joshua Bell, Academy Of St. Martin In The Fields & John Constable","Concerto In E Major For Violin, String Orchestra And Continuo, Op. 8, No. 1, Rv 269,ג€¦",8,22,30,2009-01-01T00:00:00+00:00,2009-01-31T00:00:00+00:00,2008,mysterious,"Classical, intense, gorgeous",United Kingdom
user_000067,Editors,An End Has A Start,4,20,30,2009-01-01T00:00:00+00:00,2009-01-31T00:00:00+00:00,,indie rock,"indie, british, alternative",Netherlands
user_000067,Arcade Fire,Keep The Car Running,6,17,30,2009-01-01T00:00:00+00:00,2009-01-31T00:00:00+00:00,2008,indie rock,"indie, alternative, Canadian",Australia
user_000068,Die Fantastischen Vier,Tag Am Meer (Unplugged),20,515,30,2009-01-01T00:00:00+00:00,2009-01-31T00:00:00+00:00,2003,german,"Hip-Hop, hip hop, deutsch",Germany
user_000068,Fettes Brot,Viele Wege Fֳ¼hren Nach Rom,11,228,30,2009-01-01T00:00:00+00:00,2009-01-31T00:00:00+00:00,2002,hip hop,"german, Hip-Hop, deutsch",Germany
user_000068,Midnight Oil,Forgotten Years,14,177,30,2009-01-01T00:00:00+00:00,2009-01-31T00:00:00+00:00,1993,rock,"australian, 80s, alternative",Australia
user_000068,Versbox,Guerilla-Hiphop (Skit 4),5,153,30,2009-01-01T00:00:00+00:00,2009-01-31T00:00:00+00:00,1999,hip hop,"political, polit rap, german",Germany
user_000068,Seeed,Can'T Hold Me,7,143,30,2009-01-01T00:00:00+00:00,2009-01-31T00:00:00+00:00,2005,reggae,"dancehall, german, german reggae",Germany
user_000068,Nino Rota,The Godfather Waltz,12,130,30,2009-01-01T00:00:00+00:00,2009-01-31T00:00:00+00:00,1991,Classical,"instrumental, italian, composers",Italy
user_000068,Aleksi Aubry-Carlson,Main Theme,22,115,30,2009-01-01T00:00:00+00:00,2009-01-31T00:00:00+00:00,2019,instrumental,"Classical, Game Music, All",United Kingdom
user_000068,Dave Brubeck,In Your Own Sweet Way,7,96,30,2009-01-01T00:00:00+00:00,2009-01-31T00:00:00+00:00,1980,jazz,"piano, jazz piano, instrumental",United States
user_000068,Soundtrack,(Holy Matrimony) Letter To The Firm / Foxy Brown,6,96,30,2009-01-01T00:00:00+00:00,2009-01-31T00:00:00+00:00,2002,,,United States
user_000068,Mattias Ia Eklundh,Breaking The Chains,20,80,30,2009-01-01T00:00:00+00:00,2009-01-31T00:00:00+00:00,2013,guitar virtuoso,"Progressive metal, instrumental, guitar",Sweden
user_000068,Jan Delay,B-Seite,5,74,30,2009-01-01T00:00:00+00:00,2009-01-31T00:00:00+00:00,1999,german,"funk, reggae, Hip-Hop",Germany
user_000068,Dendemann,Check Mal Die Rhetorik Ab,6,73,30,2009-01-01T00:00:00+00:00,2009-01-31T00:00:00+00:00,2006,hip hop,"german, Hip-Hop, rap",Germany
user_000068,Johann Sebastian Bach,"Orchestersuite Nr. 2 H-Moll, Bwv 1067: Badinerie",4,68,30,2009-01-01T00:00:00+00:00,2009-01-31T00:00:00+00:00,1998,Classical,"baroque, instrumental, german",Germany
user_000068,Abba,Mamma Mia,4,59,30,2009-01-01T00:00:00+00:00,2009-01-31T00:00:00+00:00,2019,pop,"70s, abba, Disco",Sweden
user_000068,Doug Kaufman,Elvish Theme,19,54,30,2009-01-01T00:00:00+00:00,2009-01-31T00:00:00+00:00,2014,ambient,"post-rock, modern classical, piano",United States
user_000069,Disturbed,Indestructible,20,202,30,2009-01-01T00:00:00+00:00,2009-01-31T00:00:00+00:00,2008,Nu Metal,"metal, hard rock, alternative",United States
user_000069,Coldplay,Violet Hill,7,12,30,2009-01-01T00:00:00+00:00,2009-01-31T00:00:00+00:00,2008,rock,"alternative, britpop, alternative rock",United Kingdom
user_000069,Jay-Z,Can I Live,2,10,30,2009-01-01T00:00:00+00:00,2009-01-31T00:00:00+00:00,2006,Hip-Hop,"rap, hip hop, east coast rap",United States
user_000069,Killswitch Engage,My Curse,5,7,30,2009-01-01T00:00:00+00:00,2009-01-31T00:00:00+00:00,2022,metalcore,"metal, Melodic Death Metal, hardcore",United States
user_000069,Aerosmith,Mama Kin,3,6,30,2009-01-01T00:00:00+00:00,2009-01-31T00:00:00+00:00,2020,hard rock,"classic rock, rock, 80s",United States
user_000069,Death Cab For Cutie,Crooked Teeth,3,6,30,2009-01-01T00:00:00+00:00,2009-01-31T00:00:00+00:00,,indie,"indie rock, alternative, rock",United States
user_000069,Big L,Tony Touch 139 Freestyle,2,4,30,2009-01-01T00:00:00+00:00,2009-01-31T00:00:00+00:00,2003,Hip-Hop,"rap, new york, hip hop",United States
user_000069,Dragonforce,Lost Souls In Endless Time,1,4,30,2009-01-01T00:00:00+00:00,2009-01-31T00:00:00+00:00,2005,Power metal,"speed metal, metal, Extreme Power Metal",United Kingdom
user_000069,Gallows,In The Belly Of A Shark,3,4,30,2009-01-01T00:00:00+00:00,2009-01-31T00:00:00+00:00,2007,hardcore,"hardcore punk, punk, post-hardcore",United Kingdom
user_000069,Paramore,Crushcrushcrush,1,4,30,2009-01-01T00:00:00+00:00,2009-01-31T00:00:00+00:00,2007,rock,"pop punk, alternative, Paramore",United States
user_000069,David Bowie,Moonage Daydream,1,3,30,2009-01-01T00:00:00+00:00,2009-01-31T00:00:00+00:00,1996,glam rock,"rock, classic rock, 80s",Germany
user_000069,Matchbook Romance,Monsters,3,3,30,2009-01-01T00:00:00+00:00,2009-01-31T00:00:00+00:00,2006,emo,"rock, alternative, punk",United States
user_000069,Mf Doom,? (Feat. Kurious),2,3,30,2009-01-01T00:00:00+00:00,2009-01-31T00:00:00+00:00,2011,Hip-Hop,"underground hip-hop, rap, hip hop",United States
user_000069,Mobb Deep,Can'T Get Enough Of It,2,3,30,2009-01-01T00:00:00+00:00,2009-01-31T00:00:00+00:00,2011,Hip-Hop,"rap, Gangsta Rap, new york",United Kingdom
user_000069,Queens Of The Stone Age,No One Knows,3,3,30,2009-01-01T00:00:00+00:00,2009-01-31T00:00:00+00:00,2005,rock,"Stoner Rock, alternative rock, hard rock",United States
user_000072,Laura Pausini,Primavera In Anticipo (It Is My Song) (Feat. James Blunt),18,77,30,2009-01-01T00:00:00+00:00,2009-01-31T00:00:00+00:00,2008,pop,"italian, female vocalists, italian pop",Italy
user_000072,Tori Amos,Sleeps With Butterflies,4,66,30,2009-01-01T00:00:00+00:00,2009-01-31T00:00:00+00:00,2006,female vocalists,"singer-songwriter, alternative, piano",United States
user_000072,Tiziano Ferro,Alla Mia Etֳ ,27,65,30,2009-01-01T00:00:00+00:00,2009-01-31T00:00:00+00:00,2015,italian,"pop, male vocalists, italian pop",Italy
user_000072,Grant Lee Buffalo,Happiness,27,36,30,2009-01-01T00:00:00+00:00,2009-01-31T00:00:00+00:00,2001,alternative,"rock, americana, singer-songwriter",United States
user_000072,Josֳ© Gonzֳ¡lez,Crosses,8,31,30,2009-01-01T00:00:00+00:00,2009-01-31T00:00:00+00:00,2008,acoustic,"singer-songwriter, folk, indie",Sweden
user_000072,Negrita,Che Rumore Fa La Felicitֳ ?,13,29,30,2009-01-01T00:00:00+00:00,2009-01-31T00:00:00+00:00,2009,italian,"rock, italian rock, pop",Italy
user_000072,Luciano Ligabue,Il Mio Pensiero,4,26,30,2009-01-01T00:00:00+00:00,2009-01-31T00:00:00+00:00,2009,rock,"italian, italian rock, singer-songwriter",Italy
user_000072,Hans Zimmer,Cry,2,22,30,2009-01-01T00:00:00+00:00,2009-01-31T00:00:00+00:00,1998,instrumental,"Classical, composer, german",United States
user_000072,Negramaro,Meraviglioso,6,22,30,2009-01-01T00:00:00+00:00,2009-01-31T00:00:00+00:00,2011,italian,"rock, pop rock, pop",Italy
user_000072,Sigur Rֳ³s,Hoppֳ­polla,5,15,30,2009-01-01T00:00:00+00:00,2009-01-31T00:00:00+00:00,2006,post-rock,"ambient, icelandic, alternative",Iceland
user_000072,Lֳ¹napop,Qualcosa Di Grande,3,13,30,2009-01-01T00:00:00+00:00,2009-01-31T00:00:00+00:00,2000,italian,"pop, italian pop, italiana",Italy
user_000072,James Blunt,Billy,5,12,30,2009-01-01T00:00:00+00:00,2009-01-31T00:00:00+00:00,2006,pop,"singer-songwriter, acoustic, indie",United Kingdom
user_000072,Jeff Buckley,Hallelujah,7,12,30,2009-01-01T00:00:00+00:00,2009-01-31T00:00:00+00:00,2009,beautiful,"acoustic, singer-songwriter, rock",United States
user_000072,Keane,Black Burning Heart,2,10,30,2009-01-01T00:00:00+00:00,2009-01-31T00:00:00+00:00,2008,britpop,"indie, british, alternative",United Kingdom
user_000072,Nek,Abbracciami,2,10,30,2009-01-01T00:00:00+00:00,2009-01-31T00:00:00+00:00,2005,italian,"pop, rock, male vocalists",Italy
user_000074,Radiohead,Down Is The New Up,7,172,30,2009-01-01T00:00:00+00:00,2009-01-31T00:00:00+00:00,,rock,"alternative, alternative rock, indie",United Kingdom
user_000074,Ludovico Einaudi,Farewell To The Past,14,158,30,2009-01-01T00:00:00+00:00,2009-01-31T00:00:00+00:00,2002,piano,"Classical, contemporary classical, instrumental",Italy
user_000074,Antony And The Johnsons,Kiss My Name,24,127,30,2009-01-01T00:00:00+00:00,2009-01-31T00:00:00+00:00,2009,singer-songwriter,"chamber pop, indie, alternative",United Kingdom
user_000074,Hauschka,Freibad,11,87,30,2009-01-01T00:00:00+00:00,2009-01-31T00:00:00+00:00,2008,piano,"ambient, instrumental, contemporary classical",Germany
user_000074,Animal Collective,My Girls,13,79,30,2009-01-01T00:00:00+00:00,2009-01-31T00:00:00+00:00,2009,experimental,"indie, freak folk, folk",United States
user_000074,Thom Yorke,Analyse (Various Remix),11,76,30,2009-01-01T00:00:00+00:00,2009-01-31T00:00:00+00:00,2007,electronic,"experimental, alternative, indie",United Kingdom
user_000074,Estelle,Wait A Minute (Just A Touch),11,63,30,2009-01-01T00:00:00+00:00,2009-01-31T00:00:00+00:00,2008,rnb,"soul, female vocalists, Hip-Hop",United Kingdom
user_000074,Jֳ³hann Jֳ³hannsson,Fordlֳ¢ndia,6,41,30,2009-01-01T00:00:00+00:00,2009-01-31T00:00:00+00:00,2008,ambient,"contemporary classical, icelandic, electronic",Germany
user_000074,Lady Gaga,Just Dance,9,41,30,2009-01-01T00:00:00+00:00,2009-01-31T00:00:00+00:00,2012,dance,"pop, Lady Gaga, electronic",United States
user_000074,Kanye West,Amazing (Feat. Young Jeezy),5,39,30,2009-01-01T00:00:00+00:00,2009-01-31T00:00:00+00:00,2010,Hip-Hop,"rap, hip hop, rnb",United Kingdom
user_000074,Massive Attack,Angel,2,35,30,2009-01-01T00:00:00+00:00,2009-01-31T00:00:00+00:00,1998,trip-hop,"electronic, chillout, trip hop",United Kingdom
user_000074,Nina Simone,Feeling Good,3,35,30,2009-01-01T00:00:00+00:00,2009-01-31T00:00:00+00:00,2023,jazz,"soul, blues, nina simone",United States
user_000074,Nico Muhly,Mothertongue: I. Archive,3,30,30,2009-01-01T00:00:00+00:00,2009-01-31T00:00:00+00:00,2014,contemporary classical,"minimalism, experimental, instrumental",United States
user_000074,Telefon Tel Aviv,You Are The Worst Thing In The World,9,30,30,2009-01-01T00:00:00+00:00,2009-01-31T00:00:00+00:00,2009,idm,"electronic, ambient, chillout",United States
user_000074,Brael,Morning,5,27,30,2009-01-01T00:00:00+00:00,2009-01-31T00:00:00+00:00,2010,ambient,"electro-acoustic, downtempo, electronic",
user_000075,Josֳ© Gonzֳ¡lez,Heartbeats,13,173,30,2009-01-01T00:00:00+00:00,2009-01-31T00:00:00+00:00,2008,acoustic,"chillout, indie, Mellow",Sweden
user_000075,Pearl Jam,Bushleager,3,82,30,2009-01-01T00:00:00+00:00,2009-01-31T00:00:00+00:00,2002,Grunge,"rock, alternative rock, 90s",United States
user_000075,Bonnie 'Prince' Billy,Even If Love,4,72,30,2009-01-01T00:00:00+00:00,2009-01-31T00:00:00+00:00,2005,folk,"singer-songwriter, Alt-country, indie",United States
user_000075,Mazzy Star,"Cry, Cry",4,53,30,2009-01-01T00:00:00+00:00,2009-01-31T00:00:00+00:00,1997,dream pop,"melancholy, indie, Mellow",United States
user_000075,Dave Matthews Band,Grey Street,13,44,30,2009-01-01T00:00:00+00:00,2009-01-31T00:00:00+00:00,2014,rock,"alternative, alternative rock, Acoustic Rock",United States
user_000075,The God Machine,Boy By The Roadside,4,41,30,2009-01-01T00:00:00+00:00,2009-01-31T00:00:00+00:00,1994,alternative rock,"alternative metal, alternative, Stoner Rock",United States
user_000075,Eddie Vedder,Long Nights,7,39,30,2009-01-01T00:00:00+00:00,2009-01-31T00:00:00+00:00,2007,singer-songwriter,"Grunge, rock, folk",United States
user_000075,Alice In Chains,Real Thing,10,38,30,2009-01-01T00:00:00+00:00,2009-01-31T00:00:00+00:00,2016,Grunge,"alternative rock, rock, hard rock",United States
user_000075,Deus,Hotellounge (Be The Death Of Me),4,38,30,2009-01-01T00:00:00+00:00,2009-01-31T00:00:00+00:00,1995,alternative,"alternative rock, rock, belgian",Belgium
user_000075,Woven Hand,Deerskin Doll,4,35,30,2009-01-01T00:00:00+00:00,2009-01-31T00:00:00+00:00,2012,Alt-country,"folk, folk rock, singer-songwriter",United States
user_000075,John Frusciante,Leap Your Bar,4,32,30,2009-01-01T00:00:00+00:00,2009-01-31T00:00:00+00:00,2004,experimental,"alternative, singer-songwriter, rock",United States
user_000075,The Twilight Singers,Last Temptation,3,30,30,2009-01-01T00:00:00+00:00,2009-01-31T00:00:00+00:00,2000,alternative rock,"alternative, indie rock, rock",United States
user_000075,Jack Johnson,Taylor,6,27,30,2009-01-01T00:00:00+00:00,2009-01-31T00:00:00+00:00,2006,acoustic,"singer-songwriter, chill, alternative",United States
user_000075,Neil Young & Pearl Jam,I'M The Ocean,4,26,30,2009-01-01T00:00:00+00:00,2009-01-31T00:00:00+00:00,1995,rock,"Grunge, classic rock, alternative rock",United States
user_000075,The Black Heart Procession,My Heart Might Stop,10,26,30,2009-01-01T00:00:00+00:00,2009-01-31T00:00:00+00:00,1999,indie,"indie rock, post-rock, alternative",United States
user_000079,Tori Amos,Dragon,9,89,30,2009-01-01T00:00:00+00:00,2009-01-31T00:00:00+00:00,2010,female vocalists,"singer-songwriter, alternative, piano",United States
user_000079,Nick Cave & The Bad Seeds,Albert Goes West,3,86,30,2009-01-01T00:00:00+00:00,2009-01-31T00:00:00+00:00,2012,post-punk,"rock, alternative, singer-songwriter",Australia
user_000079,Mark Lanegan,Badi-Da,1,49,30,2009-01-01T00:00:00+00:00,2009-01-31T00:00:00+00:00,1999,singer-songwriter,"rock, Grunge, blues",United States
user_000079,Sun Kil Moon,Blue Orchids,3,36,30,2009-01-01T00:00:00+00:00,2009-01-31T00:00:00+00:00,2008,folk,"singer-songwriter, indie, indie rock",United States
user_000079,A Camp,Bear On The Beach,3,33,30,2009-01-01T00:00:00+00:00,2009-01-31T00:00:00+00:00,2009,swedish,"indie, female vocalists, pop",Norway
user_000079,Morrissey,All You Need Is Me,3,33,30,2009-01-01T00:00:00+00:00,2009-01-31T00:00:00+00:00,2008,indie,"british, alternative, rock",United Kingdom
user_000079,The Smiths,A Rush And A Push And The Land Is Ours,1,30,30,2009-01-01T00:00:00+00:00,2009-01-31T00:00:00+00:00,1987,post-punk,"indie, new wave, 80s",United Kingdom
user_000079,Katerine,Amֳ©ricaine,1,27,30,2009-01-01T00:00:00+00:00,2009-01-31T00:00:00+00:00,1999,french,"pop, electronic, chanson francaise",France
user_000079,Talking Heads,Heaven,2,25,30,2009-01-01T00:00:00+00:00,2009-01-31T00:00:00+00:00,2004,new wave,"post-punk, 80s, rock",United States
user_000079,Butthole Surfers,Graveyard,2,24,30,2009-01-01T00:00:00+00:00,2009-01-31T00:00:00+00:00,1989,noise rock,"alternative, psychedelic, punk",United States
user_000079,Wipers,Alien Boy,1,21,30,2009-01-01T00:00:00+00:00,2009-01-31T00:00:00+00:00,2001,punk,"post-punk, punk rock, alternative",United States
user_000079,Dead Kennedys,A Child And His Lawnmower,1,20,30,2009-01-01T00:00:00+00:00,2009-01-31T00:00:00+00:00,2000,punk,"hardcore punk, punk rock, hardcore",United States
user_000079,Fever Ray,Coconut,2,20,30,2009-01-01T00:00:00+00:00,2009-01-31T00:00:00+00:00,2009,electronic,"ambient, swedish, female vocalists",United States
user_000079,Danielson,Bloodbook On The Half Shell,1,16,30,2009-01-01T00:00:00+00:00,2009-01-31T00:00:00+00:00,2020,freak folk,"folk, indie rock, indie",United States
user_000079,Jimi Hendrix,All Along The Watchtower,1,16,30,2009-01-01T00:00:00+00:00,2009-01-31T00:00:00+00:00,1993,classic rock,"rock, 60s, psychedelic",United States
user_000082,Ladyhawke,Magic,24,63,30,2009-01-01T00:00:00+00:00,2009-01-31T00:00:00+00:00,2012,electronic,"indie, female vocalists, new wave",New Zealand
user_000082,Antony And The Johnsons,Hope There'S Someone,7,43,30,2009-01-01T00:00:00+00:00,2009-01-31T00:00:00+00:00,2005,singer-songwriter,"chamber pop, indie, alternative",United Kingdom
user_000082,Iron & Wine,House By The Sea,4,34,30,2009-01-01T00:00:00+00:00,2009-01-31T00:00:00+00:00,2007,folk,"indie, singer-songwriter, acoustic",United States
user_000082,Ladytron,Another Breakfast With You,2,33,30,2009-01-01T00:00:00+00:00,2009-01-31T00:00:00+00:00,1999,electronic,"Electroclash, synthpop, electropop",United Kingdom
user_000082,Nouvelle Vague,Guns Of Brixton,3,32,30,2009-01-01T00:00:00+00:00,2009-01-31T00:00:00+00:00,2004,Bossa Nova,"french, chillout, female vocalists",France
user_000082,Alpinestars,Snow Patrol (Part 2),31,31,30,2009-01-01T00:00:00+00:00,2009-01-31T00:00:00+00:00,2003,electronic,"indie, chillout, new wave",United Kingdom
user_000082,Emilֳ­ana Torrini,To Be Free,6,27,30,2009-01-01T00:00:00+00:00,2009-01-31T00:00:00+00:00,2001,icelandic,"female vocalists, trip-hop, singer-songwriter",Iceland
user_000082,Iamx,You Stick It In Me,3,25,30,2009-01-01T00:00:00+00:00,2009-01-31T00:00:00+00:00,2004,electronic,"synthpop, alternative, Electroclash",Germany
user_000082,ֳ‰milie Simon,Dame De Lotus,2,23,30,2009-01-01T00:00:00+00:00,2009-01-31T00:00:00+00:00,2007,,,France
user_000082,Amon Tobin,Back From Space,3,16,30,2009-01-01T00:00:00+00:00,2009-01-31T00:00:00+00:00,2002,electronic,"idm, trip-hop, ninja tune",Brazil
user_000082,The Cure,Play,2,15,30,2009-01-01T00:00:00+00:00,2009-01-31T00:00:00+00:00,1992,post-punk,"new wave, alternative, 80s",United Kingdom
user_000082,Portishead,Cowboys,2,14,30,2009-01-01T00:00:00+00:00,2009-01-31T00:00:00+00:00,1998,trip-hop,"electronic, female vocalists, chillout",United Kingdom
user_000082,Cat Power,Ice Water,8,13,30,2009-01-01T00:00:00+00:00,2009-01-31T00:00:00+00:00,2017,indie,"female vocalists, singer-songwriter, folk",United States
user_000082,Flykkiller,Czy Nie Szkoda Ci?,4,12,30,2009-01-01T00:00:00+00:00,2009-01-31T00:00:00+00:00,2007,trip-hop,"electronic, experimental, polish",
user_000082,Gotan Project,La Vigֳ¼ela,2,9,30,2009-01-01T00:00:00+00:00,2009-01-31T00:00:00+00:00,2011,tango,"electronic, chillout, lounge",France
user_000083,Less Than Jake,Happyman,7,134,30,2009-01-01T00:00:00+00:00,2009-01-31T00:00:00+00:00,1996,ska punk,"ska, punk, punk rock",United States
user_000083,Postgirobygget,Bohemen Leve,5,52,30,2009-01-01T00:00:00+00:00,2009-01-31T00:00:00+00:00,1996,norwegian,"rock, norsk, pop rock",
user_000083,Sia,Little Black Sandals,7,44,30,2009-01-01T00:00:00+00:00,2009-01-31T00:00:00+00:00,2010,female vocalists,"indie, chillout, trip-hop",Australia
user_000083,The Pillows,Hybrid Rainbow,7,38,30,2009-01-01T00:00:00+00:00,2009-01-31T00:00:00+00:00,2000,J-rock,"japanese, rock, anime",United Kingdom
user_000083,Pearl Jam,Daughter,4,37,30,2009-01-01T00:00:00+00:00,2009-01-31T00:00:00+00:00,2001,Grunge,"rock, alternative rock, 90s",United States
user_000083,Queens Of The Stone Age,Everybody Knows That You Are Insane,2,36,30,2009-01-01T00:00:00+00:00,2009-01-31T00:00:00+00:00,2005,Stoner Rock,"alternative rock, rock, hard rock",United States
user_000083,James Brown,I Feel Good,34,34,30,2009-01-01T00:00:00+00:00,2009-01-31T00:00:00+00:00,2022,funk,"soul, rhythm and blues, blues",United States
user_000083,Zero 7,Home,3,34,30,2009-01-01T00:00:00+00:00,2009-01-31T00:00:00+00:00,2005,chillout,"downtempo, electronic, trip-hop",United Kingdom
user_000083,Pj Harvey,O Stella,13,33,30,2009-01-01T00:00:00+00:00,2009-01-31T00:00:00+00:00,1993,female vocalists,"alternative, singer-songwriter, rock",United Kingdom
user_000083,Megadeth,Breadline,3,32,30,2009-01-01T00:00:00+00:00,2009-01-31T00:00:00+00:00,2004,thrash metal,"heavy metal, speed metal, metal",United States
user_000083,Victor Wooten,Bro John,4,25,30,2009-01-01T00:00:00+00:00,2009-01-31T00:00:00+00:00,1997,jazz,"bass, funk, Fusion",United States
user_000083,Tool,Die Eier Von Satan,2,24,30,2009-01-01T00:00:00+00:00,2009-01-31T00:00:00+00:00,1996,Progressive metal,"Progressive rock, alternative, metal",United States
user_000083,Nirvana,Lake Of Fire,5,23,30,2009-01-01T00:00:00+00:00,2009-01-31T00:00:00+00:00,1994,Grunge,"rock, alternative rock, alternative",United States
user_000083,Jefferson Airplane,Pretty As You Feel,4,18,30,2009-01-01T00:00:00+00:00,2009-01-31T00:00:00+00:00,2014,Psychedelic Rock,"classic rock, 60s, psychedelic",United States
user_000083,Audioslave,Dandelion,2,16,30,2009-01-01T00:00:00+00:00,2009-01-31T00:00:00+00:00,2005,alternative rock,"rock, hard rock, Grunge",United States
user_000084,Britney Spears,Circus,124,512,30,2009-01-01T00:00:00+00:00,2009-01-31T00:00:00+00:00,2009,pop,"dance, Britney Spears, circus",United States
user_000084,Kanye West,Heartless,17,102,30,2009-01-01T00:00:00+00:00,2009-01-31T00:00:00+00:00,2008,hip hop,"Kanye West, Hip-Hop, rap",United Kingdom
user_000084,Shiny Toy Guns,Ghost Town,16,80,30,2009-01-01T00:00:00+00:00,2009-01-31T00:00:00+00:00,2008,electronic,"indie, rock, electronica",United States
user_000084,Metro Station,Shake It,30,72,30,2009-01-01T00:00:00+00:00,2009-01-31T00:00:00+00:00,2009,dance,"electronic, indie, powerpop",United States
user_000084,Cut Copy,Lights And Music,6,37,30,2009-01-01T00:00:00+00:00,2009-01-31T00:00:00+00:00,2008,electronic,"indie, australian, electro",Australia
user_000084,Lady Gaga,Just Dance,15,28,30,2009-01-01T00:00:00+00:00,2009-01-31T00:00:00+00:00,2012,dance,"pop, Lady Gaga, electronic",United States
user_000084,Paramore,Decode,7,27,30,2009-01-01T00:00:00+00:00,2009-01-31T00:00:00+00:00,2008,rock,"twilight, Paramore, alternative",United States
user_000084,Matt Pokora,Why Do You Cry,3,21,30,2009-01-01T00:00:00+00:00,2009-01-31T00:00:00+00:00,2008,rnb,"pop, Hip-Hop, french",France
user_000084,Muse,Time Is Running Out,3,20,30,2009-01-01T00:00:00+00:00,2009-01-31T00:00:00+00:00,2003,alternative rock,"rock, alternative, Muse",United Kingdom
user_000084,Simple Plan,Generation,2,12,30,2009-01-01T00:00:00+00:00,2009-01-31T00:00:00+00:00,2008,pop punk,"punk rock, rock, punk",Canada
user_000084,Katy Perry,I Kissed A Girl,6,11,30,2009-01-01T00:00:00+00:00,2009-01-31T00:00:00+00:00,2017,pop,"katy perry, pop rock, rock",United States
user_000084,Madonna,Beat Goes On (Feat. Kanye West),3,7,30,2009-01-01T00:00:00+00:00,2009-01-31T00:00:00+00:00,2009,pop,"dance, female vocalists, 80s",United States
user_000084,30 Seconds To Mars,Was It A Dream,2,6,30,2009-01-01T00:00:00+00:00,2009-01-31T00:00:00+00:00,2007,alternative rock,"rock, alternative, indie",United States
user_000084,Kaiser Chiefs,Ruby,6,6,30,2009-01-01T00:00:00+00:00,2009-01-31T00:00:00+00:00,2009,indie,"indie rock, rock, british",United Kingdom
user_000084,Keane,Spiralling,5,6,30,2009-01-01T00:00:00+00:00,2009-01-31T00:00:00+00:00,2009,britpop,"indie, british, alternative",United Kingdom
user_000085,Kanda Kodֵ¾a I Nebojֵ¡a,S.A.T.,48,296,30,2009-01-01T00:00:00+00:00,2009-01-31T00:00:00+00:00,1998,reggae,"serbian, dub, alternative",Serbia
user_000085,Eyesburn,Agony,16,199,30,2009-01-01T00:00:00+00:00,2009-01-31T00:00:00+00:00,2003,reggae,"hardcore, crossover, serbian",Serbia
user_000085,Flobots,Handlebars,13,109,30,2009-01-01T00:00:00+00:00,2009-01-31T00:00:00+00:00,2008,Hip-Hop,"political, indie, hip hop",United States
user_000085,Mano Negra,Bala Perdida,2,69,30,2009-01-01T00:00:00+00:00,2009-01-31T00:00:00+00:00,1994,ska,"alternative, latin, rock",France
user_000085,Drum'N'Zez,Palacinka,20,64,30,2009-01-01T00:00:00+00:00,2009-01-31T00:00:00+00:00,2007,reggae,"ska, world, Serbia",Serbia
user_000085,P.O.S.,Stand Up (Let'S Get Murdered),7,33,30,2009-01-01T00:00:00+00:00,2009-01-31T00:00:00+00:00,2006,Hip-Hop,"underground hip-hop, rap, rhymesayers",Finland
user_000085,Manu Chao,A Cosa_Rip_By_Fuckin_Rockerazo! 2007,3,30,30,2009-01-01T00:00:00+00:00,2009-01-31T00:00:00+00:00,2007,reggae,"latin, ska, world",France
user_000085,Rage Against The Machine,Fuck Tha Police (Live),2,25,30,2009-01-01T00:00:00+00:00,2009-01-31T00:00:00+00:00,2024,alternative rock,"rock, alternative, political",United States
user_000085,Dubioza Kolektiv,Bosnafaria,2,22,30,2009-01-01T00:00:00+00:00,2009-01-31T00:00:00+00:00,2006,dub,"reggae, Bosnian, ska",Bosnia and Herzegovina
user_000085,Darkwood Dub,Darkwood Dub - 2004 - 01 - Melos - Www.Domaci.De,1,19,30,2009-01-01T00:00:00+00:00,2009-01-31T00:00:00+00:00,2004,electronic,"dub, alternative, serbian",Serbia
user_000085,Strike Anywhere,Chalkline,1,15,30,2009-01-01T00:00:00+00:00,2009-01-31T00:00:00+00:00,2001,melodic hardcore,"punk, punk rock, hardcore",United States
user_000085,Bob Marley & The Wailers,Blackman Redemption,1,14,30,2009-01-01T00:00:00+00:00,2009-01-31T00:00:00+00:00,1983,reggae,"roots reggae, ska, roots",Jamaica
user_000085,Beastie Boys,14Th St. Break,1,12,30,2009-01-01T00:00:00+00:00,2009-01-31T00:00:00+00:00,2007,Hip-Hop,"rap, alternative, hip hop",United States
user_000085,Bob Marley,Exodus,3,12,30,2009-01-01T00:00:00+00:00,2009-01-31T00:00:00+00:00,2009,reggae,"roots reggae, ska, Bob Marley",United States
user_000085,Disciplin A Kitschme,Disciplin A Kitschme - 2007 - 01 - Intro - Www.Domaci.De,1,11,30,2009-01-01T00:00:00+00:00,2009-01-31T00:00:00+00:00,2007,experimental,"Drum and bass, alternative rock, serbian",Serbia
user_000086,The Doors,Strange Days,6,62,30,2009-01-01T00:00:00+00:00,2009-01-31T00:00:00+00:00,2006,classic rock,"Psychedelic Rock, rock, 60s",United States
user_000086,Beck,Loser,3,28,30,2009-01-01T00:00:00+00:00,2009-01-31T00:00:00+00:00,2016,alternative,"90s, indie, rock",Germany
user_000086,Franz Ferdinand,Do You Want To,2,19,30,2009-01-01T00:00:00+00:00,2009-01-31T00:00:00+00:00,2005,indie rock,"indie, rock, alternative",Austria
user_000086,Ella Fitzgerald,Begin The Beguine,1,18,30,2009-01-01T00:00:00+00:00,2009-01-31T00:00:00+00:00,1996,jazz,"female vocalists, blues, swing",United States
user_000086,No Doubt,Bathwater,2,18,30,2009-01-01T00:00:00+00:00,2009-01-31T00:00:00+00:00,2003,rock,"ska, pop, alternative",United States
user_000086,Jacques Dutronc,"Il Est Cinq Heures, Paris S'ֳ‰veille",2,16,30,2009-01-01T00:00:00+00:00,2009-01-31T00:00:00+00:00,2010,french,"chanson francaise, 60s, french pop",France
user_000086,Caribou,A Final Warning,1,15,30,2009-01-01T00:00:00+00:00,2009-01-31T00:00:00+00:00,2005,electronic,"experimental, indie, Canadian",Canada
user_000086,Leonard Cohen,Sisters Of Mercy,2,15,30,2009-01-01T00:00:00+00:00,2009-01-31T00:00:00+00:00,1994,folk,"singer-songwriter, blues, Canadian",Canada
user_000086,Baba Zula & Mad Professor,Biz Size Asik Olduk (We Fell In Love With You) [Dub Mix],1,14,30,2009-01-01T00:00:00+00:00,2009-01-31T00:00:00+00:00,2003,psychedelic,"dub, turkish, ethnic",United Kingdom
user_000086,Bob Dylan,Masters Of War,2,13,30,2009-01-01T00:00:00+00:00,2009-01-31T00:00:00+00:00,2003,folk,"singer-songwriter, classic rock, folk rock",United States
user_000086,David Sedaris,01 It'S Catching,1,13,30,2009-01-01T00:00:00+00:00,2009-01-31T00:00:00+00:00,2008,spoken word,"comedy, Carolina, All",United States
user_000086,Regina Spektor,Fidelity,2,13,30,2009-01-01T00:00:00+00:00,2009-01-31T00:00:00+00:00,2007,female vocalists,"indie, singer-songwriter, piano",United States
user_000086,Team9 Vs. Stereogum,Albert And Katy Sitting In A Tree,1,13,30,2009-01-01T00:00:00+00:00,2009-01-31T00:00:00+00:00,2008,mashup,"electronic, dance, alternative",Netherlands
user_000086,The Last Shadow Puppets,Black Plant,1,12,30,2009-01-01T00:00:00+00:00,2009-01-31T00:00:00+00:00,2008,indie,"british, indie rock, alternative",United Kingdom
user_000086,Amanda Palmer,Ampersand,1,11,30,2009-01-01T00:00:00+00:00,2009-01-31T00:00:00+00:00,,punk cabaret,"female vocalists, singer-songwriter, piano",United States
user_000087,Elektryczne Gitary,Jestem Z Miasta,13,181,30,2009-01-01T00:00:00+00:00,2009-01-31T00:00:00+00:00,2014,rock,"polish, alternative rock, polish rock",Poland
user_000087,Oasis,Wonderwall,4,83,30,2009-01-01T00:00:00+00:00,2009-01-31T00:00:00+00:00,1996,britpop,"rock, 90s, alternative",United Kingdom
user_000087,Babyshambles,8 Dead Boys,4,66,30,2009-01-01T00:00:00+00:00,2009-01-31T00:00:00+00:00,2005,british,"indie, indie rock, rock",United Kingdom
user_000087,Dֵ¼em,Maֵ‚a Aleja Rֳ³ֵ¼,3,38,30,2009-01-01T00:00:00+00:00,2009-01-31T00:00:00+00:00,2000,blues,"blues rock, polish, rock",Poland
user_000087,The Prodigy,Death Of The Prodigy Dancers,2,37,30,2009-01-01T00:00:00+00:00,2009-01-31T00:00:00+00:00,1992,electronic,"techno, industrial, dance",United Kingdom
user_000087,Joy Division,She'S Lost Control,3,23,30,2009-01-01T00:00:00+00:00,2009-01-31T00:00:00+00:00,1981,post-punk,"new wave, 80s, alternative",United Kingdom
user_000087,Moulin Rouge,Ascension Nature Boy,2,16,30,2009-01-01T00:00:00+00:00,2009-01-31T00:00:00+00:00,2004,musical,"pop, musicals, Moulin Rouge",Slovenia
user_000087,The Bronx,Around The Horn,1,9,30,2009-01-01T00:00:00+00:00,2009-01-31T00:00:00+00:00,2006,punk,"hardcore, punk rock, hardcore punk",United Kingdom
user_000087,We Are Scientists,Chick Lit,1,7,30,2009-01-01T00:00:00+00:00,2009-01-31T00:00:00+00:00,2008,indie,"indie rock, alternative, rock",United States
user_000087,Sֵ‚awek Wierzcholski + Dֵ¼em,Blues Telefoniczny,1,4,30,2009-01-01T00:00:00+00:00,2009-01-31T00:00:00+00:00,1993,,,Poland
user_000087,Boy Division,Love Will Tear Us Apart,3,3,30,2009-01-01T00:00:00+00:00,2009-01-31T00:00:00+00:00,2012,noise,"electronic, hamburg, new wave",United Kingdom
user_000087,"Ewan Mcgregor, Jose Feliciano And Jacek Koman",El Tango De Roxanne,3,3,30,2009-01-01T00:00:00+00:00,2009-01-31T00:00:00+00:00,2001,musical,"Moulin Rouge, tango, ewan mcgregor",United States
user_000087,Frank Sinatra,Can'T Take My Eyes Of You,3,3,30,2009-01-01T00:00:00+00:00,2009-01-31T00:00:00+00:00,2007,jazz,"swing, oldies, vocal jazz",United States
user_000087,Muse,Can'T Take My Eyes Off You,3,3,30,2009-01-01T00:00:00+00:00,2009-01-31T00:00:00+00:00,2012,alternative rock,"rock, Progressive rock, alternative",United Kingdom
user_000087,Nicole Kidman & Ewan Mcgregor,Come What May,3,3,30,2009-01-01T00:00:00+00:00,2009-01-31T00:00:00+00:00,2001,musical,"Moulin Rouge, musicals, male vocalists",United Kingdom
user_000001,Towa Tei,A.O.R. (Feat. Lina Ohta),27,252,90,2009-01-01T00:00:00+00:00,2009-04-01T00:00:00+00:00,2008,electronic,"japanese, acid jazz, shibuya-kei",Japan
user_000001,Masomenos,Four,25,207,90,2009-01-01T00:00:00+00:00,2009-04-01T00:00:00+00:00,2010,minimal,"tech house, minimal techno, House",France
user_000001,Scsi-9,"Vesna, Lastic & Elliott",22,162,90,2009-01-01T00:00:00+00:00,2009-04-01T00:00:00+00:00,2013,minimal,"minimal techno, electronic, techno",
user_000001,Rֳ¶yksopp,Happy Up Here,12,131,90,2009-01-01T00:00:00+00:00,2009-04-01T00:00:00+00:00,2009,electronic,"chillout, ambient, norwegian",Norway
user_000001,Plaid,Bata,8,117,90,2009-01-01T00:00:00+00:00,2009-04-01T00:00:00+00:00,2008,idm,"electronic, ambient, Warp",United Kingdom
user_000001,Ian O'Brien,Where Does The Past End And The Present Begin?,13,94,90,2009-01-01T00:00:00+00:00,2009-04-01T00:00:00+00:00,1999,techno,"electronic, House, ambient",United Kingdom
user_000001,Bugge Wesseltoft,Take 5,11,85,90,2009-01-01T00:00:00+00:00,2009-04-01T00:00:00+00:00,2010,jazz,"nu jazz, electronic, norwegian",Norway
user_000001,Agustin Pereyra Lucena,Verbo Amar,13,81,90,2009-01-01T00:00:00+00:00,2009-04-01T00:00:00+00:00,1999,jazz,"argentina, Bossa Nova, guitar",Argentina
user_000001,Hudson Mohawke,Polkadot Blues,16,79,90,2009-01-01T00:00:00+00:00,2009-04-01T00:00:00+00:00,2009,electronic,"experimental, Hip-Hop, instrumental hip-hop",United Kingdom
user_000001,Madlib,For My Mans (Prelude),4,78,90,2009-01-01T00:00:00+00:00,2009-04-01T00:00:00+00:00,2008,Hip-Hop,"jazz, funk, rap",United States
user_000001,Clark,Growls Garden,9,58,90,2009-01-01T00:00:00+00:00,2009-04-01T00:00:00+00:00,2009,idm,"electronic, experimental, Warp",United Kingdom
user_000001,The Verve,Bitter Sweet Symphony (Original),4,39,90,2009-01-01T00:00:00+00:00,2009-04-01T00:00:00+00:00,2022,britpop,"rock, alternative, british",United Kingdom
user_000001,London Elektricity,South Eastern Dream,5,38,90,2009-01-01T00:00:00+00:00,2009-04-01T00:00:00+00:00,2018,Drum and bass,"liquid funk, electronic, dnb",United Kingdom
user_000001,I Am Robot And Proud,401 Circuit,3,37,90,2009-01-01T00:00:00+00:00,2009-04-01T00:00:00+00:00,2008,electronic,"idm, ambient, electronica",Canada
user_000001,Reflection,Opto,5,37,90,2009-01-01T00:00:00+00:00,2009-04-01T00:00:00+00:00,2007,hardcore,"youth crew, heavy metal, hardcore punk",Japan
user_000002,Tegan And Sara,Where Does The Good Go,11,95,90,2009-01-01T00:00:00+00:00,2009-04-01T00:00:00+00:00,2006,indie,"female vocalists, indie pop, Canadian",Canada
user_000002,Sophie Milman,Fever,5,79,90,2009-01-01T00:00:00+00:00,2009-04-01T00:00:00+00:00,2007,jazz,"female vocalists, jazz vocal, vocal jazz",Canada
user_000002,Sufjan Stevens,Carlyle Lake,3,78,90,2009-01-01T00:00:00+00:00,2009-04-01T00:00:00+00:00,2006,folk,"indie, singer-songwriter, alternative",United States
user_000002,Kettcar,Am Tisch,3,74,90,2009-01-01T00:00:00+00:00,2009-04-01T00:00:00+00:00,2009,indie,"german, indie rock, deutsch",Germany
user_000002,Tocotronic,"Aber Hier Leben, Nein Danke",3,64,90,2009-01-01T00:00:00+00:00,2009-04-01T00:00:00+00:00,2008,indie,"Hamburger Schule, german, alternative",Germany
user_000002,Bright Eyes,Classic Cars,3,62,90,2009-01-01T00:00:00+00:00,2009-04-01T00:00:00+00:00,2007,indie,"folk, singer-songwriter, indie rock",United States
user_000002,Devendra Banhart,I Feel Just Like A Child (Extended Mix),4,52,90,2009-01-01T00:00:00+00:00,2009-04-01T00:00:00+00:00,2005,folk,"singer-songwriter, freak folk, indie",United States
user_000002,Ella Fitzgerald,"Chelsea Bridge (Take 3, Rehearsal)",8,47,90,2009-01-01T00:00:00+00:00,2009-04-01T00:00:00+00:00,2009,jazz,"female vocalists, blues, swing",United States
user_000002,Robert Pattinson,Never Think,12,46,90,2009-01-01T00:00:00+00:00,2009-04-01T00:00:00+00:00,2008,acoustic,"singer-songwriter, british, twilight",Germany
user_000002,The Beatles,Back In The U.S.S.R.,2,46,90,2009-01-01T00:00:00+00:00,2009-04-01T00:00:00+00:00,2002,classic rock,"rock, british, 60s",United Kingdom
user_000002,Muse,Supermassive Black Hole,4,45,90,2009-01-01T00:00:00+00:00,2009-04-01T00:00:00+00:00,2006,alternative rock,"rock, alternative, british",United Kingdom
user_000002,Alkaline Trio,Do You Wanna Know?,2,44,90,2009-01-01T00:00:00+00:00,2009-04-01T00:00:00+00:00,2008,punk rock,"punk, alternative, emo",United States
user_000002,Mad Caddies,Backyard,2,43,90,2009-01-01T00:00:00+00:00,2009-04-01T00:00:00+00:00,2006,ska,"ska punk, punk, punk rock",United States
user_000002,The Libertines,I Get Along,3,43,90,2009-01-01T00:00:00+00:00,2009-04-01T00:00:00+00:00,2002,indie rock,"british, indie, rock",United Kingdom
user_000002,Tomte,New York,7,43,90,2009-01-01T00:00:00+00:00,2009-04-01T00:00:00+00:00,2007,indie,"german, Hamburger Schule, rock",Germany
user_000003,Beulah,Calm Go The Wild Seas,2,48,90,2009-01-01T00:00:00+00:00,2009-04-01T00:00:00+00:00,1999,indie,"indie pop, Elephant 6, indie rock",United States
user_000003,The Who,Behind Blue Eyes,4,33,90,2009-01-01T00:00:00+00:00,2009-04-01T00:00:00+00:00,2009,classic rock,"rock, british, 60s",United Kingdom
user_000003,The White Stripes,It'S True That We Love One Another,4,18,90,2009-01-01T00:00:00+00:00,2009-04-01T00:00:00+00:00,2003,rock,"alternative rock, alternative, indie",United States
user_000003,The Black Eyed Peas,The Boogie That Be,3,16,90,2009-01-01T00:00:00+00:00,2009-04-01T00:00:00+00:00,2005,Hip-Hop,"pop, rnb, rap",United States
user_000003,Benassi Bros.,Blackbird,2,15,90,2009-01-01T00:00:00+00:00,2009-04-01T00:00:00+00:00,2005,House,"electronic, dance, techno",Italy
user_000003,The Doors,Roadhouse Blues (Live),2,15,90,2009-01-01T00:00:00+00:00,2009-04-01T00:00:00+00:00,1993,classic rock,"Psychedelic Rock, rock, 60s",United States
user_000003,Oasis,Wonderwall,2,14,90,2009-01-01T00:00:00+00:00,2009-04-01T00:00:00+00:00,1996,britpop,"rock, 90s, alternative",United Kingdom
user_000003,Forgive Durden,A Dead Person Breathed On Me!,1,11,90,2009-01-01T00:00:00+00:00,2009-04-01T00:00:00+00:00,2006,indie,"alternative, rock, emo",United States
user_000003,Jack Johnson,Angel,2,11,90,2009-01-01T00:00:00+00:00,2009-04-01T00:00:00+00:00,2008,acoustic,"singer-songwriter, chill, alternative",United States
user_000003,Afi,Kill Caustic,2,10,90,2009-01-01T00:00:00+00:00,2009-04-01T00:00:00+00:00,2006,punk rock,"punk, alternative, rock",United States
user_000003,Daft Punk,Crescendolls,1,9,90,2009-01-01T00:00:00+00:00,2009-04-01T00:00:00+00:00,2003,electronic,"House, dance, techno",France
user_000003,Kanye West,Can'T Tell Me Nothing,4,8,90,2009-01-01T00:00:00+00:00,2009-04-01T00:00:00+00:00,2018,Kanye West,"Hip-Hop, rap, hip hop",United Kingdom
user_000003,The Beatles,Cayenne,1,8,90,2009-01-01T00:00:00+00:00,2009-04-01T00:00:00+00:00,2017,classic rock,"rock, british, 60s",United Kingdom
user_000003,Red Hot Chili Peppers,Fight Like A Brave,1,7,90,2009-01-01T00:00:00+00:00,2009-04-01T00:00:00+00:00,1987,rock,"alternative rock, Funk Rock, alternative",United States
user_000003,Say Anything,An Insult To The Dead,1,7,90,2009-01-01T00:00:00+00:00,2009-04-01T00:00:00+00:00,2007,alternative,"indie, rock, indie rock",United States
user_000004,Anni Rossi,Wheelpusher,222,222,90,2009-01-01T00:00:00+00:00,2009-04-01T00:00:00+00:00,2009,folk,"female vocalists, indie, singer-songwriter",United States
user_000004,Andy Yorke,Twist Of The Knife,30,46,90,2009-01-01T00:00:00+00:00,2009-04-01T00:00:00+00:00,2008,indie,"singer-songwriter, acoustic, male vocalists",United States
user_000004,Eugene Mcguinness,Not So Academic,4,32,90,2009-01-01T00:00:00+00:00,2009-04-01T00:00:00+00:00,2008,indie,"british, singer-songwriter, folk",United Kingdom
user_000004,The Heart Strings,Pedalo,27,32,90,2009-01-01T00:00:00+00:00,2009-04-01T00:00:00+00:00,2008,All,"indie pop, twee, london",United Kingdom
user_000004,Bat For Lashes,Daniel,3,31,90,2009-01-01T00:00:00+00:00,2009-04-01T00:00:00+00:00,2009,indie,"female vocalists, alternative, folk",United Kingdom
user_000004,Puressence,How Does It Feel?,18,18,90,2009-01-01T00:00:00+00:00,2009-04-01T00:00:00+00:00,2002,indie,"britpop, indie rock, alternative",United Kingdom
user_000004,Doves,Kingdom Of Rust (Instrumental),15,15,90,2009-01-01T00:00:00+00:00,2009-04-01T00:00:00+00:00,2010,indie,"indie rock, britpop, alternative",United Kingdom
user_000004,George Michael,Patience,10,11,90,2009-01-01T00:00:00+00:00,2009-04-01T00:00:00+00:00,2004,pop,"80s, british, soul",United Kingdom
user_000004,Get Well Soon,Coda,2,11,90,2009-01-01T00:00:00+00:00,2009-04-01T00:00:00+00:00,2006,indie,"singer-songwriter, german, alternative",Germany
user_000004,Hamish Imlach,Black Is The Colour,10,10,90,2009-01-01T00:00:00+00:00,2009-04-01T00:00:00+00:00,2020,celtic,"folk, Scottish, scottish folk",Australia
user_000004,Unforscene,68 On Third,1,10,90,2009-01-01T00:00:00+00:00,2009-04-01T00:00:00+00:00,2008,downtempo,"lounge, chillout, electronic",United Kingdom
user_000004,Wild Beasts,Brave Bulging Buoyant Clairvoyants,1,10,90,2009-01-01T00:00:00+00:00,2009-04-01T00:00:00+00:00,2006,indie rock,"indie, british, indie pop",United Kingdom
user_000004,L.P.,Wasted,9,9,90,2009-01-01T00:00:00+00:00,2009-04-01T00:00:00+00:00,2004,rock,"alternative, indie, female vocalists",Russian Federation
user_000004,Pin Me Down,Pretty In Pink,2,8,90,2009-01-01T00:00:00+00:00,2009-04-01T00:00:00+00:00,2010,indie,"electronic, british, alternative",United Kingdom
user_000004,Sometime,Heart Of Spades,2,8,90,2009-01-01T00:00:00+00:00,2009-04-01T00:00:00+00:00,2007,icelandic,"electronic, electropop, synthpop",Iceland
user_000005,Air,You Make It Easy,5,43,90,2009-01-01T00:00:00+00:00,2009-04-01T00:00:00+00:00,2024,electronic,"chillout, ambient, french",France
user_000005,Madonna,Fighting Spirit (Cleo'S Sparkles 'N Tears Club Mix),6,16,90,2009-01-01T00:00:00+00:00,2009-04-01T00:00:00+00:00,2005,pop,"dance, female vocalists, 80s",United States
user_000005,Red Hot Chili Peppers,Scar Tissue,2,15,90,2009-01-01T00:00:00+00:00,2009-04-01T00:00:00+00:00,2000,rock,"alternative rock, alternative, funk",United States
user_000005,Loreena Mckennitt,Marrakesh Night Market (V-Sag Remix),13,13,90,2009-01-01T00:00:00+00:00,2009-04-01T00:00:00+00:00,2015,celtic,"folk, new age, female vocalists",Canada
user_000005,The Prodigy,Charly,1,12,90,2009-01-01T00:00:00+00:00,2009-04-01T00:00:00+00:00,1998,electronic,"techno, industrial, dance",United Kingdom
user_000005,Dj Hype,Live On Kiss100 27/03/2005,7,7,90,2009-01-01T00:00:00+00:00,2009-04-01T00:00:00+00:00,2005,Drum and bass,"jungle, electronic, Drum n Bass",United Kingdom
user_000005,John Digweed,Kiss 100 02-04-2007,3,7,90,2009-01-01T00:00:00+00:00,2009-04-01T00:00:00+00:00,2007,Progressive House,"House, electronic, trance",United States
user_000005,Chocolate Puma,A Star Is Born,2,6,90,2009-01-01T00:00:00+00:00,2009-04-01T00:00:00+00:00,2003,House,"dance, electronic, club",United Kingdom
user_000005,Queen,I Want It All,6,6,90,2009-01-01T00:00:00+00:00,2009-04-01T00:00:00+00:00,2007,classic rock,"rock, hard rock, glam rock",United Kingdom
user_000005,Carl Cox,Global 308 - Area Sirius Xm 07-Feb-2009,3,5,90,2009-01-01T00:00:00+00:00,2009-04-01T00:00:00+00:00,2009,techno,"House, electronic, dance",United States
user_000005,Cassius,The Sound Of Violence,2,5,90,2009-01-01T00:00:00+00:00,2009-04-01T00:00:00+00:00,2006,House,"electronic, french, dance",France
user_000005,David Guetta,The World Is Mine (Album Version),2,5,90,2009-01-01T00:00:00+00:00,2009-04-01T00:00:00+00:00,2006,House,"dance, electronic, club",France
user_000005,Dj Tarkan,Deeper_1,1,5,90,2009-01-01T00:00:00+00:00,2009-04-01T00:00:00+00:00,2007,tarkan,"Progressive House, trance, pop",Tֳ¼rkiye
user_000005,R.E.M.,Man On The Moon,2,5,90,2009-01-01T00:00:00+00:00,2009-04-01T00:00:00+00:00,1993,rock,"alternative rock, alternative, indie",United States
user_000005,Armand Van Helden,Hear My Name (Original Club Mix),1,3,90,2009-01-01T00:00:00+00:00,2009-04-01T00:00:00+00:00,2010,House,"electronic, dance, club",New Zealand
user_000008,Kanye West,Say You Will,1777,22244,90,2009-01-01T00:00:00+00:00,2009-04-01T00:00:00+00:00,2021,Hip-Hop,"rap, hip hop, rnb",United Kingdom
user_000008,T.I.,56 Bars (Intro),260,4082,90,2009-01-01T00:00:00+00:00,2009-04-01T00:00:00+00:00,2008,Hip-Hop,"rap, Dirty South, southern rap",United States
user_000008,The Fray,You Found Me,243,1856,90,2009-01-01T00:00:00+00:00,2009-04-01T00:00:00+00:00,2007,alternative,"alternative rock, piano rock, rock",United Kingdom
user_000008,Muse,Hysteria,41,501,90,2009-01-01T00:00:00+00:00,2009-04-01T00:00:00+00:00,2006,alternative rock,"rock, Progressive rock, alternative",United Kingdom
user_000008,Clint Mansell,Together We Will Live Forever,271,275,90,2009-01-01T00:00:00+00:00,2009-04-01T00:00:00+00:00,2006,instrumental,"ambient, electronic, Classical",United Kingdom
user_000008,Linkin Park,Papercut,10,220,90,2009-01-01T00:00:00+00:00,2009-04-01T00:00:00+00:00,2000,Nu Metal,"rock, alternative rock, alternative",United States
user_000008,Safetysuit,Anywhere But Here,211,211,90,2009-01-01T00:00:00+00:00,2009-04-01T00:00:00+00:00,2008,alternative rock,"rock, alternative, indie rock",United States
user_000008,Dj Jeli,Don Johni - Anjelik,10,151,90,2009-01-01T00:00:00+00:00,2009-04-01T00:00:00+00:00,2024,,,Switzerland
user_000008,Apocalyptica Feat Three Days Grace,I Don'T Care,128,128,90,2009-01-01T00:00:00+00:00,2009-04-01T00:00:00+00:00,2008,symphonic metal,"instrumental, metal, finnish",Finland
user_000008,Jessy Greene,Time Bomb,125,125,90,2009-01-01T00:00:00+00:00,2009-04-01T00:00:00+00:00,2006,american,"acoustic, trip-hop, art pop",United States
user_000008,Saving Abel,Addicted,120,120,90,2009-01-01T00:00:00+00:00,2009-04-01T00:00:00+00:00,2009,alternative rock,"rock, post-grunge, hard rock",United States
user_000008,Apocalyptica Feat. Adam Gontier,I Don'T Care,110,110,90,2009-01-01T00:00:00+00:00,2009-04-01T00:00:00+00:00,2009,symphonic metal,"instrumental, metal, finnish",Finland
user_000008,Leona Lewis,Take A Bow,9,105,90,2009-01-01T00:00:00+00:00,2009-04-01T00:00:00+00:00,2007,pop,"female vocalists, rnb, soul",United Kingdom
user_000008,Kontrafakt,Prֳ­liֵ¡ Vela Vecֳ­,19,82,90,2009-01-01T00:00:00+00:00,2009-04-01T00:00:00+00:00,2004,Hip-Hop,"slovak, rap, slovakia",Slovakia
user_000008,Rufus Wainwright,Hallelujah,68,68,90,2009-01-01T00:00:00+00:00,2009-04-01T00:00:00+00:00,2004,singer-songwriter,"folk, indie, alternative",Germany
user_000009,Marilyn Manson,Lamb Of God,10,148,90,2009-01-01T00:00:00+00:00,2009-04-01T00:00:00+00:00,2000,industrial,"industrial metal, metal, rock",United States
user_000009,Bullet For My Valentine,All These Things I Hate (Revolve Around Me),14,94,90,2009-01-01T00:00:00+00:00,2009-04-01T00:00:00+00:00,2006,metalcore,"metal, hardcore, emocore",United Kingdom
user_000009,Him,Beautiful,17,63,90,2009-01-01T00:00:00+00:00,2009-04-01T00:00:00+00:00,2001,Love Metal,"Gothic Rock, rock, finnish",Finland
user_000009,Coheed And Cambria,Once Upon Your Dead Body,15,49,90,2009-01-01T00:00:00+00:00,2009-04-01T00:00:00+00:00,2005,Progressive rock,"rock, alternative, alternative rock",United States
user_000009,Dead Poetic,Glass In The Trees,12,37,90,2009-01-01T00:00:00+00:00,2009-04-01T00:00:00+00:00,2004,post-hardcore,"screamo, emo, emocore",United States
user_000009,Akon,I'M So Paid,3,33,90,2009-01-01T00:00:00+00:00,2009-04-01T00:00:00+00:00,2008,rnb,"Hip-Hop, rap, pop",Senegal
user_000009,Anberlin,The Unwinding Cable Car,21,33,90,2009-01-01T00:00:00+00:00,2009-04-01T00:00:00+00:00,2021,alternative rock,"rock, alternative, christian rock",United States
user_000009,Helalyn Flowers,Voices,3,32,90,2009-01-01T00:00:00+00:00,2009-04-01T00:00:00+00:00,2007,industrial,"industrial rock, electronic, Gothic",Italy
user_000009,Nickelback,If Today Was Your Last Day,5,31,90,2009-01-01T00:00:00+00:00,2009-04-01T00:00:00+00:00,2008,rock,"alternative rock, hard rock, alternative",Canada
user_000009,Green Day,Coming Clean,2,30,90,2009-01-01T00:00:00+00:00,2009-04-01T00:00:00+00:00,1994,punk rock,"rock, punk, pop punk",United States
user_000009,Oomph!,Labyrinth,13,28,90,2009-01-01T00:00:00+00:00,2009-04-01T00:00:00+00:00,2009,industrial metal,"industrial, german, metal",Germany
user_000009,The Birthday Massacre,Goodnight,9,28,90,2009-01-01T00:00:00+00:00,2009-04-01T00:00:00+00:00,2016,industrial,"Synth-Rock, Gothic, electronic",Canada
user_000009,Bleeding Through,Line In The Sand,2,22,90,2009-01-01T00:00:00+00:00,2009-04-01T00:00:00+00:00,2008,metalcore,"hardcore, death metal, metal",Greece
user_000009,John 5,Gods And Monsters,4,21,90,2009-01-01T00:00:00+00:00,2009-04-01T00:00:00+00:00,2005,instrumental,"guitar virtuoso, metal, rock",United States
user_000009,Journey,Faithfully,3,21,90,2009-01-01T00:00:00+00:00,2009-04-01T00:00:00+00:00,2017,classic rock,"rock, hard rock, 80s",United States
user_000012,Sonic Youth,The Eternal Montage For Newsweek.Com,37,303,90,2009-01-01T00:00:00+00:00,2009-04-01T00:00:00+00:00,1994,experimental,"post-punk, alternative, indie",United States
user_000012,Cut Copy,Far Away (Damn Arms Remix),21,291,90,2009-01-01T00:00:00+00:00,2009-04-01T00:00:00+00:00,2008,electronic,"indie, australian, electro",Australia
user_000012,Tim And Eric,Rolo Tony (Uncut),15,262,90,2009-01-01T00:00:00+00:00,2009-04-01T00:00:00+00:00,2008,i wanna meet that dad,"comedy, Great Job, adultswim",United States
user_000012,Marmoset,Eyes Are Looking,47,191,90,2009-01-01T00:00:00+00:00,2009-04-01T00:00:00+00:00,2001,indie rock,"psychedelic, indie, american",United States
user_000012,Rֳ¶yksopp,Happy Up Here,33,160,90,2009-01-01T00:00:00+00:00,2009-04-01T00:00:00+00:00,2009,electronic,"chillout, ambient, norwegian",Norway
user_000012,Flying Lotus,Parisian Goldfish,40,139,90,2009-01-01T00:00:00+00:00,2009-04-01T00:00:00+00:00,2008,electronic,"experimental, Hip-Hop, instrumental hip-hop",United States
user_000012,Reflex,Night Jam A,118,119,90,2009-01-01T00:00:00+00:00,2009-04-01T00:00:00+00:00,2007,pop,"russian, Russian Pop, dance",Russian Federation
user_000012,J Dilla,Waves,16,107,90,2009-01-01T00:00:00+00:00,2009-04-01T00:00:00+00:00,2006,Hip-Hop,"instrumental hip-hop, underground hip-hop, Stones throw",United States
user_000012,The Bird And The Bee,Again & Again,16,100,90,2009-01-01T00:00:00+00:00,2009-04-01T00:00:00+00:00,2006,poptron,"indie, indie pop, electronic",United States
user_000012,The Presets,Truth And Lies,19,91,90,2009-01-01T00:00:00+00:00,2009-04-01T00:00:00+00:00,2005,electronic,"australian, electro, Electroclash",United Kingdom
user_000012,Daft Punk,Face To Face,28,84,90,2009-01-01T00:00:00+00:00,2009-04-01T00:00:00+00:00,2002,poptron,"electronic, House, dance",France
user_000012,Diplo,Must Be A Devil,13,82,90,2009-01-01T00:00:00+00:00,2009-04-01T00:00:00+00:00,2007,electronic,"Hip-Hop, trip-hop, ninja tune",United States
user_000012,Phoenix,Lisztomania,23,80,90,2009-01-01T00:00:00+00:00,2009-04-01T00:00:00+00:00,2009,indie,"poptron, french, catchy",United Kingdom
user_000012,Kraftwerk,Showroom Dummies,5,75,90,2009-01-01T00:00:00+00:00,2009-04-01T00:00:00+00:00,1981,electronic,"synthpop, german, electronica",Germany
user_000012,Mstrkrft,Work On You,21,69,90,2009-01-01T00:00:00+00:00,2009-04-01T00:00:00+00:00,2007,electronic,"electro, dance, Canadian",Canada
user_000015,Combichrist,Kickstart The Fight,71,312,90,2009-01-01T00:00:00+00:00,2009-04-01T00:00:00+00:00,2009,industrial,"ebm, dark electro, electronic",
user_000015,Rammstein,Ich Will,28,114,90,2009-01-01T00:00:00+00:00,2009-04-01T00:00:00+00:00,2001,industrial metal,"metal, german, industrial",Germany
user_000015,Marilyn Manson,Personal Jesus,31,87,90,2009-01-01T00:00:00+00:00,2009-04-01T00:00:00+00:00,2004,industrial,"industrial metal, metal, rock",United States
user_000015,System Of A Down,Old School Hollywood,17,81,90,2009-01-01T00:00:00+00:00,2009-04-01T00:00:00+00:00,2014,alternative metal,"metal, Nu Metal, rock",United States
user_000015,Mgmt,Time To Pretend,27,76,90,2009-01-01T00:00:00+00:00,2009-04-01T00:00:00+00:00,2007,indie,"electronic, alternative, indietronica",United States
user_000015,Ac/Dc,Hard As A Rock,27,73,90,2009-01-01T00:00:00+00:00,2009-04-01T00:00:00+00:00,1996,hard rock,"classic rock, rock, heavy metal",Australia
user_000015,Dym,Egbm,15,52,90,2009-01-01T00:00:00+00:00,2009-04-01T00:00:00+00:00,2008,dark electro,"ebm, industrial, Harsh Electro",Canada
user_000015,Controlled Collapse,Without Me [Demo],20,50,90,2009-01-01T00:00:00+00:00,2009-04-01T00:00:00+00:00,2022,dark electro,"ebm, industrial, polish",Japan
user_000015,Ramona Reed,Znajdֵ÷ I Weֵ÷,42,48,90,2009-01-01T00:00:00+00:00,2009-04-01T00:00:00+00:00,2009,,,United States
user_000015,Metro Station,Shake It,36,43,90,2009-01-01T00:00:00+00:00,2009-04-01T00:00:00+00:00,2009,dance,"electronic, indie, powerpop",United States
user_000015,Michael Jackson,Black Or White,15,43,90,2009-01-01T00:00:00+00:00,2009-04-01T00:00:00+00:00,2013,pop,"80s, dance, soul",United States
user_000015,Cool Kids Of Death,Biec,18,40,90,2009-01-01T00:00:00+00:00,2009-04-01T00:00:00+00:00,2008,polish,"alternative rock, alternative, punk",Poland
user_000015,The Goo Goo Dolls,Iris,37,37,90,2009-01-01T00:00:00+00:00,2009-04-01T00:00:00+00:00,1998,rock,"alternative rock, alternative, 90s",United States
user_000015,Enrique Iglesias,Escape,34,34,90,2009-01-01T00:00:00+00:00,2009-04-01T00:00:00+00:00,2001,pop,"latin, spanish, dance",Spain
user_000015,Psyclon Nine,The Feeding,5,30,90,2009-01-01T00:00:00+00:00,2009-04-01T00:00:00+00:00,2005,dark electro,"industrial, ebm, Aggrotech",United States
user_000016,Oasis,Don'T Look Back In Anger,7,70,90,2009-01-01T00:00:00+00:00,2009-04-01T00:00:00+00:00,1996,britpop,"rock, 90s, british",United Kingdom
user_000016,The Verve,Velvet Morning,17,63,90,2009-01-01T00:00:00+00:00,2009-04-01T00:00:00+00:00,1999,britpop,"rock, alternative, british",United Kingdom
user_000016,Muse,Feeling Good,16,58,90,2009-01-01T00:00:00+00:00,2009-04-01T00:00:00+00:00,2002,alternative rock,"rock, Progressive rock, alternative",United Kingdom
user_000016,Kings Of Leon,Crawl,6,52,90,2009-01-01T00:00:00+00:00,2009-04-01T00:00:00+00:00,2014,rock,"indie, indie rock, alternative",United States
user_000016,Stereophonics,Traffic,4,49,90,2009-01-01T00:00:00+00:00,2009-04-01T00:00:00+00:00,1998,rock,"britpop, indie, alternative",United Kingdom
user_000016,Foo Fighters,Have It All,7,38,90,2009-01-01T00:00:00+00:00,2009-04-01T00:00:00+00:00,2003,rock,"alternative rock, Grunge, alternative",United States
user_000016,Alabama 3,Too Sick To Pray,5,26,90,2009-01-01T00:00:00+00:00,2009-04-01T00:00:00+00:00,2002,alternative,"blues, country, country acid house",United Kingdom
user_000016,Elbow,Grounds For Divorce,13,26,90,2009-01-01T00:00:00+00:00,2009-04-01T00:00:00+00:00,2020,indie,"alternative, indie rock, britpop",United Kingdom
user_000016,Audioslave,Cochise,10,24,90,2009-01-01T00:00:00+00:00,2009-04-01T00:00:00+00:00,2005,alternative rock,"rock, hard rock, Grunge",United States
user_000016,Paul Weller,Invisible (Live),3,24,90,2009-01-01T00:00:00+00:00,2009-04-01T00:00:00+00:00,2009,rock,"singer-songwriter, british, mod",United Kingdom
user_000016,Richard Ashcroft,Keys To The World,9,22,90,2009-01-01T00:00:00+00:00,2009-04-01T00:00:00+00:00,2006,britpop,"british, indie, singer-songwriter",Germany
user_000016,The Killers,Mr. Brightside,5,20,90,2009-01-01T00:00:00+00:00,2009-04-01T00:00:00+00:00,2017,rock,"indie rock, indie, alternative",United Kingdom
user_000016,Reverend Horton Heat,New York City Girls,4,18,90,2009-01-01T00:00:00+00:00,2009-04-01T00:00:00+00:00,2004,psychobilly,"rockabilly, rock, punk",United States
user_000016,Amy Winehouse,Monkey Man,7,16,90,2009-01-01T00:00:00+00:00,2009-04-01T00:00:00+00:00,2007,soul,"jazz, female vocalists, british",United Kingdom
user_000016,Fleet Foxes,Mykonos,3,16,90,2009-01-01T00:00:00+00:00,2009-04-01T00:00:00+00:00,2008,indie,"folk, indie rock, indie folk",United States
user_000017,Uriah Heep,Easy Livin',10,87,90,2009-01-01T00:00:00+00:00,2009-04-01T00:00:00+00:00,1972,hard rock,"classic rock, Progressive rock, rock",United Kingdom
user_000017,Nazareth,Love Hurts,16,55,90,2009-01-01T00:00:00+00:00,2009-04-01T00:00:00+00:00,2006,hard rock,"classic rock, rock, 70s",United Kingdom
user_000017,Ufo,Doctor Doctor,6,54,90,2009-01-01T00:00:00+00:00,2009-04-01T00:00:00+00:00,1994,hard rock,"classic rock, heavy metal, rock",United Kingdom
user_000017,Jethro Tull,Locomotive Breath,5,52,90,2009-01-01T00:00:00+00:00,2009-04-01T00:00:00+00:00,2018,Progressive rock,"classic rock, folk rock, rock",United Kingdom
user_000017,Deep Purple,Child In Time,4,51,90,2009-01-01T00:00:00+00:00,2009-04-01T00:00:00+00:00,1987,hard rock,"classic rock, rock, Progressive rock",United Kingdom
user_000017,Rainbow,Man On The Silver Mountain,6,49,90,2009-01-01T00:00:00+00:00,2009-04-01T00:00:00+00:00,1991,hard rock,"classic rock, heavy metal, rock",United Kingdom
user_000017,Grand Funk Railroad,Some Kind Of Wonderful,7,47,90,2009-01-01T00:00:00+00:00,2009-04-01T00:00:00+00:00,1996,classic rock,"hard rock, rock, 70s",United States
user_000017,Blue ֳ–yster Cult,This Ain'T The Summer Of Love,6,44,90,2009-01-01T00:00:00+00:00,2009-04-01T00:00:00+00:00,1991,hard rock,"classic rock, Progressive rock, rock",United States
user_000017,Wishbone Ash,Blowin' Free,5,44,90,2009-01-01T00:00:00+00:00,2009-04-01T00:00:00+00:00,1972,Progressive rock,"classic rock, hard rock, rock",United Kingdom
user_000017,Thin Lizzy,Whiskey In The Jar,4,43,90,2009-01-01T00:00:00+00:00,2009-04-01T00:00:00+00:00,1993,hard rock,"classic rock, rock, irish",Ireland
user_000017,Ian Gillan,No Laughing In Heaven,6,40,90,2009-01-01T00:00:00+00:00,2009-04-01T00:00:00+00:00,2008,hard rock,"classic rock, rock, Deep Purple family",United Kingdom
user_000017,Atomic Rooster,Devil'S Answer,22,39,90,2009-01-01T00:00:00+00:00,2009-04-01T00:00:00+00:00,1997,Progressive rock,"hard rock, classic rock, rock",United Kingdom
user_000017,Ten Years After,I Woke Up This Morning,6,38,90,2009-01-01T00:00:00+00:00,2009-04-01T00:00:00+00:00,1998,blues rock,"classic rock, rock, blues",United Kingdom
user_000017,Sarah Mclachlan,Sweet Surrender,5,36,90,2009-01-01T00:00:00+00:00,2009-04-01T00:00:00+00:00,2002,female vocalists,"singer-songwriter, pop, Canadian",Canada
user_000017,Kansas,Dust In The Wind,9,34,90,2009-01-01T00:00:00+00:00,2009-04-01T00:00:00+00:00,2002,classic rock,"70s, rock, Progressive rock",United States
user_000020,L'Arc~En~Ciel,Daybreak'S Bell,20,40,90,2009-01-01T00:00:00+00:00,2009-04-01T00:00:00+00:00,2008,J-rock,"japanese, rock, jrock",Japan
user_000020,Ludwig Van Beethoven,Allegro Con Brio,1,5,90,2009-01-01T00:00:00+00:00,2009-04-01T00:00:00+00:00,1994,Classical,"instrumental, romantic, composers",Germany
user_000020,Pure Reason Revolution,Victorious Cupid,3,4,90,2009-01-01T00:00:00+00:00,2009-04-01T00:00:00+00:00,2007,Progressive rock,"art rock, Progressive, british",United Kingdom
user_000020,Muse,Apocalypse Please,2,3,90,2009-01-01T00:00:00+00:00,2009-04-01T00:00:00+00:00,2023,alternative rock,"rock, Progressive rock, alternative",United Kingdom
user_000020,Alice Nine.,Eraser,1,1,90,2009-01-01T00:00:00+00:00,2009-04-01T00:00:00+00:00,2009,J-rock,"visual kei, japanese, jrock",United States
user_000020,Capsule,True Blue,1,1,90,2009-01-01T00:00:00+00:00,2009-04-01T00:00:00+00:00,2008,electronic,"japanese, shibuya-kei, j-pop",Japan
user_000020,Dir En Grey,Dead Tree,1,1,90,2009-01-01T00:00:00+00:00,2009-04-01T00:00:00+00:00,2007,J-rock,"visual kei, japanese, metal",Japan
user_000020,Ellegarden,Marry Me,1,1,90,2009-01-01T00:00:00+00:00,2009-04-01T00:00:00+00:00,2007,J-rock,"japanese, punk, rock",Japan
user_000020,Gackt,Mizerable,1,1,90,2009-01-01T00:00:00+00:00,2009-04-01T00:00:00+00:00,2004,J-rock,"japanese, visual kei, j-pop",Japan
user_000020,High And Mighty Color,Enrai ~Tooku Ni Aru Akari~,1,1,90,2009-01-01T00:00:00+00:00,2009-04-01T00:00:00+00:00,2007,J-rock,"japanese, female vocalists, j-pop",Japan
user_000020,Hyde,It'S Sad,1,1,90,2009-01-01T00:00:00+00:00,2009-04-01T00:00:00+00:00,2006,J-rock,"japanese, rock, Hyde",Japan
user_000020,Ikebukuro West Gate Park Ost,"Like This,Like That",1,1,90,2009-01-01T00:00:00+00:00,2009-04-01T00:00:00+00:00,2023,,,United States
user_000020,Orange Range,*~Asterisk,1,1,90,2009-01-01T00:00:00+00:00,2009-04-01T00:00:00+00:00,2003,J-rock,"japanese, j-pop, anime",Japan
user_000020,Original Love,Deep French Kiss,1,1,90,2009-01-01T00:00:00+00:00,2009-04-01T00:00:00+00:00,1998,shibuya-kei,"j-pop, japanese, pop",Japan
user_000020,Pierrot,Mennybֲ¿L Az Angyal,1,1,90,2009-01-01T00:00:00+00:00,2009-04-01T00:00:00+00:00,1995,J-rock,"visual kei, japanese, rock",Japan
user_000021,Attack In Black,Birmingham,13,217,90,2009-01-01T00:00:00+00:00,2009-04-01T00:00:00+00:00,2009,indie,"Canadian, indie rock, punk",Canada
user_000021,A.C. Newman,"Like A Hitman, Like A Dancer",17,180,90,2009-01-01T00:00:00+00:00,2009-04-01T00:00:00+00:00,2009,indie,"Canadian, indie rock, singer-songwriter",Australia
user_000021,Deerhunter,Ghost Outfit,13,164,90,2009-01-01T00:00:00+00:00,2009-04-01T00:00:00+00:00,2008,shoegaze,"experimental, psychedelic, indie",United States
user_000021,Bomb The Music Industry!,Stuff That I Like,19,157,90,2009-01-01T00:00:00+00:00,2009-04-01T00:00:00+00:00,2019,punk,"ska, ska punk, punk rock",United States
user_000021,Constantines,Fuckin' Up,12,152,90,2009-01-01T00:00:00+00:00,2009-04-01T00:00:00+00:00,2008,indie rock,"Canadian, indie, rock",Canada
user_000021,Arkells,Deadlines,15,150,90,2009-01-01T00:00:00+00:00,2009-04-01T00:00:00+00:00,2007,Canadian,"indie rock, rock, indie",Canada
user_000021,Black Lips,Drugs,13,148,90,2009-01-01T00:00:00+00:00,2009-04-01T00:00:00+00:00,2009,Garage Rock,"indie, Garage Punk, garage",United States
user_000021,Joel Plaskett,Through & Through & Through,11,145,90,2009-01-01T00:00:00+00:00,2009-04-01T00:00:00+00:00,2009,Canadian,"singer-songwriter, indie rock, indie",Canada
user_000021,Jon-Rae Fletcher,My Hands,17,143,90,2009-01-01T00:00:00+00:00,2009-04-01T00:00:00+00:00,2009,Alt-country,"folk, country, Canadian",Canada
user_000021,The Agnostic Mountain Gospel Choir,Dumb It Down,11,106,90,2009-01-01T00:00:00+00:00,2009-04-01T00:00:00+00:00,2008,blues,"Alt-country, folk, bluegrass",United Kingdom
user_000021,The Marked Men,Stay Away,8,104,90,2009-01-01T00:00:00+00:00,2009-04-01T00:00:00+00:00,2009,punk,"Garage Punk, punk rock, texas",United States
user_000021,Brutal Knights,Living By Yourself,13,100,90,2009-01-01T00:00:00+00:00,2009-04-01T00:00:00+00:00,2008,punk,"hardcore punk, Garage Punk, hardcore",Canada
user_000021,D.O.A.,Golden State,6,93,90,2009-01-01T00:00:00+00:00,2009-04-01T00:00:00+00:00,2008,hardcore punk,"punk, punk rock, hardcore",Canada
user_000021,Fake Problems,"You'Re A Serpent, You'Re A She-Snake",9,92,90,2009-01-01T00:00:00+00:00,2009-04-01T00:00:00+00:00,2009,folk punk,"punk, indie, folk",United States
user_000021,Cobra Skulls,The Streets Of Cairo (Cobralectric),10,81,90,2009-01-01T00:00:00+00:00,2009-04-01T00:00:00+00:00,2008,punk,"punk rock, folk punk, political",United States
user_000022,The Capstan Shafts,Everyone Plants Trees,35,240,90,2009-01-01T00:00:00+00:00,2009-04-01T00:00:00+00:00,2006,indie pop,"Lo-Fi, indie, indie rock",United States
user_000022,Quasi,The Curse Of Having It All,21,159,90,2009-01-01T00:00:00+00:00,2009-04-01T00:00:00+00:00,2001,indie rock,"indie, indie pop, portland",United States
user_000022,Decoration,Bafta,22,122,90,2009-01-01T00:00:00+00:00,2009-04-01T00:00:00+00:00,2019,britpop,"indie, angst, introspective",Canada
user_000022,The Wedding Present,Brassneck,9,112,90,2009-01-01T00:00:00+00:00,2009-04-01T00:00:00+00:00,1990,post-punk,"indie rock, indie, alternative",United Kingdom
user_000022,Bubblegum Lemonade,I'Ll Never Be Yours,40,100,90,2009-01-01T00:00:00+00:00,2009-04-01T00:00:00+00:00,2008,indie pop,"jangle pop, Scottish, indie",United Kingdom
user_000022,Butcher Boy,I Know Who You Could Be,18,84,90,2009-01-01T00:00:00+00:00,2009-04-01T00:00:00+00:00,2007,indie pop,"Scottish, twee, wrongly tagged as twee",United States
user_000022,The Shaky Hands,Why & How Come,36,83,90,2009-01-01T00:00:00+00:00,2009-04-01T00:00:00+00:00,2007,indie rock,"indie, folk rock, portland",New Zealand
user_000022,The Broken Family Band,"Walking Back To Jesus, Part Two",15,74,90,2009-01-01T00:00:00+00:00,2009-04-01T00:00:00+00:00,2004,indie,"indie rock, folk, Alt-country",United Kingdom
user_000022,Jesus Licks,Hide And Seek,33,72,90,2009-01-01T00:00:00+00:00,2009-04-01T00:00:00+00:00,2024,freak folk,,United Kingdom
user_000022,Cats On Fire,I Am The White-Mantled King,19,68,90,2009-01-01T00:00:00+00:00,2009-04-01T00:00:00+00:00,2007,indie pop,"finnish, indie, twee",Finland
user_000022,Let'S Wrestle,I Won'T Lie To You,41,66,90,2009-01-01T00:00:00+00:00,2009-04-01T00:00:00+00:00,2008,indie rock,"british, indie, indie pop",United Kingdom
user_000022,The Minders,I'Ve Been Wondering,25,66,90,2009-01-01T00:00:00+00:00,2009-04-01T00:00:00+00:00,2004,Elephant 6,"indie pop, Lo-Fi, indie",United Kingdom
user_000022,Ballboy,Donald In The Bushes With A Bag Of Glue,18,65,90,2009-01-01T00:00:00+00:00,2009-04-01T00:00:00+00:00,1999,Scottish,"indie pop, indie, twee",United Kingdom
user_000022,Grapefruit,Another Game,39,58,90,2009-01-01T00:00:00+00:00,2009-04-01T00:00:00+00:00,2020,psychedelic,"Psychedelic Rock, 60s, baroque pop",United Kingdom
user_000022,King Creosote,Home In A Sentence,18,58,90,2009-01-01T00:00:00+00:00,2009-04-01T00:00:00+00:00,2007,folk,"singer-songwriter, Scottish, indie",United Kingdom
user_000023,Muse,Tsp,67,951,90,2009-01-01T00:00:00+00:00,2009-04-01T00:00:00+00:00,2004,alternative rock,"rock, Progressive rock, alternative",United Kingdom
user_000023,Clint Mansell,Lux Aeterna,165,883,90,2009-01-01T00:00:00+00:00,2009-04-01T00:00:00+00:00,2009,instrumental,"ambient, electronic, Classical",United Kingdom
user_000023,Portishead,Roads,116,779,90,2009-01-01T00:00:00+00:00,2009-04-01T00:00:00+00:00,2008,trip-hop,"chillout, electronic, lush",United Kingdom
user_000023,Story One,Fatherland,63,650,90,2009-01-01T00:00:00+00:00,2009-04-01T00:00:00+00:00,2007,Broken Records,"5 cent theatre, number bands, rescue us",United States
user_000023,Nine Inch Nails,Home,35,309,90,2009-01-01T00:00:00+00:00,2009-04-01T00:00:00+00:00,1995,industrial,"industrial rock, electronic, alternative",United States
user_000023,Massive Attack,Live With Me,63,262,90,2009-01-01T00:00:00+00:00,2009-04-01T00:00:00+00:00,2009,trip-hop,"electronic, chillout, downtempo",United Kingdom
user_000023,Chris Vrenna,Taking Tea In Dreamland,46,254,90,2009-01-01T00:00:00+00:00,2009-04-01T00:00:00+00:00,2001,dark ambient,"electronic, industrial, experimental",United States
user_000023,Depeche Mode,Wrong,42,254,90,2009-01-01T00:00:00+00:00,2009-04-01T00:00:00+00:00,2009,electronic,"new wave, synthpop, synth pop",United Kingdom
user_000023,Unkle,Broken (Feat. Gavin Clark),46,235,90,2009-01-01T00:00:00+00:00,2009-04-01T00:00:00+00:00,2007,trip-hop,"electronic, downtempo, alternative",United Kingdom
user_000023,Akira Yamaoka,Alex Theme,59,223,90,2009-01-01T00:00:00+00:00,2009-04-01T00:00:00+00:00,2009,ambient,"japanese, video game music, Silent Hill",Japan
user_000023,Lovage,Sex (I'M A),74,94,90,2009-01-01T00:00:00+00:00,2009-04-01T00:00:00+00:00,2002,trip-hop,"downtempo, electronic, chillout",United States
user_000023,A Perfect Circle,Weak And Powerless (Tilling My Grave Mix),21,64,90,2009-01-01T00:00:00+00:00,2009-04-01T00:00:00+00:00,2010,alternative rock,"Progressive rock, alternative, rock",United States
user_000023,The Smashing Pumpkins,Ava Adore,27,56,90,2009-01-01T00:00:00+00:00,2009-04-01T00:00:00+00:00,1998,alternative rock,"Grunge, alternative, rock",United States
user_000023,Razorlight,Wire To Wire,54,54,90,2009-01-01T00:00:00+00:00,2009-04-01T00:00:00+00:00,2008,indie,"indie rock, british, rock",United Kingdom
user_000023,Charlie Clouser,Hello Zepp,34,52,90,2009-01-01T00:00:00+00:00,2009-04-01T00:00:00+00:00,2004,industrial,"electronic, instrumental, ambient",United States
user_000024,Kings Of Leon,Sex On Fire,3,8,90,2009-01-01T00:00:00+00:00,2009-04-01T00:00:00+00:00,2008,rock,"indie rock, alternative, indie",United States
user_000024,Fleet Foxes,Anyone Who'S Anyone,1,5,90,2009-01-01T00:00:00+00:00,2009-04-01T00:00:00+00:00,2006,folk,"indie, folk rock, indie rock",United States
user_000024,Rogue Wave,Chicago X 12,1,5,90,2009-01-01T00:00:00+00:00,2009-04-01T00:00:00+00:00,2008,indie,"indie rock, indie pop, alternative",United States
user_000024,Ambulance Ltd,Heavy Lifting,1,3,90,2009-01-01T00:00:00+00:00,2009-04-01T00:00:00+00:00,2004,indie rock,"indie, alternative, rock",United States
user_000024,Andrew Bird,Heretics,1,3,90,2009-01-01T00:00:00+00:00,2009-04-01T00:00:00+00:00,2007,folk,"singer-songwriter, indie, indie pop",United States
user_000024,Death Cab For Cutie,Death Of An Interior Decorator,1,3,90,2009-01-01T00:00:00+00:00,2009-04-01T00:00:00+00:00,2003,indie,"indie rock, alternative, rock",United States
user_000024,French Kicks,Knee High,1,3,90,2009-01-01T00:00:00+00:00,2009-04-01T00:00:00+00:00,2022,indie rock,"indie, indie pop, post-punk",United States
user_000024,Guster,All The Way Up To Heaven,1,3,90,2009-01-01T00:00:00+00:00,2009-04-01T00:00:00+00:00,2004,indie,"alternative, alternative rock, indie rock",United States
user_000024,Pete Yorn,How Do You Go On?,1,3,90,2009-01-01T00:00:00+00:00,2009-04-01T00:00:00+00:00,2006,singer-songwriter,"indie, alternative, rock",United States
user_000024,Pinback,Afk,1,3,90,2009-01-01T00:00:00+00:00,2009-04-01T00:00:00+00:00,2004,indie rock,"indie, alternative, indie pop",United States
user_000024,Someone Still Loves You Boris Yeltsin,Anna Lee,1,3,90,2009-01-01T00:00:00+00:00,2009-04-01T00:00:00+00:00,2005,indie,"indie pop, indie rock, Lo-Fi",United States
user_000024,The National,"Baby, We'Ll Be Fine",1,3,90,2009-01-01T00:00:00+00:00,2009-04-01T00:00:00+00:00,2009,indie rock,"indie, alternative, alternative rock",United Kingdom
user_000024,The Shins,A Comet Appears,1,3,90,2009-01-01T00:00:00+00:00,2009-04-01T00:00:00+00:00,2007,indie,"indie rock, indie pop, alternative",United Kingdom
user_000024,Apostle Of Hustle,Cheap Like Sebastien,1,2,90,2009-01-01T00:00:00+00:00,2009-04-01T00:00:00+00:00,2007,Canadian,"indie rock, indie, experimental",Canada
user_000024,Band Of Horses,The First Song,1,2,90,2009-01-01T00:00:00+00:00,2009-04-01T00:00:00+00:00,2006,indie,"indie rock, alternative, Alt-country",United States
user_000025,Rjd2,Supahero,14,93,90,2009-01-01T00:00:00+00:00,2009-04-01T00:00:00+00:00,2006,Hip-Hop,"electronic, trip-hop, electronica",United States
user_000025,Nickel Eye,Back From Exile,10,21,90,2009-01-01T00:00:00+00:00,2009-04-01T00:00:00+00:00,2009,indie rock,"indie, singer-songwriter, folk",United States
user_000025,The Strokes,Automatic Stop,3,18,90,2009-01-01T00:00:00+00:00,2009-04-01T00:00:00+00:00,2004,indie rock,"indie, rock, alternative",United Kingdom
user_000025,Daft Punk,Da Funk,7,14,90,2009-01-01T00:00:00+00:00,2009-04-01T00:00:00+00:00,2019,electronic,"poptron, House, dance",France
user_000025,Jan Johansson,Visa Frֳ¥n Utanmyra,5,14,90,2009-01-01T00:00:00+00:00,2009-04-01T00:00:00+00:00,2005,jazz,"piano, swedish, folk",Sweden
user_000025,Bloc Party,Ares,5,10,90,2009-01-01T00:00:00+00:00,2009-04-01T00:00:00+00:00,2008,indie,"indie rock, british, alternative",United Kingdom
user_000025,Milburn,Lipstick Licking,5,9,90,2009-01-01T00:00:00+00:00,2009-04-01T00:00:00+00:00,2006,indie rock,"indie, british, rock",United States
user_000025,Otis Redding,(Sittin' On) The Dock Of The Bay,6,8,90,2009-01-01T00:00:00+00:00,2009-04-01T00:00:00+00:00,1993,soul,"7soul, 60s, oldies",United States
user_000025,Jedi Mind Tricks,Walk With Me,2,7,90,2009-01-01T00:00:00+00:00,2009-04-01T00:00:00+00:00,2004,Hip-Hop,"underground hip-hop, rap, hip hop",United States
user_000025,Blind Melon,Harmful Belly,2,4,90,2009-01-01T00:00:00+00:00,2009-04-01T00:00:00+00:00,2008,Grunge,"alternative rock, rock, 90s",United States
user_000025,Queens Of The Stone Age,3'S & 7'S,1,4,90,2009-01-01T00:00:00+00:00,2009-04-01T00:00:00+00:00,2007,Stoner Rock,"alternative rock, rock, hard rock",United States
user_000025,Steely Dan,Kings,4,4,90,2009-01-01T00:00:00+00:00,2009-04-01T00:00:00+00:00,1972,Jazz Rock,"classic rock, rock, 70s",United States
user_000025,The Streets,Memento Mori,2,4,90,2009-01-01T00:00:00+00:00,2009-04-01T00:00:00+00:00,2006,Hip-Hop,"british, rap, indie",United Kingdom
user_000025,The Libertines,10-The_Libertines_-_What_Katie_Did-Ysp,2,3,90,2009-01-01T00:00:00+00:00,2009-04-01T00:00:00+00:00,2010,indie rock,"british, indie, rock",United Kingdom
user_000025,Vic Ruggiero,A Lovely Beginning,3,3,90,2009-01-01T00:00:00+00:00,2009-04-01T00:00:00+00:00,2008,ska,"acoustic, Need to Rate, singer-songwriter",United States
user_000029,The Airborne Toxic Event,Sometime Around Midnight,53,493,90,2009-01-01T00:00:00+00:00,2009-04-01T00:00:00+00:00,2023,indie rock,"indie, rock, american",United States
user_000029,Elbow,Grounds For Divorce,28,297,90,2009-01-01T00:00:00+00:00,2009-04-01T00:00:00+00:00,2020,indie,"alternative, indie rock, britpop",United Kingdom
user_000029,Nada Surf,Blonde On Blonde,10,230,90,2009-01-01T00:00:00+00:00,2009-04-01T00:00:00+00:00,2002,indie rock,"indie, alternative, alternative rock",United States
user_000029,Doves,Jetstream,17,112,90,2009-01-01T00:00:00+00:00,2009-04-01T00:00:00+00:00,2009,indie,"indie rock, britpop, alternative",United Kingdom
user_000029,Swervedriver,Andalucia,8,104,90,2009-01-01T00:00:00+00:00,2009-04-01T00:00:00+00:00,1994,shoegaze,"indie rock, alternative, indie",United Kingdom
user_000029,The Verve,Love Is Noise,5,99,90,2009-01-01T00:00:00+00:00,2009-04-01T00:00:00+00:00,2008,britpop,"rock, alternative, british",United Kingdom
user_000029,Asobi Seksu,Sooner,6,90,90,2009-01-01T00:00:00+00:00,2009-04-01T00:00:00+00:00,2002,shoegaze,"dream pop, indie, female vocalists",United States
user_000029,Marjorie Fair,Please Don'T,9,90,90,2009-01-01T00:00:00+00:00,2009-04-01T00:00:00+00:00,2004,indie rock,"indie, rock, indie pop",United States
user_000029,Silversun Pickups,Panic Switch,16,71,90,2009-01-01T00:00:00+00:00,2009-04-01T00:00:00+00:00,2009,indie rock,"shoegaze, indie, alternative",United States
user_000029,A. R. Rahman,Ringa Ringa,10,59,90,2009-01-01T00:00:00+00:00,2009-04-01T00:00:00+00:00,2008,Indian,"bollywood, Hindi, A R Rahman",India
user_000029,Earlimart,Everybody Knows Everybody,4,41,90,2009-01-01T00:00:00+00:00,2009-04-01T00:00:00+00:00,2007,indie rock,"indie, indie pop, alternative",United States
user_000029,M.I.A.,Paper Planes,27,38,90,2009-01-01T00:00:00+00:00,2009-04-01T00:00:00+00:00,2009,Hip-Hop,"electronic, dance, british",Italy
user_000029,The Raconteurs,"Steady, As She Goes",9,35,90,2009-01-01T00:00:00+00:00,2009-04-01T00:00:00+00:00,2006,rock,"alternative rock, indie rock, alternative",United Kingdom
user_000029,Death Cab For Cutie,A Lack Of Color,3,33,90,2009-01-01T00:00:00+00:00,2009-04-01T00:00:00+00:00,2003,indie,"indie rock, alternative, rock",United States
user_000029,Voyager One,Bedbugs And Ballyhoo,3,33,90,2009-01-01T00:00:00+00:00,2009-04-01T00:00:00+00:00,2002,shoegaze,"dream pop, indie rock, seattle",Australia
user_000030,The Fall,The Mixer,28,351,90,2009-01-01T00:00:00+00:00,2009-04-01T00:00:00+00:00,2003,post-punk,"new wave, punk, alternative",United Kingdom
user_000030,Kings Of Convenience,Toxic Girl,30,287,90,2009-01-01T00:00:00+00:00,2009-04-01T00:00:00+00:00,2000,acoustic,"indie, norwegian, indie pop",United Kingdom
user_000030,The Whitest Boy Alive,High On The Heels,37,284,90,2009-01-01T00:00:00+00:00,2009-04-01T00:00:00+00:00,2009,indie,"electronic, indie pop, norwegian",Germany
user_000030,Andrew Bird,"Not A Robot, But A Ghost",20,231,90,2009-01-01T00:00:00+00:00,2009-04-01T00:00:00+00:00,2009,folk,"singer-songwriter, indie, indie pop",United States
user_000030,New Order,The Perfect Kiss,20,225,90,2009-01-01T00:00:00+00:00,2009-04-01T00:00:00+00:00,2023,new wave,"post-punk, electronic, 80s",United Kingdom
user_000030,Animal Collective,Summertime Clothes,28,198,90,2009-01-01T00:00:00+00:00,2009-04-01T00:00:00+00:00,2009,experimental,"indie, freak folk, folk",United States
user_000030,The Jesus And Mary Chain,Far Gone And Out,5,142,90,2009-01-01T00:00:00+00:00,2009-04-01T00:00:00+00:00,2007,shoegaze,"post-punk, alternative, indie",United Kingdom
user_000030,Rֳ¶yksopp,You Don'T Have A Clue,20,102,90,2009-01-01T00:00:00+00:00,2009-04-01T00:00:00+00:00,2009,electronic,"chillout, ambient, norwegian",Norway
user_000030,Doves,Jetstream,37,100,90,2009-01-01T00:00:00+00:00,2009-04-01T00:00:00+00:00,2009,indie,"indie rock, britpop, alternative",United Kingdom
user_000030,Junior Boys,Parallel Lines,16,90,90,2009-01-01T00:00:00+00:00,2009-04-01T00:00:00+00:00,2009,electronic,"electropop, Canadian, indie",United States
user_000030,Deerhunter,Microcastle,14,88,90,2009-01-01T00:00:00+00:00,2009-04-01T00:00:00+00:00,2008,shoegaze,"experimental, psychedelic, indie",United States
user_000030,Gang Of Four,What We All Want,16,86,90,2009-01-01T00:00:00+00:00,2009-04-01T00:00:00+00:00,1981,post-punk,"new wave, punk, 80s",United Kingdom
user_000030,Asobi Seksu,Blind Little Rain,10,84,90,2009-01-01T00:00:00+00:00,2009-04-01T00:00:00+00:00,2009,shoegaze,"dream pop, indie, female vocalists",United States
user_000030,British Sea Power,Remember Me,14,84,90,2009-01-01T00:00:00+00:00,2009-04-01T00:00:00+00:00,2003,indie rock,"indie, british, alternative",United Kingdom
user_000030,Bat For Lashes,Daniel,19,83,90,2009-01-01T00:00:00+00:00,2009-04-01T00:00:00+00:00,2009,indie,"female vocalists, alternative, folk",United Kingdom
user_000031,Sleater-Kinney,Combat Rock,1,26,90,2009-01-01T00:00:00+00:00,2009-04-01T00:00:00+00:00,2002,riot grrrl,"indie rock, female vocalists, indie",United States
user_000031,Shriekback,A Kind Of Fascination,1,24,90,2009-01-01T00:00:00+00:00,2009-04-01T00:00:00+00:00,2015,new wave,"post-punk, alternative, 80s",United Kingdom
user_000031,Soul Coughing,Blueeyed Devil,2,20,90,2009-01-01T00:00:00+00:00,2009-04-01T00:00:00+00:00,1994,alternative,"alternative rock, indie, rock",United States
user_000031,Xtc,Ball And Chain,1,20,90,2009-01-01T00:00:00+00:00,2009-04-01T00:00:00+00:00,1994,new wave,"post-punk, 80s, pop",United Kingdom
user_000031,Spearhead,100.000 Miles,1,19,90,2009-01-01T00:00:00+00:00,2009-04-01T00:00:00+00:00,1995,death metal,"black metal, Hip-Hop, reggae",United States
user_000031,John Barbirolli: Hallֳ© Orchestra,"Elgar: Variations On An Original Theme, Op. 36, ""Enigma"" - 14. Romanza: ***",2,15,90,2009-01-01T00:00:00+00:00,2009-04-01T00:00:00+00:00,2020,,,United Kingdom
user_000031,Sequentia,Instrumental Interlude,3,15,90,2009-01-01T00:00:00+00:00,2009-04-01T00:00:00+00:00,2002,medieval,"early music, Classical, trance",Germany
user_000031,The Weakerthans,One Great City!,2,15,90,2009-01-01T00:00:00+00:00,2009-04-01T00:00:00+00:00,2010,indie rock,"Canadian, indie, alternative",United Kingdom
user_000031,Chicago Public Radio,Sound Opinions Examines Rock Plagiarism,2,12,90,2009-01-01T00:00:00+00:00,2009-04-01T00:00:00+00:00,2016,podcast,"public radio, this american life, npr",Armenia
user_000031,The The,Dogs Of Lust,1,12,90,2009-01-01T00:00:00+00:00,2009-04-01T00:00:00+00:00,2010,new wave,"post-punk, alternative, 80s",United Kingdom
user_000031,Michael Franti & Spearhead,Radio Segment,4,11,90,2009-01-01T00:00:00+00:00,2009-04-01T00:00:00+00:00,2001,reggae,"Hip-Hop, funk, political",United States
user_000031,The Flying Lizards,Money,3,11,90,2009-01-01T00:00:00+00:00,2009-04-01T00:00:00+00:00,2006,new wave,"post-punk, experimental, 80s",United Kingdom
user_000031,The Tourists,Angels And Demons,1,10,90,2009-01-01T00:00:00+00:00,2009-04-01T00:00:00+00:00,1980,new wave,"80s, british, pop",United Kingdom
user_000031,Stevie Wonder,All In Love Is Fair,1,9,90,2009-01-01T00:00:00+00:00,2009-04-01T00:00:00+00:00,1973,soul,"funk, motown, pop",United States
user_000031,Julieta Venegas,A Tu Lado,1,7,90,2009-01-01T00:00:00+00:00,2009-04-01T00:00:00+00:00,2003,latin,"female vocalists, pop, mexican",Mexico
user_000033,Damien Rice,Prague,43,402,90,2009-01-01T00:00:00+00:00,2009-04-01T00:00:00+00:00,2004,singer-songwriter,"acoustic, folk, indie",Ireland
user_000033,Muse,Hysteria,23,245,90,2009-01-01T00:00:00+00:00,2009-04-01T00:00:00+00:00,2006,alternative rock,"rock, Progressive rock, alternative",United Kingdom
user_000033,Acidman,I Stand Free,13,225,90,2009-01-01T00:00:00+00:00,2009-04-01T00:00:00+00:00,2008,J-rock,"japanese, rock, alternative",Japan
user_000033,Dir En Grey,Red Soil,22,162,90,2009-01-01T00:00:00+00:00,2009-04-01T00:00:00+00:00,2010,J-rock,"visual kei, japanese, metal",Japan
user_000033,Skin,Nothing But,24,158,90,2009-01-01T00:00:00+00:00,2009-04-01T00:00:00+00:00,2006,rock,"female vocalists, alternative rock, alternative",United Kingdom
user_000033,ֳ‰milie Simon,Fleur De Saison,23,129,90,2009-01-01T00:00:00+00:00,2009-04-01T00:00:00+00:00,2007,,,France
user_000033,Amanda Palmer,Astronaut: A Short History Of Nearly Nothing,18,117,90,2009-01-01T00:00:00+00:00,2009-04-01T00:00:00+00:00,2008,punk cabaret,"female vocalists, singer-songwriter, piano",United States
user_000033,Lisa Hannigan,An Ocean And A Rock,9,81,90,2009-01-01T00:00:00+00:00,2009-04-01T00:00:00+00:00,2009,folk,"female vocalists, singer-songwriter, irish",Ireland
user_000033,Radiohead,Karma Police,17,76,90,2009-01-01T00:00:00+00:00,2009-04-01T00:00:00+00:00,1997,alternative,"alternative rock, rock, indie",United Kingdom
user_000033,Serj Tankian,Empty Walls,11,40,90,2009-01-01T00:00:00+00:00,2009-04-01T00:00:00+00:00,2007,alternative metal,"alternative rock, alternative, rock",Ukraine
user_000033,The Babys,My Little Girl,5,36,90,2009-01-01T00:00:00+00:00,2009-04-01T00:00:00+00:00,2005,classic rock,"rock, 70s, hard rock",United Kingdom
user_000033,D'Espairsray,Tsuki No Kioku -Fallen-,7,35,90,2009-01-01T00:00:00+00:00,2009-04-01T00:00:00+00:00,2004,J-rock,"visual kei, japanese, industrial metal",Japan
user_000033,Vyvienne Long,Yoshimi Battles The Pink Robots Pt.1,35,35,90,2009-01-01T00:00:00+00:00,2009-04-01T00:00:00+00:00,2002,cello,"irish, female vocalists, singer-songwriter",Ireland
user_000033,Placebo,Broken Promise (Feat. Michael Stipe),4,32,90,2009-01-01T00:00:00+00:00,2009-04-01T00:00:00+00:00,2006,alternative rock,"alternative, rock, indie",Belgium
user_000033,Origa,Inner Universe,5,31,90,2009-01-01T00:00:00+00:00,2009-04-01T00:00:00+00:00,2003,russian,"female vocalists, anime, japanese",Japan
user_000035,Ken Ishii,Extra,5,81,90,2009-01-01T00:00:00+00:00,2009-04-01T00:00:00+00:00,1998,techno,"electronic, japanese, japan",Japan
user_000035,"Koji Kondo, Hajime Wakai",Aril'S Kidnapping,1,61,90,2009-01-01T00:00:00+00:00,2009-04-01T00:00:00+00:00,2023,Classical,"electronic, game, video game music",United States
user_000035,Cubismo Grafico,World Is Yours,2,46,90,2009-01-01T00:00:00+00:00,2009-04-01T00:00:00+00:00,2008,shibuya-kei,"electronic, japanese, lounge",Japan
user_000035,Peter Mcconnell,Mr. Frustration Man,3,39,90,2009-01-01T00:00:00+00:00,2009-04-01T00:00:00+00:00,1998,jazz,"video game music, ambient, videogame",United States
user_000035,Jeff Mills,Blue Print,2,31,90,2009-01-01T00:00:00+00:00,2009-04-01T00:00:00+00:00,2000,techno,"detroit techno, minimal, electronic",United States
user_000035,Vince Watson,Sublimina (Decryption),3,31,90,2009-01-01T00:00:00+00:00,2009-04-01T00:00:00+00:00,2006,techno,"detroit techno, electronic, tech house",Netherlands
user_000035,Crystal Castles,Air War,3,30,90,2009-01-01T00:00:00+00:00,2009-04-01T00:00:00+00:00,2006,electronic,"8-bit, new rave, electro",Canada
user_000035,Legowelt,Are You Really So Deep,2,30,90,2009-01-01T00:00:00+00:00,2009-04-01T00:00:00+00:00,2004,electro,"techno, electronic, Electroclash",Netherlands
user_000035,David Carretta,Vicious Game,4,29,90,2009-01-01T00:00:00+00:00,2009-04-01T00:00:00+00:00,2004,electro,"techno, Electroclash, electronic",Germany
user_000035,Felix Da Housecat,Control Freaq,2,28,90,2009-01-01T00:00:00+00:00,2009-04-01T00:00:00+00:00,2003,House,"electronic, Electroclash, electro",United States
user_000035,Hystereo,Winters In The City,10,28,90,2009-01-01T00:00:00+00:00,2009-04-01T00:00:00+00:00,2004,electronic,"Disco, french house, House",
user_000035,Drip-Dry Eyes,Electric Love,3,27,90,2009-01-01T00:00:00+00:00,2009-04-01T00:00:00+00:00,1990,electronic,"ambient, idm, japanese",United States
user_000035,Kanye West,Big Brother,3,25,90,2009-01-01T00:00:00+00:00,2009-04-01T00:00:00+00:00,2018,Hip-Hop,"rap, Kanye West, hip hop",United Kingdom
user_000035,Quadra,Outset,4,25,90,2009-01-01T00:00:00+00:00,2009-04-01T00:00:00+00:00,2016,psytrance,"psychedelic trance, psychedelic, electronic",Japan
user_000035,Sally Shapiro,Hold Me So Tight,7,25,90,2009-01-01T00:00:00+00:00,2009-04-01T00:00:00+00:00,2008,synthpop,"electronic, Italo Disco, swedish",Sweden
user_000036,The Knife,Pass This On,21,98,90,2009-01-01T00:00:00+00:00,2009-04-01T00:00:00+00:00,2004,electronic,"synthpop, swedish, electronica",United Kingdom
user_000036,Fever Ray,If I Had A Heart,14,69,90,2009-01-01T00:00:00+00:00,2009-04-01T00:00:00+00:00,2009,electronic,"ambient, swedish, female vocalists",United States
user_000036,Los Tres,Antes,5,60,90,2009-01-01T00:00:00+00:00,2009-04-01T00:00:00+00:00,1997,rock chileno,"rock, chile, Rock en Espanol",Chile
user_000036,Kaizers Orchestra,Bֳ¸n Fra Helvete,4,49,90,2009-01-01T00:00:00+00:00,2009-04-01T00:00:00+00:00,2006,norwegian,"alternative rock, rock, alternative",Norway
user_000036,Tom Waits,Dirt In The Ground,2,45,90,2009-01-01T00:00:00+00:00,2009-04-01T00:00:00+00:00,2013,blues,"singer-songwriter, experimental, rock",United States
user_000036,Pֳ¡nico,El Mambero,4,43,90,2009-01-01T00:00:00+00:00,2009-04-01T00:00:00+00:00,2001,indie,"ecuador, rock, electronic",Chile
user_000036,Gustavo Cerati,Amor Amarillo,3,40,90,2009-01-01T00:00:00+00:00,2009-04-01T00:00:00+00:00,1993,Rock Argentino,"rock, argentina, Rock en Espanol",Argentina
user_000036,Calle 13,Electro Movimiento,3,37,90,2009-01-01T00:00:00+00:00,2009-04-01T00:00:00+00:00,2008,latin,"Reggaeton, hip hop, Hip-Hop",Puerto Rico
user_000036,Morrissey,All You Need Is Me,2,24,90,2009-01-01T00:00:00+00:00,2009-04-01T00:00:00+00:00,2008,indie,"british, alternative, rock",United Kingdom
user_000036,Ancient,"Audrina, My Sweet",3,21,90,2009-01-01T00:00:00+00:00,2009-04-01T00:00:00+00:00,2001,black metal,"melodic black metal, Symphonic Black Metal, Norwegian Black Metal",United Kingdom
user_000036,Kinky,Papel Volando,3,21,90,2009-01-01T00:00:00+00:00,2009-04-01T00:00:00+00:00,2008,alternative,"electronic, rock, mexico",Mexico
user_000036,Tool,Eon Blue Apocalypse,2,19,90,2009-01-01T00:00:00+00:00,2009-04-01T00:00:00+00:00,2020,Progressive metal,"Progressive rock, alternative, metal",United States
user_000036,Dead Kennedys,Holiday In Cambodia,3,18,90,2009-01-01T00:00:00+00:00,2009-04-01T00:00:00+00:00,2015,punk,"hardcore punk, punk rock, hardcore",United States
user_000036,No Doubt,Simple Kind Of Life,10,18,90,2009-01-01T00:00:00+00:00,2009-04-01T00:00:00+00:00,2003,rock,"ska, pop, alternative",United States
user_000036,The Raveonettes,Attack Of The Ghost Riders,1,18,90,2009-01-01T00:00:00+00:00,2009-04-01T00:00:00+00:00,2023,indie rock,"indie, danish, alternative",United Kingdom
user_000037,Monsieur Minimal,Love Story,86,292,90,2009-01-01T00:00:00+00:00,2009-04-01T00:00:00+00:00,2008,indie,"electronic, electronica, experimental",Greece
user_000037,Antony And The Johnsons,Crazy In Love,17,94,90,2009-01-01T00:00:00+00:00,2009-04-01T00:00:00+00:00,2009,singer-songwriter,"chamber pop, indie, alternative",United Kingdom
user_000037,Tom Baxter,A Night Like This,14,93,90,2009-01-01T00:00:00+00:00,2009-04-01T00:00:00+00:00,2008,singer-songwriter,"acoustic, indie, male vocalists",United States
user_000037,Pet Shop Boys,Love Etc.,17,89,90,2009-01-01T00:00:00+00:00,2009-04-01T00:00:00+00:00,2009,synthpop,"electronic, pop, 80s",United Kingdom
user_000037,Pulp,Countdown,7,78,90,2009-01-01T00:00:00+00:00,2009-04-01T00:00:00+00:00,2012,britpop,"indie, british, alternative",United Kingdom
user_000037,Yoav,Beautiful Lie,14,72,90,2009-01-01T00:00:00+00:00,2009-04-01T00:00:00+00:00,2007,indie,"acoustic, electronic, alternative",United States
user_000037,Billy Mackenzie,What Made Me Turn On The Lights,7,56,90,2009-01-01T00:00:00+00:00,2009-04-01T00:00:00+00:00,1992,pop,"new wave, Scottish, 80s",United States
user_000037,Chris Garneau,Black & Blue,10,56,90,2009-01-01T00:00:00+00:00,2009-04-01T00:00:00+00:00,2010,singer-songwriter,"indie, piano, indie pop",United States
user_000037,Marc Almond,In Your Bed,31,56,90,2009-01-01T00:00:00+00:00,2009-04-01T00:00:00+00:00,1993,new wave,"pop, 80s, cabaret",United Kingdom
user_000037,Glen Hansard & Markֳ©ta Irglovֳ¡,If You Want Me,48,52,90,2009-01-01T00:00:00+00:00,2009-04-01T00:00:00+00:00,2007,folk,"singer-songwriter, irish, acoustic",Ireland
user_000037,Morrissey,"Irish Blood, English Heart",6,49,90,2009-01-01T00:00:00+00:00,2009-04-01T00:00:00+00:00,2020,indie,"british, alternative, rock",United Kingdom
user_000037,Dominique A,Monochrome,19,47,90,2009-01-01T00:00:00+00:00,2009-04-01T00:00:00+00:00,1999,french,"chanson francaise, singer-songwriter, indie",France
user_000037,Conjure One,Sleep,9,41,90,2009-01-01T00:00:00+00:00,2009-04-01T00:00:00+00:00,2002,ambient,"electronic, chillout, new age",United States
user_000037,Archive,All Time,3,39,90,2009-01-01T00:00:00+00:00,2009-04-01T00:00:00+00:00,1996,trip-hop,"electronic, Progressive rock, alternative",United Kingdom
user_000037,Portishead,Wandering Star (Live),4,39,90,2009-01-01T00:00:00+00:00,2009-04-01T00:00:00+00:00,1995,trip-hop,"lush, electronic, chillout",United Kingdom
user_000038,Suicide Commando,Under God'S Eye,12,380,90,2009-01-01T00:00:00+00:00,2009-04-01T00:00:00+00:00,1994,ebm,"industrial, dark electro, electronic",Belgium
user_000038,Agonoize,Circle Of Death,9,314,90,2009-01-01T00:00:00+00:00,2009-04-01T00:00:00+00:00,2005,ebm,"dark electro, industrial, Aggrotech",Germany
user_000038,Heimatֳ¦rde,Deus Lo Vult,10,137,90,2009-01-01T00:00:00+00:00,2009-04-01T00:00:00+00:00,2005,ebm,"industrial, dark electro, Aggrotech",Germany
user_000038,Diary Of Dreams,(Ver)Gift(Et)?,2,72,90,2009-01-01T00:00:00+00:00,2009-04-01T00:00:00+00:00,1998,darkwave,"Gothic, electronic, industrial",Germany
user_000038,Tiamat,To Have And Have Not,2,61,90,2009-01-01T00:00:00+00:00,2009-04-01T00:00:00+00:00,1999,Gothic Metal,"doom metal, death metal, metal",Sweden
user_000038,Hocico,Sucios Pensamientos,4,56,90,2009-01-01T00:00:00+00:00,2009-04-01T00:00:00+00:00,2000,dark electro,"ebm, industrial, darkwave",Mexico
user_000038,Combichrist,5Am (After Party),3,53,90,2009-01-01T00:00:00+00:00,2009-04-01T00:00:00+00:00,2007,industrial,"ebm, dark electro, electronic",
user_000038,Dark Sanctuary,Les Mֳ©moires Blessֳ©es,7,46,90,2009-01-01T00:00:00+00:00,2009-04-01T00:00:00+00:00,2004,neoclassical,"dark ambient, ethereal, Gothic",France
user_000038,Kiew,Anstaltsordnung,4,44,90,2009-01-01T00:00:00+00:00,2009-04-01T00:00:00+00:00,2004,industrial,"powernoise, ebm, noise",Germany
user_000038,Diorama,Advance (Remix),2,43,90,2009-01-01T00:00:00+00:00,2009-04-01T00:00:00+00:00,2001,darkwave,"synthpop, electronic, Gothic",Germany
user_000038,Xotox,Czarny Las,2,40,90,2009-01-01T00:00:00+00:00,2009-04-01T00:00:00+00:00,2008,industrial,"powernoise, Rhythmic Noise, noise",Germany
user_000038,Grendel,Void Malign,4,39,90,2009-01-01T00:00:00+00:00,2009-04-01T00:00:00+00:00,2007,ebm,"dark electro, industrial, Harsh EBM",Netherlands
user_000038,Assemblage 23,Binary,3,30,90,2009-01-01T00:00:00+00:00,2009-04-01T00:00:00+00:00,2012,ebm,"futurepop, synthpop, industrial",United States
user_000038,Panzer Ag,Battlefield,2,30,90,2009-01-01T00:00:00+00:00,2009-04-01T00:00:00+00:00,2004,industrial,"ebm, Aggrotech, dark electro",Norway
user_000038,Decoded Feedback,06 Fear,1,26,90,2009-01-01T00:00:00+00:00,2009-04-01T00:00:00+00:00,1994,ebm,"dark electro, industrial, electro-industrial",Canada
user_000040,Frittenbude,Hildegard,17,166,90,2009-01-01T00:00:00+00:00,2009-04-01T00:00:00+00:00,2008,electropunk,"electronic, german, electro",Germany
user_000040,Franz Ferdinand,What She Came For,16,162,90,2009-01-01T00:00:00+00:00,2009-04-01T00:00:00+00:00,2009,indie rock,"indie, rock, alternative",Austria
user_000040,Mando Diao,High Heels,13,88,90,2009-01-01T00:00:00+00:00,2009-04-01T00:00:00+00:00,2009,indie,"indie rock, rock, swedish",Sweden
user_000040,Crystal Castles,Untrust Us,14,84,90,2009-01-01T00:00:00+00:00,2009-04-01T00:00:00+00:00,2007,electronic,"poptron, 8-bit, electro",Canada
user_000040,Interpol,Slow Hands,11,75,90,2009-01-01T00:00:00+00:00,2009-04-01T00:00:00+00:00,2014,post-punk,"indie rock, indie, alternative",United States
user_000040,The Faint,Glass Danse,6,59,90,2009-01-01T00:00:00+00:00,2009-04-01T00:00:00+00:00,2008,electronic,"indie, indie rock, dance",United Kingdom
user_000040,The Last Shadow Puppets,Separate And Ever Deadly,7,49,90,2009-01-01T00:00:00+00:00,2009-04-01T00:00:00+00:00,2008,indie,"british, indie rock, alternative",United Kingdom
user_000040,Babyshambles,Back From The Dead,18,43,90,2009-01-01T00:00:00+00:00,2009-04-01T00:00:00+00:00,2025,british,"indie, indie rock, rock",United Kingdom
user_000040,Mgmt,Kids,17,42,90,2009-01-01T00:00:00+00:00,2009-04-01T00:00:00+00:00,2009,electronic,"indie, alternative, dance",United States
user_000040,Elliott Smith,A Fond Farewell,3,35,90,2009-01-01T00:00:00+00:00,2009-04-01T00:00:00+00:00,2004,acoustic,"indie, singer-songwriter, Mellow",United States
user_000040,The Beatles,I Am The Walrus,4,29,90,2009-01-01T00:00:00+00:00,2009-04-01T00:00:00+00:00,2014,classic rock,"rock, british, 60s",United Kingdom
user_000040,Bang Gang,Find What You Get,17,25,90,2009-01-01T00:00:00+00:00,2009-04-01T00:00:00+00:00,2006,trip-hop,"icelandic, electronic, indie",United States
user_000040,Kissogram,Forsaken People Come To Me,8,25,90,2009-01-01T00:00:00+00:00,2009-04-01T00:00:00+00:00,2004,electronic,"synthpop, Electroclash, electropop",Germany
user_000040,Klaxons,Golden Skans,5,24,90,2009-01-01T00:00:00+00:00,2009-04-01T00:00:00+00:00,2007,new rave,"indie, electronic, british",United Kingdom
user_000040,The Whitest Boy Alive,Burning,5,24,90,2009-01-01T00:00:00+00:00,2009-04-01T00:00:00+00:00,2006,indie,"electronic, indie pop, norwegian",Germany
user_000041,Stromkern,Stand Up,8,30,90,2009-01-01T00:00:00+00:00,2009-04-01T00:00:00+00:00,2006,ebm,"industrial, synthpop, electronic",United States
user_000041,The Prodigy,Diesel Power,25,25,90,2009-01-01T00:00:00+00:00,2009-04-01T00:00:00+00:00,1996,electronic,"techno, industrial, dance",United Kingdom
user_000041,Vnv Nation,Holding On,2,15,90,2009-01-01T00:00:00+00:00,2009-04-01T00:00:00+00:00,2001,futurepop,"ebm, electronic, industrial",Germany
user_000041,Absurd Minds,Master Builder,3,8,90,2009-01-01T00:00:00+00:00,2009-04-01T00:00:00+00:00,2002,ebm,"futurepop, industrial, synthpop",Germany
user_000041,Enya,On Your Shore,2,6,90,2009-01-01T00:00:00+00:00,2009-04-01T00:00:00+00:00,1992,new age,"celtic, ambient, female vocalists",Ireland
user_000041,Kent,Duett,1,6,90,2009-01-01T00:00:00+00:00,2009-04-01T00:00:00+00:00,2002,swedish,"rock, indie, alternative",Sweden
user_000041,Avril Lavigne,I'M With You,2,5,90,2009-01-01T00:00:00+00:00,2009-04-01T00:00:00+00:00,2007,pop,"pop rock, rock, avril lavigne",Canada
user_000041,De/Vision,My Own Worst Enemy,3,4,90,2009-01-01T00:00:00+00:00,2009-04-01T00:00:00+00:00,2006,synthpop,"electronic, futurepop, ebm",Germany
user_000041,Evil'S Toy,Virtual State,4,4,90,2009-01-01T00:00:00+00:00,2009-04-01T00:00:00+00:00,2024,ebm,"synthpop, futurepop, electronic",United Kingdom
user_000041,Infected Mushroom,Angel Jonatan,1,4,90,2009-01-01T00:00:00+00:00,2009-04-01T00:00:00+00:00,2002,psytrance,"electronic, psychedelic, trance",Israel
user_000041,Niccokick,I Want You Back,1,4,90,2009-01-01T00:00:00+00:00,2009-04-01T00:00:00+00:00,2003,swedish,"indie rock, indie, rock",
user_000041,Schmoof,Bubblegum,4,4,90,2009-01-01T00:00:00+00:00,2009-04-01T00:00:00+00:00,2007,synthpop,"electropop, frauen und technik, electronic",United Kingdom
user_000041,Slipknot,Snuff,3,4,90,2009-01-01T00:00:00+00:00,2009-04-01T00:00:00+00:00,2008,metal,"Nu Metal, Slipknot, beautiful",United States
user_000041,The Ark,Angelheads,1,4,90,2009-01-01T00:00:00+00:00,2009-04-01T00:00:00+00:00,2000,glam rock,"swedish, rock, pop",United Kingdom
user_000041,The Assembly,Life On Fire,1,4,90,2009-01-01T00:00:00+00:00,2009-04-01T00:00:00+00:00,2019,synthpop,"new wave, 80s, synth pop",United Kingdom
user_000044,Within Temptation,In Perfect Harmony,14,286,90,2009-01-01T00:00:00+00:00,2009-04-01T00:00:00+00:00,2001,within temptation,"Gothic Metal, Female fronted metal, metal",Netherlands
user_000044,Hammerfall,Always Will Be,22,178,90,2009-01-01T00:00:00+00:00,2009-04-01T00:00:00+00:00,2002,Power metal,"heavy metal, metal, swedish",Sweden
user_000044,Dragonforce,Fury Of The Storm,14,109,90,2009-01-01T00:00:00+00:00,2009-04-01T00:00:00+00:00,2015,Power metal,"speed metal, metal, Extreme Power Metal",United Kingdom
user_000044,Turisas,One More,9,89,90,2009-01-01T00:00:00+00:00,2009-04-01T00:00:00+00:00,2009,folk metal,"viking metal, battle metal, finnish",Finland
user_000044,Deep Purple,Lady Double Dealer,7,76,90,2009-01-01T00:00:00+00:00,2009-04-01T00:00:00+00:00,1985,hard rock,"classic rock, rock, Progressive rock",United Kingdom
user_000044,Blind Guardian,And Then There Was Silence,9,72,90,2009-01-01T00:00:00+00:00,2009-04-01T00:00:00+00:00,2004,Power metal,"speed metal, heavy metal, symphonic metal",Germany
user_000044,Him,Killing Loneliness,10,55,90,2009-01-01T00:00:00+00:00,2009-04-01T00:00:00+00:00,2006,Love Metal,"Gothic Rock, rock, finnish",Finland
user_000044,Savage Garden,Affirmation,8,53,90,2009-01-01T00:00:00+00:00,2009-04-01T00:00:00+00:00,2000,pop,"90s, australian, rock",Australia
user_000044,Sirenia,At Sixies And Sevens - 09 - In Sumerian Haze,7,52,90,2009-01-01T00:00:00+00:00,2009-04-01T00:00:00+00:00,2002,Gothic Metal,"symphonic metal, Female fronted metal, metal",Norway
user_000044,The Gathering,You Learn About It,9,38,90,2009-01-01T00:00:00+00:00,2009-04-01T00:00:00+00:00,2003,Gothic Metal,"Progressive metal, Female fronted metal, female vocalists",United Kingdom
user_000044,Nightwish,The Islander,9,36,90,2009-01-01T00:00:00+00:00,2009-04-01T00:00:00+00:00,2011,symphonic metal,"Power metal, Gothic Metal, metal",Finland
user_000044,Ensiferum,Tears,9,29,90,2009-01-01T00:00:00+00:00,2009-04-01T00:00:00+00:00,2017,folk metal,"viking metal, Melodic Death Metal, finnish",Finland
user_000044,Firewind,Angels Forgive Me,4,29,90,2009-01-01T00:00:00+00:00,2009-04-01T00:00:00+00:00,2008,Power metal,"heavy metal, speed metal, metal",Greece
user_000044,Era,Enae Volare,6,26,90,2009-01-01T00:00:00+00:00,2009-04-01T00:00:00+00:00,2022,new age,"ambient, celtic, chillout",France
user_000044,Apocalyptica,Bittersweet,12,25,90,2009-01-01T00:00:00+00:00,2009-04-01T00:00:00+00:00,2005,symphonic metal,"instrumental, metal, finnish",Finland
user_000046,The Haunted,All Against All,25,200,90,2009-01-01T00:00:00+00:00,2009-04-01T00:00:00+00:00,2010,thrash metal,"Melodic Death Metal, death metal, metal",United Kingdom
user_000046,Soulfly,Doom,13,58,90,2009-01-01T00:00:00+00:00,2009-04-01T00:00:00+00:00,2008,thrash metal,"Nu Metal, metal, groove metal",United States
user_000046,Deftones,Anniversary Of An Uninteresting Event,3,52,90,2009-01-01T00:00:00+00:00,2009-04-01T00:00:00+00:00,2003,Nu Metal,"alternative, metal, alternative rock",United States
user_000046,Acid Bath,The Blue,8,51,90,2009-01-01T00:00:00+00:00,2009-04-01T00:00:00+00:00,2014,Sludge,"doom metal, sludge metal, stoner metal",United States
user_000046,Corrosion Of Conformity,In The Arms Of God,8,48,90,2009-01-01T00:00:00+00:00,2009-04-01T00:00:00+00:00,2005,Stoner Rock,"stoner metal, heavy metal, metal",United States
user_000046,Mike Patton,A Perfect Twist (Vocal),5,39,90,2009-01-01T00:00:00+00:00,2009-04-01T00:00:00+00:00,2008,experimental,"Avant-Garde, mike patton, alternative",United States
user_000046,Isis,20 Minutes / 40 Years,6,37,90,2009-01-01T00:00:00+00:00,2009-04-01T00:00:00+00:00,2009,Post-Metal,"Sludge, post-rock, Progressive metal",United States
user_000046,Eyehategod,Dixie Whiskey,6,34,90,2009-01-01T00:00:00+00:00,2009-04-01T00:00:00+00:00,1995,Sludge,"doom metal, sludge metal, sludgecore",United States
user_000046,Slint,Breadcrumb Trail,7,34,90,2009-01-01T00:00:00+00:00,2009-04-01T00:00:00+00:00,1990,post-rock,"math rock, indie rock, indie",United States
user_000046,Melvins,Flush,2,32,90,2009-01-01T00:00:00+00:00,2009-04-01T00:00:00+00:00,2008,Sludge,"Grunge, Stoner Rock, rock",United States
user_000046,Lamb Of God,Contractor,25,31,90,2009-01-01T00:00:00+00:00,2009-04-01T00:00:00+00:00,2021,groove metal,"metalcore, thrash metal, metal",United States
user_000046,Virus,Stalkers Of The Drift,7,29,90,2009-01-01T00:00:00+00:00,2009-04-01T00:00:00+00:00,2008,Avant-garde Metal,"Progressive metal, Avant-Garde, Progressive rock",Russian Federation
user_000046,Deadboy & The Elephantmen,"Stop, I'M Already Dead",5,28,90,2009-01-01T00:00:00+00:00,2009-04-01T00:00:00+00:00,2005,rock,"indie rock, alternative, dax riggs",United States
user_000046,Opeth,Porcelain Heart,4,26,90,2009-01-01T00:00:00+00:00,2009-04-01T00:00:00+00:00,2008,Progressive metal,"progressive death metal, death metal, Melodic Death Metal",Sweden
user_000046,A Perfect Circle,Judith,3,25,90,2009-01-01T00:00:00+00:00,2009-04-01T00:00:00+00:00,2004,alternative rock,"Progressive rock, rock, alternative",United States
user_000053,N.E.R.D.,Anti Matter,4,37,90,2009-01-01T00:00:00+00:00,2009-04-01T00:00:00+00:00,2019,Hip-Hop,"rap, alternative, rock","Korea, Republic of"
user_000053,Britney Spears,Circus,3,27,90,2009-01-01T00:00:00+00:00,2009-04-01T00:00:00+00:00,2009,pop,"dance, Britney Spears, circus",United States
user_000053,Doom,Absolutely,2,26,90,2009-01-01T00:00:00+00:00,2009-04-01T00:00:00+00:00,2009,Crust,"crust punk, Hip-Hop, punk",United States
user_000053,Ludacris,Ludacris-Mvp,3,22,90,2009-01-01T00:00:00+00:00,2009-04-01T00:00:00+00:00,2008,Hip-Hop,"rap, Dirty South, hip hop",United States
user_000053,Yoanna,Ma Plume,4,19,90,2009-01-01T00:00:00+00:00,2009-04-01T00:00:00+00:00,2008,singer-songwriter,"chanson, accordion, funny",Switzerland
user_000053,Common,Make My Day,3,16,90,2009-01-01T00:00:00+00:00,2009-04-01T00:00:00+00:00,2008,Hip-Hop,"rap, hip hop, soul",United States
user_000053,Santogold,L.E.S. Artistes,3,15,90,2009-01-01T00:00:00+00:00,2009-04-01T00:00:00+00:00,2008,electronic,"indie, alternative, female vocalists",
user_000053,Madlib,Steppin' Into Tomorrow,4,14,90,2009-01-01T00:00:00+00:00,2009-04-01T00:00:00+00:00,2005,Hip-Hop,"jazz, funk, rap",United States
user_000053,John Legend,Each Day Gets Better,3,13,90,2009-01-01T00:00:00+00:00,2009-04-01T00:00:00+00:00,2006,soul,"rnb, Neo-Soul, singer-songwriter",United States
user_000053,Der Tante Renate,Utrecht,2,9,90,2009-01-01T00:00:00+00:00,2009-04-01T00:00:00+00:00,2007,electronic,"electro, electropunk, audiolith",Netherlands
user_000053,Peanut Butter Wolf,Run The Line,2,9,90,2009-01-01T00:00:00+00:00,2009-04-01T00:00:00+00:00,1998,Hip-Hop,"turntablism, Stones throw, underground hip-hop",United States
user_000053,Nicolay,Let It Shine For Me,7,8,90,2009-01-01T00:00:00+00:00,2009-04-01T00:00:00+00:00,2006,Hip-Hop,"instrumental hip-hop, producer, rap",Netherlands
user_000053,Bonobo,Hammond Pops,4,7,90,2009-01-01T00:00:00+00:00,2009-04-01T00:00:00+00:00,1998,downtempo,"electronic, trip-hop, chillout",United Kingdom
user_000053,Kid Cudi,Is There Any Love? (Feat. Wale),6,7,90,2009-01-01T00:00:00+00:00,2009-04-01T00:00:00+00:00,2011,Hip-Hop,"rap, alternative rap, hip hop",United States
user_000053,King Britt,King Britt Funk #1,2,7,90,2009-01-01T00:00:00+00:00,2009-04-01T00:00:00+00:00,2003,House,"Hip-Hop, funk, acid jazz",United States
user_000054,Judas Priest,Defenders Of The Faith,28,666,90,2009-01-01T00:00:00+00:00,2009-04-01T00:00:00+00:00,2015,heavy metal,"metal, hard rock, NWOBHM",United Kingdom
user_000054,Whitesnake,Here I Go Again,38,597,90,2009-01-01T00:00:00+00:00,2009-04-01T00:00:00+00:00,2006,hard rock,"classic rock, 80s, rock",United Kingdom
user_000054,Poison,Talk Dirty To Me,27,463,90,2009-01-01T00:00:00+00:00,2009-04-01T00:00:00+00:00,2008,hard rock,"hair metal, 80s, rock",United States
user_000054,Backyard Babies,Look At You,23,431,90,2009-01-01T00:00:00+00:00,2009-04-01T00:00:00+00:00,2005,hard rock,"rock, punk rock, swedish",Sweden
user_000054,The Prodigy,Invaders Must Die,35,367,90,2009-01-01T00:00:00+00:00,2009-04-01T00:00:00+00:00,2017,electronic,"techno, industrial, dance",United Kingdom
user_000054,Metallica,All Nightmare Long,10,345,90,2009-01-01T00:00:00+00:00,2009-04-01T00:00:00+00:00,2009,thrash metal,"heavy metal, metal, hard rock",United States
user_000054,Van Halen,Jamie'S Cryin',13,334,90,2009-01-01T00:00:00+00:00,2009-04-01T00:00:00+00:00,2021,hard rock,"classic rock, rock, heavy metal",United States
user_000054,Helloween,Halloween,10,329,90,2009-01-01T00:00:00+00:00,2009-04-01T00:00:00+00:00,2007,Power metal,"heavy metal, speed metal, metal",Germany
user_000054,Ozzy Osbourne,Shot In The Dark,17,322,90,2009-01-01T00:00:00+00:00,2009-04-01T00:00:00+00:00,1993,heavy metal,"hard rock, metal, classic rock",United Kingdom
user_000054,Motֳ¶rhead,Dancing On Your Grave,8,216,90,2009-01-01T00:00:00+00:00,2009-04-01T00:00:00+00:00,2005,heavy metal,"hard rock, speed metal, metal",United Kingdom
user_000054,Nine Inch Nails,Corona Radiata,42,213,90,2009-01-01T00:00:00+00:00,2009-04-01T00:00:00+00:00,2009,industrial,"industrial rock, electronic, alternative",United States
user_000054,Lynyrd Skynyrd,That Smell,16,211,90,2009-01-01T00:00:00+00:00,2009-04-01T00:00:00+00:00,2008,Southern Rock,"classic rock, rock, hard rock",United States
user_000054,Kings Of Leon,Closer,12,207,90,2009-01-01T00:00:00+00:00,2009-04-01T00:00:00+00:00,2017,rock,"indie rock, alternative rock, alternative",United States
user_000054,Slayer,Can'T Stand You,7,200,90,2009-01-01T00:00:00+00:00,2009-04-01T00:00:00+00:00,2013,thrash metal,"metal, speed metal, heavy metal",United States
user_000054,Johnny Cash,Folsom Prison Blues,9,196,90,2009-01-01T00:00:00+00:00,2009-04-01T00:00:00+00:00,2015,country,"folk, singer-songwriter, classic rock",United States
user_000055,Zeigeist,Fight With Shattered Mirrors,543,990,90,2009-01-01T00:00:00+00:00,2009-04-01T00:00:00+00:00,2008,electronic,"synthpop, swedish, electropop",Sweden
user_000055,Kylie Minogue,Magnetic Electric [Bonus Track],83,539,90,2009-01-01T00:00:00+00:00,2009-04-01T00:00:00+00:00,2007,pop,"dance, female vocalists, australian",Australia
user_000055,Empire Of The Sun,We Are The People,417,442,90,2009-01-01T00:00:00+00:00,2009-04-01T00:00:00+00:00,2013,electronic,"indie, synthpop, pop",Australia
user_000055,Polarkreis 18,Allein Allein,70,414,90,2009-01-01T00:00:00+00:00,2009-04-01T00:00:00+00:00,2024,electronic,"german, indie, indietronica",Germany
user_000055,Lamb,Cotton Wool (A Guy Called Gerald Mix),13,357,90,2009-01-01T00:00:00+00:00,2009-04-01T00:00:00+00:00,1997,trip-hop,"electronic, chillout, female vocalists",United Kingdom
user_000055,Clint Mansell,Death Is The Road To Awe,50,309,90,2009-01-01T00:00:00+00:00,2009-04-01T00:00:00+00:00,2006,instrumental,"ambient, electronic, Classical",United Kingdom
user_000055,Madonna,Miles Away,202,285,90,2009-01-01T00:00:00+00:00,2009-04-01T00:00:00+00:00,2009,pop,"dance, female vocalists, 80s",United States
user_000055,Cyndi Lauper,Into The Nightlife,32,273,90,2009-01-01T00:00:00+00:00,2009-04-01T00:00:00+00:00,2008,pop,"80s, female vocalists, new wave",United States
user_000055,Crystal Castles,Vanished,37,237,90,2009-01-01T00:00:00+00:00,2009-04-01T00:00:00+00:00,2008,poptron,"electronic, 8-bit, electronica",Canada
user_000055,Rֳ¶yksopp,What Else Is There,16,199,90,2009-01-01T00:00:00+00:00,2009-04-01T00:00:00+00:00,2006,electronic,"chillout, ambient, norwegian",Norway
user_000055,Blonde Redhead,The Dress,85,192,90,2009-01-01T00:00:00+00:00,2009-04-01T00:00:00+00:00,2007,indie,"indie rock, alternative, female vocalists",United States
user_000055,Shirley Bassey,This Is My Life,11,190,90,2009-01-01T00:00:00+00:00,2009-04-01T00:00:00+00:00,2006,jazz,"soul, female vocalists, pop",United States
user_000055,Grafton Primary,Records For The Righteous,17,178,90,2009-01-01T00:00:00+00:00,2009-04-01T00:00:00+00:00,2008,electronic,"australian, electro, synth electro","Korea, Republic of"
user_000055,Juvelen,Hanna,17,139,90,2009-01-01T00:00:00+00:00,2009-04-01T00:00:00+00:00,2007,electronic,"swedish, pop, indie",Sweden
user_000055,Natalie Portman'S Shaved Head,Me + Yr Daughter,12,139,90,2009-01-01T00:00:00+00:00,2009-04-01T00:00:00+00:00,2009,electronic,"synthpop, indie, electro",United States
user_000056,Robots In Disguise,I'M Hit,49,78,90,2009-01-01T00:00:00+00:00,2009-04-01T00:00:00+00:00,2008,Electroclash,"electronic, female vocalists, electropop",United Kingdom
user_000056,Alice In Videoland,Better Off,6,32,90,2009-01-01T00:00:00+00:00,2009-04-01T00:00:00+00:00,2005,Electroclash,"electronic, synthpop, swedish",Sweden
user_000056,Fischerspooner,We Need A War,2,13,90,2009-01-01T00:00:00+00:00,2009-04-01T00:00:00+00:00,2005,electronic,"Electroclash, synthpop, electro",United States
user_000056,Aqua,Good Morning Sunshine,2,12,90,2009-01-01T00:00:00+00:00,2009-04-01T00:00:00+00:00,2023,pop,"dance, eurodance, 90s",Denmark
user_000056,Calvin Harris,Certified,2,12,90,2009-01-01T00:00:00+00:00,2009-04-01T00:00:00+00:00,2007,electronic,"dance, electro, Disco",United States
user_000056,Lady Gaga,Boys Boys Boys,3,10,90,2009-01-01T00:00:00+00:00,2009-04-01T00:00:00+00:00,2008,pop,"dance, electronic, female vocalists",United States
user_000056,Morandi,Love Me,4,10,90,2009-01-01T00:00:00+00:00,2009-04-01T00:00:00+00:00,2011,dance,"pop, electronic, Romanian",Italy
user_000056,The Faint,Let The Poison Spill From Your Throat,2,9,90,2009-01-01T00:00:00+00:00,2009-04-01T00:00:00+00:00,2003,electronic,"indie, indie rock, dance",United Kingdom
user_000056,Yarabi,I Amar,4,9,90,2009-01-01T00:00:00+00:00,2009-04-01T00:00:00+00:00,2011,dance,"pop, Romanian, male vocalists",Romania
user_000056,The Retrosic,Bomb,3,8,90,2009-01-01T00:00:00+00:00,2009-04-01T00:00:00+00:00,2006,dark electro,"ebm, industrial, electronic",United Kingdom
user_000056,T.A.T.U.,Cosmos (Outer Space),1,7,90,2009-01-01T00:00:00+00:00,2009-04-01T00:00:00+00:00,2020,pop,"russian, electronic, female vocalists",Russian Federation
user_000056,Activ,Music Generation,2,6,90,2009-01-01T00:00:00+00:00,2009-04-01T00:00:00+00:00,2007,pop,"dance, Romanian, electronic",Romania
user_000056,Assemblage 23,30Kft,1,5,90,2009-01-01T00:00:00+00:00,2009-04-01T00:00:00+00:00,2004,ebm,"futurepop, synthpop, industrial",United States
user_000056,Ayria,Counterblow,1,5,90,2009-01-01T00:00:00+00:00,2009-04-01T00:00:00+00:00,2005,ebm,"industrial, electronic, synthpop",Canada
user_000056,Britney Spears,If U Seek Amy,3,5,90,2009-01-01T00:00:00+00:00,2009-04-01T00:00:00+00:00,2021,pop,"dance, Britney Spears, F-U-C-K me",United States
user_000063,Opeth,Godhead'S Lament,12,180,90,2009-01-01T00:00:00+00:00,2009-04-01T00:00:00+00:00,1999,Progressive metal,"progressive death metal, death metal, Melodic Death Metal",Sweden
user_000063,Blackfield,Blackfield,17,113,90,2009-01-01T00:00:00+00:00,2009-04-01T00:00:00+00:00,2007,Progressive rock,"melancholic, rock, alternative",United Kingdom
user_000063,Lao Che,Ty Czֵ‚owiek Jesteֵ›?,6,63,90,2009-01-01T00:00:00+00:00,2009-04-01T00:00:00+00:00,2020,alternative,"polish, alternative rock, rock",Poland
user_000063,Sigur Rֳ³s,Innֳ­ Mֳ©r Syngur Vitleysingur,6,54,90,2009-01-01T00:00:00+00:00,2009-04-01T00:00:00+00:00,2016,post-rock,"ambient, icelandic, alternative",Iceland
user_000063,Korpiklaani,Hunting Song,4,52,90,2009-01-01T00:00:00+00:00,2009-04-01T00:00:00+00:00,2005,folk metal,"viking metal, finnish, metal",Finland
user_000063,Riverside,Before,5,48,90,2009-01-01T00:00:00+00:00,2009-04-01T00:00:00+00:00,2005,Progressive rock,"Progressive metal, polish, Progressive",Cuba
user_000063,Poets Of The Fall,Where Do We Draw The Line,7,41,90,2009-01-01T00:00:00+00:00,2009-04-01T00:00:00+00:00,2008,alternative rock,"rock, finnish, alternative",Finland
user_000063,Trivium,Departure,2,38,90,2009-01-01T00:00:00+00:00,2009-04-01T00:00:00+00:00,2005,metalcore,"thrash metal, metal, heavy metal",United States
user_000063,System Of A Down,Radiovideo,3,37,90,2009-01-01T00:00:00+00:00,2009-04-01T00:00:00+00:00,2003,alternative metal,"metal, rock, alternative",United States
user_000063,God Is An Astronaut,Beyond The Dying Light,5,32,90,2009-01-01T00:00:00+00:00,2009-04-01T00:00:00+00:00,2007,post-rock,"instrumental, ambient, experimental",Ireland
user_000063,Archive,Absurd,2,31,90,2009-01-01T00:00:00+00:00,2009-04-01T00:00:00+00:00,2002,trip-hop,"electronic, Progressive rock, alternative",United Kingdom
user_000063,Metallica,Loverman,3,29,90,2009-01-01T00:00:00+00:00,2009-04-01T00:00:00+00:00,1998,thrash metal,"heavy metal, metal, hard rock",United States
user_000063,ֵ»ywioֵ‚ak,O? A Ha ??A Ky?A?A,4,29,90,2009-01-01T00:00:00+00:00,2009-04-01T00:00:00+00:00,1992,folk,"folk metal, polish, neofolk",Poland
user_000063,Hey,4 Pory Roku,2,28,90,2009-01-01T00:00:00+00:00,2009-04-01T00:00:00+00:00,2024,rock,"polish, alternative, female vocalists",Poland
user_000063,Hunter,Kiedy Umieram,3,27,90,2009-01-01T00:00:00+00:00,2009-04-01T00:00:00+00:00,2004,heavy metal,"polish, metal, thrash metal",United Kingdom
user_000064,Thֳ¥strֳ¶m,Kֳ₪rlek ֳ„r Fֳ¶r Dom,78,554,90,2009-01-01T00:00:00+00:00,2009-04-01T00:00:00+00:00,2009,swedish,"singer-songwriter, rock, punk",Sweden
user_000064,Ben Folds,You Don'T Know Me (Feat. Regina Spektor),41,199,90,2009-01-01T00:00:00+00:00,2009-04-01T00:00:00+00:00,2025,singer-songwriter,"piano rock, indie, alternative",United States
user_000064,Dr. Horrible,Brand New Day,19,191,90,2009-01-01T00:00:00+00:00,2009-04-01T00:00:00+00:00,1998,funny,"musical, lovethisartist",United States
user_000064,Volbeat,Maybellene I Hofteholder,60,173,90,2009-01-01T00:00:00+00:00,2009-04-01T00:00:00+00:00,2008,heavy metal,"metal, rockabilly, elvis metal",Denmark
user_000064,Kaiser Chiefs,Ruby,25,147,90,2009-01-01T00:00:00+00:00,2009-04-01T00:00:00+00:00,2009,indie,"indie rock, rock, british",United Kingdom
user_000064,Muse,Hysteria,21,104,90,2009-01-01T00:00:00+00:00,2009-04-01T00:00:00+00:00,2006,alternative rock,"rock, Progressive rock, alternative",United Kingdom
user_000064,The Pillows,Little Busters,19,98,90,2009-01-01T00:00:00+00:00,2009-04-01T00:00:00+00:00,2001,J-rock,"japanese, rock, anime",United Kingdom
user_000064,Stefan Sundstrֳ¶m,Onda Barn,10,88,90,2009-01-01T00:00:00+00:00,2009-04-01T00:00:00+00:00,1997,swedish,"singer-songwriter, rock, folk",Germany
user_000064,The Who,Behind Blue Eyes,27,86,90,2009-01-01T00:00:00+00:00,2009-04-01T00:00:00+00:00,2009,classic rock,"rock, british, 60s",United Kingdom
user_000064,Johnossi,18 Karat Gold,38,85,90,2009-01-01T00:00:00+00:00,2009-04-01T00:00:00+00:00,2008,swedish,"indie rock, indie, rock",Sweden
user_000064,Flogging Molly,The Light Of A Fading Star,11,76,90,2009-01-01T00:00:00+00:00,2009-04-01T00:00:00+00:00,2004,irish,"punk, folk, punk rock",United States
user_000064,Ebba Grֳ¶n,Die Mauer,9,72,90,2009-01-01T00:00:00+00:00,2009-04-01T00:00:00+00:00,1998,punk,"swedish, Swedish Punk, punk rock",Sweden
user_000064,Eldkvarn,Brֳ¶llopssֳ¥ng #1,12,71,90,2009-01-01T00:00:00+00:00,2009-04-01T00:00:00+00:00,2008,swedish,"rock, folk-rock, singer-songwriter",Sweden
user_000064,Morrissey,Let Me Kiss You,11,71,90,2009-01-01T00:00:00+00:00,2009-04-01T00:00:00+00:00,2013,indie,"british, alternative, rock",United Kingdom
user_000064,Rammstein,Rosenrot,17,67,90,2009-01-01T00:00:00+00:00,2009-04-01T00:00:00+00:00,2005,industrial metal,"metal, german, industrial",Germany
user_000065,Death Cab For Cutie,Bad Reputation,7,116,90,2009-01-01T00:00:00+00:00,2009-04-01T00:00:00+00:00,2005,indie,"indie rock, alternative, rock",United States
user_000065,Daedelus,Bass In It,7,89,90,2009-01-01T00:00:00+00:00,2009-04-01T00:00:00+00:00,2008,electronic,"experimental, idm, ninja tune",United States
user_000065,Bloc Party,One Month Off,10,88,90,2009-01-01T00:00:00+00:00,2009-04-01T00:00:00+00:00,2009,indie,"indie rock, british, alternative",United Kingdom
user_000065,Jay Brannan,Bowlegged & Starving,9,81,90,2009-01-01T00:00:00+00:00,2009-04-01T00:00:00+00:00,2008,acoustic,"singer-songwriter, indie, male vocalists",United States
user_000065,Peter Bjorn And John,Lay It Down,6,79,90,2009-01-01T00:00:00+00:00,2009-04-01T00:00:00+00:00,2009,indie,"swedish, indie pop, indie rock",Sweden
user_000065,The Decemberists,Raincoat Song,3,79,90,2009-01-01T00:00:00+00:00,2009-04-01T00:00:00+00:00,2008,indie,"folk, indie rock, alternative",United States
user_000065,Chromeo,100 Percent,7,70,90,2009-01-01T00:00:00+00:00,2009-04-01T00:00:00+00:00,2007,electronic,"funk, dance, electro",Canada
user_000065,Thomas Newman,April,6,67,90,2009-01-01T00:00:00+00:00,2009-04-01T00:00:00+00:00,2008,instrumental,"ambient, Classical, chillout",United States
user_000065,The Cure,A Forest,6,59,90,2009-01-01T00:00:00+00:00,2009-04-01T00:00:00+00:00,2021,new wave,"post-punk, 80s, alternative",United Kingdom
user_000065,Daft Punk,Face To Face / Short Circuit,6,56,90,2009-01-01T00:00:00+00:00,2009-04-01T00:00:00+00:00,2015,electronic,"House, dance, techno",France
user_000065,The Books,Tokyo,5,54,90,2009-01-01T00:00:00+00:00,2009-04-01T00:00:00+00:00,2011,experimental,"electronic, indie, indietronica",United Kingdom
user_000065,Stars,Reunion (Jason Collett),4,53,90,2009-01-01T00:00:00+00:00,2009-04-01T00:00:00+00:00,2005,indie,"indie pop, Canadian, indie rock",United States
user_000065,Menomena,Running,8,50,90,2009-01-01T00:00:00+00:00,2009-04-01T00:00:00+00:00,2007,experimental,"indie, indie rock, post-rock",
user_000065,Jenny Lewis,Rabbit Fur Coat,5,39,90,2009-01-01T00:00:00+00:00,2009-04-01T00:00:00+00:00,2006,indie,"female vocalists, singer-songwriter, folk",United States
user_000065,Josֳ© Gonzֳ¡lez,Down The Line,13,39,90,2009-01-01T00:00:00+00:00,2009-04-01T00:00:00+00:00,2008,acoustic,"singer-songwriter, folk, indie",Sweden
user_000066,Reik,Que Vida La Mia,3,12,90,2009-01-01T00:00:00+00:00,2009-04-01T00:00:00+00:00,2006,pop,"latin pop, latin, spanish",Mexico
user_000066,Amos Lee,"Keep It Loose, Keep It Tight",2,11,90,2009-01-01T00:00:00+00:00,2009-04-01T00:00:00+00:00,2005,singer-songwriter,"folk, soul, acoustic",United States
user_000066,The Album Leaf,Malmo,3,8,90,2009-01-01T00:00:00+00:00,2009-04-01T00:00:00+00:00,2003,post-rock,"ambient, instrumental, electronic",United Kingdom
user_000066,George Winston,Living In The Country,1,5,90,2009-01-01T00:00:00+00:00,2009-04-01T00:00:00+00:00,1998,piano,"new age, instrumental, Classical",United Kingdom
user_000066,Cherry Ghost,Mountain Bird,2,4,90,2009-01-01T00:00:00+00:00,2009-04-01T00:00:00+00:00,2011,indie,"british, indie rock, alternative",Argentina
user_000066,Alan,One,1,3,90,2009-01-01T00:00:00+00:00,2009-04-01T00:00:00+00:00,2009,j-pop,"chinese, female vocalists, C-pop",United States
user_000066,The Maccabees,About Your Dress,2,3,90,2009-01-01T00:00:00+00:00,2009-04-01T00:00:00+00:00,2007,indie,"indie rock, british, alternative",United Kingdom
user_000066,Utada,Easy Breezy,1,3,90,2009-01-01T00:00:00+00:00,2009-04-01T00:00:00+00:00,2004,pop,"japanese, j-pop, female vocalists",
user_000066,Jyongri,Possession,2,2,90,2009-01-01T00:00:00+00:00,2009-04-01T00:00:00+00:00,2007,j-pop,"japanese, female vocalists, pop",Japan
user_000066,Sweetbox,Everything'S Gonna Be Alright (Radio Version 85 Bpm),2,2,90,2009-01-01T00:00:00+00:00,2009-04-01T00:00:00+00:00,1999,pop,"female vocalists, german, rnb",Germany
user_000066,The Cribs,Moving Pictures,1,2,90,2009-01-01T00:00:00+00:00,2009-04-01T00:00:00+00:00,2007,indie rock,"indie, british, alternative",United Kingdom
user_000066,Ani Difranco,Both Hands (2007 Version),1,1,90,2009-01-01T00:00:00+00:00,2009-04-01T00:00:00+00:00,2007,folk,"singer-songwriter, female vocalists, indie",United States
user_000066,As One,Rumours,1,1,90,2009-01-01T00:00:00+00:00,2009-04-01T00:00:00+00:00,2005,Korean,"electronic, techno, k-pop",United Kingdom
user_000066,Attic Lights,Never Get Sick Of The Sea,1,1,90,2009-01-01T00:00:00+00:00,2009-04-01T00:00:00+00:00,2008,indie,"Scottish, pop, indie rock",United Kingdom
user_000066,Belanova,Niֳ±o,1,1,90,2009-01-01T00:00:00+00:00,2009-04-01T00:00:00+00:00,2006,electropop,"pop, mexican, electronic",Mexico
user_000067,Coldplay,Viva La Vida,85,203,90,2009-01-01T00:00:00+00:00,2009-04-01T00:00:00+00:00,2009,alternative,"rock, Coldplay, alternative rock",United Kingdom
user_000067,Jupiter One,Mystery Man,53,143,90,2009-01-01T00:00:00+00:00,2009-04-01T00:00:00+00:00,2008,indie,"indie rock, indie pop, alternative",United States
user_000067,The Bravery,Believe,46,128,90,2009-01-01T00:00:00+00:00,2009-04-01T00:00:00+00:00,2018,indie rock,"indie, rock, alternative",United Kingdom
user_000067,The Killers,Human,20,128,90,2009-01-01T00:00:00+00:00,2009-04-01T00:00:00+00:00,2009,indie rock,"indie, rock, The Killers",United Kingdom
user_000067,Stars,Your Ex-Lover Is Dead (Final Fantasy Remix),30,115,90,2009-01-01T00:00:00+00:00,2009-04-01T00:00:00+00:00,2004,indie,"indie pop, Canadian, indie rock",United States
user_000067,Death Cab For Cutie,I Will Possess Your Heart,31,110,90,2009-01-01T00:00:00+00:00,2009-04-01T00:00:00+00:00,2009,indie,"indie rock, alternative, rock",United States
user_000067,Muse,Supermassive Black Hole,20,106,90,2009-01-01T00:00:00+00:00,2009-04-01T00:00:00+00:00,2006,alternative rock,"rock, alternative, british",United Kingdom
user_000067,Metric,The Police And The Private,12,91,90,2009-01-01T00:00:00+00:00,2009-04-01T00:00:00+00:00,2005,indie,"indie rock, female vocalists, Canadian",Canada
user_000067,Anna Schaad,The Journey,10,81,90,2009-01-01T00:00:00+00:00,2009-04-01T00:00:00+00:00,2022,celtic,"folk, under 2000 listeners, Fusion",Germany
user_000067,The East Village Opera Company,Flower Duet Redux (Lakmֳ©),6,76,90,2009-01-01T00:00:00+00:00,2009-04-01T00:00:00+00:00,2005,Classical,"rock, opera, new york",United Kingdom
user_000067,Barenaked Ladies,One Week,19,73,90,2009-01-01T00:00:00+00:00,2009-04-01T00:00:00+00:00,2001,rock,"alternative, Canadian, alternative rock",Canada
user_000067,Editors,An End Has A Start,13,65,90,2009-01-01T00:00:00+00:00,2009-04-01T00:00:00+00:00,,indie rock,"indie, british, alternative",Netherlands
user_000067,Queen,Killer Queen,21,64,90,2009-01-01T00:00:00+00:00,2009-04-01T00:00:00+00:00,1993,classic rock,"rock, hard rock, glam rock",United Kingdom
user_000067,Saint Etienne,A Good Thing,8,57,90,2009-01-01T00:00:00+00:00,2009-04-01T00:00:00+00:00,2008,electronic,"indie pop, pop, female vocalists",United Kingdom
user_000067,Anna Schaad And David Macvittie,Roll In The Heather,9,53,90,2009-01-01T00:00:00+00:00,2009-04-01T00:00:00+00:00,2007,,,Germany
user_000068,Die Fantastischen Vier,Tag Am Meer (Unplugged),126,3037,90,2009-01-01T00:00:00+00:00,2009-04-01T00:00:00+00:00,2003,german,"Hip-Hop, hip hop, deutsch",Germany
user_000068,Fettes Brot,Viele Wege Fֳ¼hren Nach Rom,80,1751,90,2009-01-01T00:00:00+00:00,2009-04-01T00:00:00+00:00,2002,hip hop,"german, Hip-Hop, deutsch",Germany
user_000068,Dixie Chicks,Top Of The World,46,1177,90,2009-01-01T00:00:00+00:00,2009-04-01T00:00:00+00:00,2002,country,"female vocalists, folk, bluegrass",United States
user_000068,Johnny Cash,I Still Miss Someone,47,996,90,2009-01-01T00:00:00+00:00,2009-04-01T00:00:00+00:00,1964,country,"folk, singer-songwriter, classic rock",United States
user_000068,The Seldom Scene,Will The Circle Be Unbroken,24,798,90,2009-01-01T00:00:00+00:00,2009-04-01T00:00:00+00:00,1988,bluegrass,"country, folk-country, progressive bluegrass",United States
user_000068,Seeed,Ding,30,709,90,2009-01-01T00:00:00+00:00,2009-04-01T00:00:00+00:00,2006,reggae,"dancehall, german, german reggae",Germany
user_000068,Versbox,Ich Bin Frei,20,698,90,2009-01-01T00:00:00+00:00,2009-04-01T00:00:00+00:00,2003,hip hop,"political, polit rap, german",Germany
user_000068,Falco,Auf Der Flucht,33,476,90,2009-01-01T00:00:00+00:00,2009-04-01T00:00:00+00:00,2017,pop,"80s, new wave, austrian",Austria
user_000068,Jan Delay,Rebecca & Svenja,27,469,90,2009-01-01T00:00:00+00:00,2009-04-01T00:00:00+00:00,2001,german,"funk, reggae, Hip-Hop",Germany
user_000068,Dendemann,Check Mal Die Rhetorik Ab,28,374,90,2009-01-01T00:00:00+00:00,2009-04-01T00:00:00+00:00,2006,hip hop,"german, Hip-Hop, rap",Germany
user_000068,Dolly Parton,Blue Me,12,372,90,2009-01-01T00:00:00+00:00,2009-04-01T00:00:00+00:00,1992,country,"female vocalists, singer-songwriter, folk",United States
user_000068,Aleksi Aubry-Carlson,Main Theme,53,309,90,2009-01-01T00:00:00+00:00,2009-04-01T00:00:00+00:00,2019,instrumental,"Classical, Game Music, All",United Kingdom
user_000068,The Alan Parsons Project,Pipeline (Instrumental),5,281,90,2009-01-01T00:00:00+00:00,2009-04-01T00:00:00+00:00,2013,Progressive rock,"classic rock, rock, 80s",United Kingdom
user_000068,Johnny Cash & June Carter Cash,Brand New Dance,22,266,90,2009-01-01T00:00:00+00:00,2009-04-01T00:00:00+00:00,2006,country,"folk, classic country, 70s",United States
user_000068,Mattias Ia Eklundh,Legends Of The North,53,210,90,2009-01-01T00:00:00+00:00,2009-04-01T00:00:00+00:00,2004,guitar virtuoso,"Progressive metal, instrumental, guitar",Sweden
user_000069,Disturbed,The Night,65,435,90,2009-01-01T00:00:00+00:00,2009-04-01T00:00:00+00:00,2008,Nu Metal,"metal, hard rock, alternative",United States
user_000069,Coldplay,Violet Hill,58,207,90,2009-01-01T00:00:00+00:00,2009-04-01T00:00:00+00:00,2008,rock,"alternative, britpop, alternative rock",United Kingdom
user_000069,Metallica,Cyanide,46,203,90,2009-01-01T00:00:00+00:00,2009-04-01T00:00:00+00:00,2009,thrash metal,"heavy metal, metal, hard rock",United States
user_000069,Killswitch Engage,Break The Silence,17,135,90,2009-01-01T00:00:00+00:00,2009-04-01T00:00:00+00:00,2006,metalcore,"metal, Melodic Death Metal, hardcore",United States
user_000069,Jay-Z,D'Evils,9,50,90,2009-01-01T00:00:00+00:00,2009-04-01T00:00:00+00:00,1998,Hip-Hop,"rap, hip hop, east coast rap",United States
user_000069,Dragonforce,Lost Souls In Endless Time,12,47,90,2009-01-01T00:00:00+00:00,2009-04-01T00:00:00+00:00,2005,Power metal,"speed metal, metal, Extreme Power Metal",United Kingdom
user_000069,Jedi Mind Tricks,Rise Of The Machines (Feat. Ras Kass),6,41,90,2009-01-01T00:00:00+00:00,2009-04-01T00:00:00+00:00,2003,Hip-Hop,"underground hip-hop, rap, hip hop",United States
user_000069,The Notorious B.I.G.,Ten Crack Commandments,7,30,90,2009-01-01T00:00:00+00:00,2009-04-01T00:00:00+00:00,1997,Hip-Hop,"rap, Gangsta Rap, east coast rap",United States
user_000069,Guns N' Roses,Riad N' The Bedouins,5,29,90,2009-01-01T00:00:00+00:00,2009-04-01T00:00:00+00:00,2008,hard rock,"rock, classic rock, 80s",United States
user_000069,Gang Starr,New York Niggas,6,28,90,2009-01-01T00:00:00+00:00,2009-04-01T00:00:00+00:00,1998,Hip-Hop,"rap, underground hip-hop, hip hop",United States
user_000069,Ghostface Killah,Assassination Day,2,27,90,2009-01-01T00:00:00+00:00,2009-04-01T00:00:00+00:00,1996,Hip-Hop,"rap, wu-tang, hip hop",United States
user_000069,Az,Ho Happy Jackie,3,24,90,2009-01-01T00:00:00+00:00,2009-04-01T00:00:00+00:00,1995,Hip-Hop,"rap, new york, east coast rap",United States
user_000069,Masta Killa,Grab The Mic,2,20,90,2009-01-01T00:00:00+00:00,2009-04-01T00:00:00+00:00,2010,Hip-Hop,"wu-tang, rap, east coast rap",United States
user_000069,Aerosmith,Mama Kin,6,17,90,2009-01-01T00:00:00+00:00,2009-04-01T00:00:00+00:00,2020,hard rock,"classic rock, rock, 80s",United States
user_000069,Death Cab For Cutie,Soul Meets Body,6,17,90,2009-01-01T00:00:00+00:00,2009-04-01T00:00:00+00:00,2011,indie,"indie rock, alternative, rock",United States
user_000072,Amy Winehouse,Tears Dry On Their Own,27,154,90,2009-01-01T00:00:00+00:00,2009-04-01T00:00:00+00:00,2007,soul,"jazz, british, pop",United Kingdom
user_000072,Garou,You And I,28,95,90,2009-01-01T00:00:00+00:00,2009-04-01T00:00:00+00:00,2008,french,"pop, soft rock, male vocalists",Spain
user_000072,Nek,Walking Away (Feat. Craig David),11,92,90,2009-01-01T00:00:00+00:00,2009-04-01T00:00:00+00:00,2009,italian,"pop, rock, male vocalists",Italy
user_000072,Ryan Star,Brand New Day,22,91,90,2009-01-01T00:00:00+00:00,2009-04-01T00:00:00+00:00,2010,alternative rock,"rock, singer-songwriter, alternative",United States
user_000072,Laura Pausini,Primavera In Anticipo (It Is My Song) (Feat. James Blunt),19,83,90,2009-01-01T00:00:00+00:00,2009-04-01T00:00:00+00:00,2008,pop,"italian, female vocalists, italian pop",Italy
user_000072,Civil Twilight,Human,57,78,90,2009-01-01T00:00:00+00:00,2009-04-01T00:00:00+00:00,2009,alternative,"alternative rock, indie rock, indie",South Africa
user_000072,Alanis Morissette,Not As We,33,74,90,2009-01-01T00:00:00+00:00,2009-04-01T00:00:00+00:00,2008,female vocalists,"rock, alternative, singer-songwriter",Canada
user_000072,Tiziano Ferro,Alla Mia Etֳ ,33,72,90,2009-01-01T00:00:00+00:00,2009-04-01T00:00:00+00:00,2015,italian,"pop, male vocalists, italian pop",Italy
user_000072,Grant Lee Buffalo,Happiness,46,69,90,2009-01-01T00:00:00+00:00,2009-04-01T00:00:00+00:00,2001,alternative,"rock, americana, singer-songwriter",United States
user_000072,Tori Amos,Sleeps With Butterflies,4,68,90,2009-01-01T00:00:00+00:00,2009-04-01T00:00:00+00:00,2006,female vocalists,"singer-songwriter, alternative, piano",United States
user_000072,Sigur Rֳ³s,Hoppֳ­polla,12,63,90,2009-01-01T00:00:00+00:00,2009-04-01T00:00:00+00:00,2006,post-rock,"ambient, icelandic, alternative",Iceland
user_000072,Michael Bublֳ©,Everything,4,59,90,2009-01-01T00:00:00+00:00,2009-04-01T00:00:00+00:00,2009,jazz,"swing, pop, easy listening",Canada
user_000072,Josֳ© Gonzֳ¡lez,Crosses,11,49,90,2009-01-01T00:00:00+00:00,2009-04-01T00:00:00+00:00,2008,acoustic,"singer-songwriter, folk, indie",Sweden
user_000072,Aqualung,Easier To Lie,33,48,90,2009-01-01T00:00:00+00:00,2009-04-01T00:00:00+00:00,2003,indie,"singer-songwriter, alternative, indie rock",United Kingdom
user_000072,Josh Groban,My December,5,45,90,2009-01-01T00:00:00+00:00,2009-04-01T00:00:00+00:00,2004,Classical,"pop, opera, vocal",United States
user_000074,Radiohead,Up On The Ladder,20,512,90,2009-01-01T00:00:00+00:00,2009-04-01T00:00:00+00:00,2010,rock,"alternative, alternative rock, indie",United Kingdom
user_000074,Thom Yorke,And It Rained All Night (Burial Remix),42,268,90,2009-01-01T00:00:00+00:00,2009-04-01T00:00:00+00:00,2006,electronic,"experimental, alternative, indie",United Kingdom
user_000074,Moderat,A New Error,30,258,90,2009-01-01T00:00:00+00:00,2009-04-01T00:00:00+00:00,2009,electronic,"idm, techno, glitch",Germany
user_000074,Rֳ¶yksopp,The Girl And The Robot,48,207,90,2009-01-01T00:00:00+00:00,2009-04-01T00:00:00+00:00,2009,electronic,"chillout, ambient, norwegian",Norway
user_000074,Ludovico Einaudi,Farewell To The Past,17,187,90,2009-01-01T00:00:00+00:00,2009-04-01T00:00:00+00:00,2002,piano,"Classical, contemporary classical, instrumental",Italy
user_000074,Antony And The Johnsons,Kiss My Name,29,164,90,2009-01-01T00:00:00+00:00,2009-04-01T00:00:00+00:00,2009,singer-songwriter,"chamber pop, indie, alternative",United Kingdom
user_000074,Hauschka,Rode Null,19,142,90,2009-01-01T00:00:00+00:00,2009-04-01T00:00:00+00:00,2008,piano,"ambient, instrumental, contemporary classical",Germany
user_000074,John Parish & Polly Jean Harvey,Black Hearted Love,23,102,90,2009-01-01T00:00:00+00:00,2009-04-01T00:00:00+00:00,2009,alternative,"rock, female vocalists, singer-songwriter",United States
user_000074,Lady Gaga,Just Dance,18,92,90,2009-01-01T00:00:00+00:00,2009-04-01T00:00:00+00:00,2012,dance,"pop, Lady Gaga, electronic",United States
user_000074,Bjֳ¶rk,All Is Full Of Love,3,90,90,2009-01-01T00:00:00+00:00,2009-04-01T00:00:00+00:00,2002,electronic,"experimental, alternative, female vocalists",Iceland
user_000074,Animal Collective,My Girls,14,88,90,2009-01-01T00:00:00+00:00,2009-04-01T00:00:00+00:00,2009,experimental,"indie, freak folk, folk",United States
user_000074,Estelle,Wait A Minute (Just A Touch),13,71,90,2009-01-01T00:00:00+00:00,2009-04-01T00:00:00+00:00,2008,rnb,"soul, female vocalists, Hip-Hop",United Kingdom
user_000074,Gyֳ¶rgy Ligeti,"Away, You Swagpot",2,71,90,2009-01-01T00:00:00+00:00,2009-04-01T00:00:00+00:00,1992,contemporary classical,"Avant-Garde, Classical, experimental",Hungary
user_000074,Massive Attack,Angel,6,69,90,2009-01-01T00:00:00+00:00,2009-04-01T00:00:00+00:00,1998,trip-hop,"electronic, chillout, trip hop",United Kingdom
user_000074,Kate Bush,Mother Stands For Comfort,5,64,90,2009-01-01T00:00:00+00:00,2009-04-01T00:00:00+00:00,1985,female vocalists,"singer-songwriter, pop, alternative",United Kingdom
user_000075,Josֳ© Gonzֳ¡lez,Heartbeats,17,219,90,2009-01-01T00:00:00+00:00,2009-04-01T00:00:00+00:00,2008,acoustic,"chillout, indie, Mellow",Sweden
user_000075,Cat Power,Ice Water,15,196,90,2009-01-01T00:00:00+00:00,2009-04-01T00:00:00+00:00,2017,indie,"female vocalists, singer-songwriter, folk",United States
user_000075,The Black Heart Procession,The Letter,19,133,90,2009-01-01T00:00:00+00:00,2009-04-01T00:00:00+00:00,2006,indie,"indie rock, post-rock, alternative",United States
user_000075,Bonnie 'Prince' Billy,Wolf Among Wolves,15,111,90,2009-01-01T00:00:00+00:00,2009-04-01T00:00:00+00:00,2012,folk,"singer-songwriter, Alt-country, indie",United States
user_000075,Pearl Jam,Oceans,4,108,90,2009-01-01T00:00:00+00:00,2009-04-01T00:00:00+00:00,,Grunge,"rock, alternative rock, 90s",United States
user_000075,Mazzy Star,Be My Angel,5,85,90,2009-01-01T00:00:00+00:00,2009-04-01T00:00:00+00:00,1990,dream pop,"beautiful, Dreamy, indie",United States
user_000075,The Afghan Whigs,Omerta,17,83,90,2009-01-01T00:00:00+00:00,2009-04-01T00:00:00+00:00,1998,alternative rock,"rock, alternative, indie rock",United Kingdom
user_000075,Dave Matthews Band,Grey Street,19,64,90,2009-01-01T00:00:00+00:00,2009-04-01T00:00:00+00:00,2014,rock,"alternative, alternative rock, Acoustic Rock",United States
user_000075,Alice In Chains,Real Thing,16,60,90,2009-01-01T00:00:00+00:00,2009-04-01T00:00:00+00:00,2016,Grunge,"alternative rock, rock, hard rock",United States
user_000075,John Frusciante,Leap Your Bar,6,59,90,2009-01-01T00:00:00+00:00,2009-04-01T00:00:00+00:00,2004,experimental,"alternative, singer-songwriter, rock",United States
user_000075,The God Machine,Boy By The Roadside,5,58,90,2009-01-01T00:00:00+00:00,2009-04-01T00:00:00+00:00,1994,alternative rock,"alternative metal, alternative, Stoner Rock",United States
user_000075,The Twilight Singers,Powder Burns,4,42,90,2009-01-01T00:00:00+00:00,2009-04-01T00:00:00+00:00,2023,alternative rock,"alternative, indie rock, rock",United States
user_000075,Deus,Hotellounge (Be The Death Of Me),6,41,90,2009-01-01T00:00:00+00:00,2009-04-01T00:00:00+00:00,1995,alternative,"alternative rock, rock, belgian",Belgium
user_000075,Eddie Vedder,Long Nights,8,41,90,2009-01-01T00:00:00+00:00,2009-04-01T00:00:00+00:00,2007,singer-songwriter,"Grunge, rock, folk",United States
user_000075,This Will Destroy You,Happiness: We'Re All In It Together,10,41,90,2009-01-01T00:00:00+00:00,2009-04-01T00:00:00+00:00,2005,post-rock,"instrumental, ambient, experimental",United States
user_000079,Tori Amos,Dragon,23,411,90,2009-01-01T00:00:00+00:00,2009-04-01T00:00:00+00:00,2010,female vocalists,"singer-songwriter, alternative, piano",United States
user_000079,Metric,Gimme Sympathy,14,197,90,2009-01-01T00:00:00+00:00,2009-04-01T00:00:00+00:00,2009,indie,"indie rock, female vocalists, Canadian",Canada
user_000079,Nick Cave & The Bad Seeds,Today'S Lesson,5,141,90,2009-01-01T00:00:00+00:00,2009-04-01T00:00:00+00:00,2014,post-punk,"rock, alternative, singer-songwriter",Australia
user_000079,Kristin Hersh,Milk Street,3,130,90,2009-01-01T00:00:00+00:00,2009-04-01T00:00:00+00:00,2003,female vocalists,"singer-songwriter, indie, alternative",United States
user_000079,Bjֳ¶rk,You'Ve Been Flirting Again,3,77,90,2009-01-01T00:00:00+00:00,2009-04-01T00:00:00+00:00,2001,electronic,"experimental, alternative, female vocalists",Iceland
user_000079,Camille,Money Note,9,68,90,2009-01-01T00:00:00+00:00,2009-04-01T00:00:00+00:00,2008,french,"female vocalists, singer-songwriter, chanson francaise",France
user_000079,Butthole Surfers,Graveyard,4,67,90,2009-01-01T00:00:00+00:00,2009-04-01T00:00:00+00:00,1989,noise rock,"alternative, psychedelic, punk",United States
user_000079,Garbage,Bad Boyfriend,5,67,90,2009-01-01T00:00:00+00:00,2009-04-01T00:00:00+00:00,2005,rock,"alternative, alternative rock, female vocalists",United States
user_000079,Mark Lanegan,Ten Feet Tall,2,63,90,2009-01-01T00:00:00+00:00,2009-04-01T00:00:00+00:00,1990,singer-songwriter,"rock, Grunge, blues",United States
user_000079,Kate Bush,A Coral Room,4,61,90,2009-01-01T00:00:00+00:00,2009-04-01T00:00:00+00:00,2005,female vocalists,"singer-songwriter, pop, alternative",United Kingdom
user_000079,Sun Kil Moon,Carry Me Ohio,5,59,90,2009-01-01T00:00:00+00:00,2009-04-01T00:00:00+00:00,2003,singer-songwriter,"folk, beautiful, Alt-country",United States
user_000079,Elliott Smith,King'S Crossing,4,47,90,2009-01-01T00:00:00+00:00,2009-04-01T00:00:00+00:00,2009,singer-songwriter,"folk, indie, acoustic",United States
user_000079,A Camp,It'S Not Easy To Be Human,6,46,90,2009-01-01T00:00:00+00:00,2009-04-01T00:00:00+00:00,2009,swedish,"indie, female vocalists, pop",Norway
user_000079,Diamanda Galֳ¡s,At The Dark End Of The Street,2,45,90,2009-01-01T00:00:00+00:00,2009-04-01T00:00:00+00:00,2003,Avant-Garde,"experimental, female vocalists, singer-songwriter",United States
user_000079,Carla Bozulich,Blue Eyes Crying In The Rain,3,43,90,2009-01-01T00:00:00+00:00,2009-04-01T00:00:00+00:00,2003,experimental,"singer-songwriter, post-rock, female vocalists",United States
user_000082,Bat For Lashes,Trophy,32,214,90,2009-01-01T00:00:00+00:00,2009-04-01T00:00:00+00:00,2009,indie,"female vocalists, alternative, folk",United Kingdom
user_000082,My Brightest Diamond,Something Of An End,25,141,90,2009-01-01T00:00:00+00:00,2009-04-01T00:00:00+00:00,2006,female vocalists,"indie, singer-songwriter, folk",United States
user_000082,Emilֳ­ana Torrini,Thinking Out Loud,22,134,90,2009-01-01T00:00:00+00:00,2009-04-01T00:00:00+00:00,2005,icelandic,"female vocalists, trip-hop, singer-songwriter",Iceland
user_000082,Soap&Skin,Thanatos,38,122,90,2009-01-01T00:00:00+00:00,2009-04-01T00:00:00+00:00,2009,experimental,"piano, female vocalists, singer-songwriter",Austria
user_000082,Beirut,Nantes,18,103,90,2009-01-01T00:00:00+00:00,2009-04-01T00:00:00+00:00,2007,folk,"indie, indie folk, singer-songwriter",United States
user_000082,Ladyhawke,Magic,28,93,90,2009-01-01T00:00:00+00:00,2009-04-01T00:00:00+00:00,2012,electronic,"indie, female vocalists, new wave",New Zealand
user_000082,Nouvelle Vague,Don'T Go,5,85,90,2009-01-01T00:00:00+00:00,2009-04-01T00:00:00+00:00,2008,Bossa Nova,"french, chillout, female vocalists",France
user_000082,Sufjan Stevens,All The Trees Of The Field Will Clap Their Hands,8,63,90,2009-01-01T00:00:00+00:00,2009-04-01T00:00:00+00:00,2004,folk,"indie, singer-songwriter, alternative",United States
user_000082,Devendra Banhart,Heard Somebody Say,3,51,90,2009-01-01T00:00:00+00:00,2009-04-01T00:00:00+00:00,2005,folk,"singer-songwriter, freak folk, indie",United States
user_000082,Angus And Julia Stone,Private Lawns,21,44,90,2009-01-01T00:00:00+00:00,2009-04-01T00:00:00+00:00,2006,folk,"indie, acoustic, australian",Australia
user_000082,Antony And The Johnsons,Hope There'S Someone,7,43,90,2009-01-01T00:00:00+00:00,2009-04-01T00:00:00+00:00,2005,singer-songwriter,"chamber pop, indie, alternative",United Kingdom
user_000082,Louise Attaque,J'T'Emmֳ¨ne Au Vent,2,39,90,2009-01-01T00:00:00+00:00,2009-04-01T00:00:00+00:00,1997,french,"rock, chanson francaise, rock francais",France
user_000082,Tori Amos,Spark,5,38,90,2009-01-01T00:00:00+00:00,2009-04-01T00:00:00+00:00,2007,female vocalists,"singer-songwriter, alternative, piano",United States
user_000082,Iron & Wine,House By The Sea,4,36,90,2009-01-01T00:00:00+00:00,2009-04-01T00:00:00+00:00,2007,folk,"indie, singer-songwriter, acoustic",United States
user_000082,Ladytron,Cracked Lcd,3,36,90,2009-01-01T00:00:00+00:00,2009-04-01T00:00:00+00:00,2003,electronic,"Electroclash, synthpop, electropop",United Kingdom
user_000083,Pearl Jam,Better Man,15,284,90,2009-01-01T00:00:00+00:00,2009-04-01T00:00:00+00:00,1995,Grunge,"rock, alternative rock, 90s",United States
user_000083,Morphine,All Wrong,11,238,90,2009-01-01T00:00:00+00:00,2009-04-01T00:00:00+00:00,1993,jazz,"alternative, blues, rock",United States
user_000083,Less Than Jake,Look What Happened,13,175,90,2009-01-01T00:00:00+00:00,2009-04-01T00:00:00+00:00,2000,ska punk,"ska, punk, punk rock",United States
user_000083,Johann Sebastian Bach,Cello Suite No. 1: Prelude,23,121,90,2009-01-01T00:00:00+00:00,2009-04-01T00:00:00+00:00,1997,Classical,"baroque, instrumental, german",Germany
user_000083,Carter Burwell,Bella'S Lullaby,9,116,90,2009-01-01T00:00:00+00:00,2009-04-01T00:00:00+00:00,2009,instrumental,"ambient, composers, movie score",United States
user_000083,Nirvana,Lithium,9,93,90,2009-01-01T00:00:00+00:00,2009-04-01T00:00:00+00:00,1994,Grunge,"rock, 90s, alternative",United States
user_000083,Violent Femmes,Add It Up,7,63,90,2009-01-01T00:00:00+00:00,2009-04-01T00:00:00+00:00,2002,alternative,"alternative rock, indie, rock",United States
user_000083,Alice In Chains,Man In The Box,5,62,90,2009-01-01T00:00:00+00:00,2009-04-01T00:00:00+00:00,2013,Grunge,"rock, 90s, hard rock",United States
user_000083,Postgirobygget,Bohemen Leve,6,60,90,2009-01-01T00:00:00+00:00,2009-04-01T00:00:00+00:00,1996,norwegian,"rock, norsk, pop rock",
user_000083,Pj Harvey,O Stella,16,51,90,2009-01-01T00:00:00+00:00,2009-04-01T00:00:00+00:00,1993,female vocalists,"alternative, singer-songwriter, rock",United Kingdom
user_000083,Whitesnake,02 - Northwinds,1,47,90,2009-01-01T00:00:00+00:00,2009-04-01T00:00:00+00:00,2018,hard rock,"classic rock, 80s, rock",United Kingdom
user_000083,Sia,Little Black Sandals,7,44,90,2009-01-01T00:00:00+00:00,2009-04-01T00:00:00+00:00,2010,female vocalists,"indie, chillout, trip-hop",Australia
user_000083,Blink-182,Shut Up,7,41,90,2009-01-01T00:00:00+00:00,2009-04-01T00:00:00+00:00,2001,punk rock,"pop punk, punk, rock",United States
user_000083,The Pillows,Hybrid Rainbow,7,41,90,2009-01-01T00:00:00+00:00,2009-04-01T00:00:00+00:00,2000,J-rock,"japanese, rock, anime",United Kingdom
user_000083,Zero 7,Home,3,39,90,2009-01-01T00:00:00+00:00,2009-04-01T00:00:00+00:00,2005,chillout,"downtempo, electronic, trip-hop",United Kingdom
user_000084,Britney Spears,Circus,235,1220,90,2009-01-01T00:00:00+00:00,2009-04-01T00:00:00+00:00,2009,pop,"dance, Britney Spears, circus",United States
user_000084,Kanye West,Heartless,33,207,90,2009-01-01T00:00:00+00:00,2009-04-01T00:00:00+00:00,2008,hip hop,"Kanye West, Hip-Hop, rap",United Kingdom
user_000084,Lady Gaga,Lovegame,90,207,90,2009-01-01T00:00:00+00:00,2009-04-01T00:00:00+00:00,2017,dance,"pop, Lady Gaga, electropop",United States
user_000084,Shiny Toy Guns,Ghost Town,23,137,90,2009-01-01T00:00:00+00:00,2009-04-01T00:00:00+00:00,2008,electronic,"indie, rock, electronica",United States
user_000084,Metro Station,Shake It,36,97,90,2009-01-01T00:00:00+00:00,2009-04-01T00:00:00+00:00,2009,dance,"electronic, indie, powerpop",United States
user_000084,3Oh!3,Don'T Trust Me,49,88,90,2009-01-01T00:00:00+00:00,2009-04-01T00:00:00+00:00,2008,electronic,"Hip-Hop, Crunk, electronica",United States
user_000084,Cut Copy,Lights And Music,11,72,90,2009-01-01T00:00:00+00:00,2009-04-01T00:00:00+00:00,2008,electronic,"indie, australian, electro",Australia
user_000084,Matt Pokora,Catch Me If You Can,9,57,90,2009-01-01T00:00:00+00:00,2009-04-01T00:00:00+00:00,2008,rnb,"pop, Hip-Hop, french",France
user_000084,P!Nk,Sober,22,53,90,2009-01-01T00:00:00+00:00,2009-04-01T00:00:00+00:00,2021,pop,"pop rock, female vocalists, rock",United States
user_000084,The Pussycat Dolls,Bottle Pop (Feat. Snoop Dogg),39,43,90,2009-01-01T00:00:00+00:00,2009-04-01T00:00:00+00:00,2009,pop,"rnb, dance, female vocalists",United States
user_000084,Paramore,Decode,10,37,90,2009-01-01T00:00:00+00:00,2009-04-01T00:00:00+00:00,2008,rock,"twilight, Paramore, alternative",United States
user_000084,The Ting Tings,Great Dj,16,36,90,2009-01-01T00:00:00+00:00,2009-04-01T00:00:00+00:00,2008,indie,"electronic, british, electropop",United Kingdom
user_000084,Flo Rida,Low (Feat. T-Pain),25,32,90,2009-01-01T00:00:00+00:00,2009-04-01T00:00:00+00:00,2008,Hip-Hop,"Flo Rida, rap, dance",United States
user_000084,Kaiser Chiefs,Ruby,24,24,90,2009-01-01T00:00:00+00:00,2009-04-01T00:00:00+00:00,2009,indie,"indie rock, rock, british",United Kingdom
user_000084,Simple Plan,Your Love Is A Lie,4,22,90,2009-01-01T00:00:00+00:00,2009-04-01T00:00:00+00:00,2008,pop punk,"punk rock, rock, punk",Canada
user_000085,Kanda Kodֵ¾a I Nebojֵ¡a,S.A.T.,49,303,90,2009-01-01T00:00:00+00:00,2009-04-01T00:00:00+00:00,1998,reggae,"serbian, dub, alternative",Serbia
user_000085,Eyesburn,Agony,19,221,90,2009-01-01T00:00:00+00:00,2009-04-01T00:00:00+00:00,2003,reggae,"hardcore, crossover, serbian",Serbia
user_000085,Mano Negra,Love And Hate,10,219,90,2009-01-01T00:00:00+00:00,2009-04-01T00:00:00+00:00,1994,ska,"alternative, latin, rock",France
user_000085,Flobots,Handlebars,20,164,90,2009-01-01T00:00:00+00:00,2009-04-01T00:00:00+00:00,2008,Hip-Hop,"political, indie, hip hop",United States
user_000085,Dubioza Kolektiv,Marijuana,10,138,90,2009-01-01T00:00:00+00:00,2009-04-01T00:00:00+00:00,2006,dub,"reggae, Bosnian, ska",Bosnia and Herzegovina
user_000085,The Mars Volta,Inertiatic Esp,23,90,90,2009-01-01T00:00:00+00:00,2009-04-01T00:00:00+00:00,2003,Progressive rock,"experimental, rock, alternative",United States
user_000085,Drum'N'Zez,Palacinka,20,65,90,2009-01-01T00:00:00+00:00,2009-04-01T00:00:00+00:00,2007,reggae,"ska, world, Serbia",Serbia
user_000085,Rage Against The Machine,Fuck Tha Police (Live),3,64,90,2009-01-01T00:00:00+00:00,2009-04-01T00:00:00+00:00,2024,alternative rock,"rock, alternative, political",United States
user_000085,Queens Of The Stone Age,A Song For The Dead,1,39,90,2009-01-01T00:00:00+00:00,2009-04-01T00:00:00+00:00,2002,Stoner Rock,"alternative rock, rock, hard rock",United States
user_000085,Asian Dub Foundation,03 - Asian Dub Foundation - Black White,3,35,90,2009-01-01T00:00:00+00:00,2009-04-01T00:00:00+00:00,2013,dub,"electronic, Hip-Hop, alternative",United Kingdom
user_000085,P.O.S.,Stand Up (Let'S Get Murdered),9,35,90,2009-01-01T00:00:00+00:00,2009-04-01T00:00:00+00:00,2006,Hip-Hop,"underground hip-hop, rap, rhymesayers",Finland
user_000085,Diyala,Raw,13,31,90,2009-01-01T00:00:00+00:00,2009-04-01T00:00:00+00:00,2009,rap,"Hip-Hop, alternative, experimental",Croatia
user_000085,Manu Chao,A Cosa_Rip_By_Fuckin_Rockerazo! 2007,3,30,90,2009-01-01T00:00:00+00:00,2009-04-01T00:00:00+00:00,2007,reggae,"latin, ska, world",France
user_000085,Beastie Boys,14Th St. Break,2,29,90,2009-01-01T00:00:00+00:00,2009-04-01T00:00:00+00:00,2007,Hip-Hop,"rap, alternative, hip hop",United States
user_000085,Zion Train,Earthquake,3,29,90,2009-01-01T00:00:00+00:00,2009-04-01T00:00:00+00:00,2002,dub,"reggae, electronic, dub reggae",United Kingdom
user_000086,The Doors,Strange Days,7,75,90,2009-01-01T00:00:00+00:00,2009-04-01T00:00:00+00:00,2006,classic rock,"Psychedelic Rock, rock, 60s",United States
user_000086,Franz Ferdinand,Ulysses (Album Version),6,63,90,2009-01-01T00:00:00+00:00,2009-04-01T00:00:00+00:00,2009,indie rock,"indie, rock, alternative",Austria
user_000086,Isobel Campbell & Mark Lanegan,Deus Ibi Est,5,60,90,2009-01-01T00:00:00+00:00,2009-04-01T00:00:00+00:00,2006,folk,"singer-songwriter, indie, alternative",United States
user_000086,Carla Bruni,Le Plus Beau Du Quartier,5,41,90,2009-01-01T00:00:00+00:00,2009-04-01T00:00:00+00:00,2002,french,"female vocalists, singer-songwriter, chanson",France
user_000086,Nick Cave & The Bad Seeds,Papa Won'T Leave You Henry,3,40,90,2009-01-01T00:00:00+00:00,2009-04-01T00:00:00+00:00,2013,post-punk,"rock, alternative, singer-songwriter",Australia
user_000086,Santogold,Lights Out,5,39,90,2009-01-01T00:00:00+00:00,2009-04-01T00:00:00+00:00,2008,electronic,"indie, alternative, female vocalists",
user_000086,Squirrel Nut Zippers,Bad Businessman,3,35,90,2009-01-01T00:00:00+00:00,2009-04-01T00:00:00+00:00,1996,swing,"jazz, Retro Swing, Retro",United States
user_000086,The Dresden Dolls,Bad Habit,3,34,90,2009-01-01T00:00:00+00:00,2009-04-01T00:00:00+00:00,,punk cabaret,"cabaret, alternative, female vocalists",United States
user_000086,The Velvet Underground,After Hours,3,33,90,2009-01-01T00:00:00+00:00,2009-04-01T00:00:00+00:00,2020,psychedelic,"rock, classic rock, proto-punk",United States
user_000086,David Bowie,Time,5,32,90,2009-01-01T00:00:00+00:00,2009-04-01T00:00:00+00:00,2015,glam rock,"rock, classic rock, 80s",Germany
user_000086,Grinderman,(I Don'T Need You To) Set Me Free,3,31,90,2009-01-01T00:00:00+00:00,2009-04-01T00:00:00+00:00,2007,Garage Rock,"rock, alternative rock, alternative",United Kingdom
user_000086,Beck,Loser,3,30,90,2009-01-01T00:00:00+00:00,2009-04-01T00:00:00+00:00,2016,alternative,"90s, indie, rock",Germany
user_000086,Hot Chip,One Pure Thought,3,30,90,2009-01-01T00:00:00+00:00,2009-04-01T00:00:00+00:00,2010,electronic,"indie, electropop, electronica",United Kingdom
user_000086,The Whitest Boy Alive,Burning,4,30,90,2009-01-01T00:00:00+00:00,2009-04-01T00:00:00+00:00,2006,indie,"electronic, indie pop, norwegian",Germany
user_000086,Feist,One Two Three Four,4,29,90,2009-01-01T00:00:00+00:00,2009-04-01T00:00:00+00:00,2008,female vocalists,"indie, singer-songwriter, Canadian",Canada
user_000087,Lamb Of God,As The Palaces Burn,7,192,90,2009-01-01T00:00:00+00:00,2009-04-01T00:00:00+00:00,2005,groove metal,"metalcore, thrash metal, metal",United States
user_000087,Babyshambles,There She Goes,12,182,90,2009-01-01T00:00:00+00:00,2009-04-01T00:00:00+00:00,2008,british,"indie, indie rock, rock",United Kingdom
user_000087,Elektryczne Gitary,Jestem Z Miasta,13,181,90,2009-01-01T00:00:00+00:00,2009-04-01T00:00:00+00:00,2014,rock,"polish, alternative rock, polish rock",Poland
user_000087,Morphine,A Head With Wings,8,173,90,2009-01-01T00:00:00+00:00,2009-04-01T00:00:00+00:00,2000,jazz,"alternative, blues, rock",United States
user_000087,Mindless Self Indulgence,Diabolical,9,160,90,2009-01-01T00:00:00+00:00,2009-04-01T00:00:00+00:00,1999,industrial,"industrial jungle pussy punk, electronic, punk",United States
user_000087,Oasis,Wonderwall,7,130,90,2009-01-01T00:00:00+00:00,2009-04-01T00:00:00+00:00,1996,britpop,"rock, 90s, alternative",United Kingdom
user_000087,Dֵ¼em,Maֵ‚a Aleja Rֳ³ֵ¼,3,38,90,2009-01-01T00:00:00+00:00,2009-04-01T00:00:00+00:00,2000,blues,"blues rock, polish, rock",Poland
user_000087,The Prodigy,Death Of The Prodigy Dancers,2,37,90,2009-01-01T00:00:00+00:00,2009-04-01T00:00:00+00:00,1992,electronic,"techno, industrial, dance",United Kingdom
user_000087,Garbage,I Think I'M Paranoid,4,27,90,2009-01-01T00:00:00+00:00,2009-04-01T00:00:00+00:00,,rock,"alternative, alternative rock, female vocalists",United States
user_000087,Strung Out,Don'T Look Back,3,26,90,2009-01-01T00:00:00+00:00,2009-04-01T00:00:00+00:00,2009,punk rock,"melodic hardcore, punk, hardcore",United States
user_000087,Be Your Own Pet,"Bicycle Bicycle, You Are My Bicycle",2,25,90,2009-01-01T00:00:00+00:00,2009-04-01T00:00:00+00:00,2011,indie rock,"indie, female vocalists, punk",United Kingdom
user_000087,Bjֳ¶rk,All Is Full Of Love,3,23,90,2009-01-01T00:00:00+00:00,2009-04-01T00:00:00+00:00,2002,electronic,"experimental, alternative, female vocalists",Iceland
user_000087,Joy Division,She'S Lost Control,3,23,90,2009-01-01T00:00:00+00:00,2009-04-01T00:00:00+00:00,1981,post-punk,"new wave, 80s, alternative",United Kingdom
user_000087,Placebo,36 Degrees,2,21,90,2009-01-01T00:00:00+00:00,2009-04-01T00:00:00+00:00,2015,alternative rock,"alternative, rock, indie",Belgium
user_000087,Moulin Rouge,Ascension Nature Boy,2,16,90,2009-01-01T00:00:00+00:00,2009-04-01T00:00:00+00:00,2004,musical,"pop, musicals, Moulin Rouge",Slovenia
user_000001,Towa Tei,A.O.R. (Feat. Lina Ohta),27,252,180,2009-01-01T00:00:00+00:00,2009-06-30T00:00:00+00:00,2008,electronic,"japanese, acid jazz, shibuya-kei",Japan
user_000001,Masomenos,Four,26,214,180,2009-01-01T00:00:00+00:00,2009-06-30T00:00:00+00:00,2010,minimal,"tech house, minimal techno, House",France
user_000001,Rֳ¶yksopp,Happy Up Here,19,162,180,2009-01-01T00:00:00+00:00,2009-06-30T00:00:00+00:00,2009,electronic,"chillout, ambient, norwegian",Norway
user_000001,Scsi-9,"Vesna, Lastic & Elliott",22,162,180,2009-01-01T00:00:00+00:00,2009-06-30T00:00:00+00:00,2013,minimal,"minimal techno, electronic, techno",
user_000001,Agustin Pereyra Lucena,Verbo Amar,21,128,180,2009-01-01T00:00:00+00:00,2009-06-30T00:00:00+00:00,1999,jazz,"argentina, Bossa Nova, guitar",Argentina
user_000001,Plaid,Bata,8,117,180,2009-01-01T00:00:00+00:00,2009-06-30T00:00:00+00:00,2008,idm,"electronic, ambient, Warp",United Kingdom
user_000001,Ian O'Brien,Where Does The Past End And The Present Begin?,13,99,180,2009-01-01T00:00:00+00:00,2009-06-30T00:00:00+00:00,1999,techno,"electronic, House, ambient",United Kingdom
user_000001,Bugge Wesseltoft,Take 5,12,98,180,2009-01-01T00:00:00+00:00,2009-06-30T00:00:00+00:00,2010,jazz,"nu jazz, electronic, norwegian",Norway
user_000001,Fleet Foxes,He Doesn'T Know Why,11,87,180,2009-01-01T00:00:00+00:00,2009-06-30T00:00:00+00:00,2024,folk,"indie, folk rock, indie rock",United States
user_000001,Hudson Mohawke,Polkadot Blues,16,79,180,2009-01-01T00:00:00+00:00,2009-06-30T00:00:00+00:00,2009,electronic,"experimental, Hip-Hop, instrumental hip-hop",United Kingdom
user_000001,Madlib,For My Mans (Prelude),4,78,180,2009-01-01T00:00:00+00:00,2009-06-30T00:00:00+00:00,2008,Hip-Hop,"jazz, funk, rap",United States
user_000001,Designed People,Breathe Feat. Monday Michiru,7,68,180,2009-01-01T00:00:00+00:00,2009-06-30T00:00:00+00:00,2009,japanese,"easy listening, lounge, soul",United States
user_000001,Minilogue,Hitchhiker'S Choice,6,62,180,2009-01-01T00:00:00+00:00,2009-06-30T00:00:00+00:00,2008,minimal,"minimal techno, techno, electronic",Sweden
user_000001,Shugo Tokumaru,Karte,8,61,180,2009-01-01T00:00:00+00:00,2009-06-30T00:00:00+00:00,2005,japanese,"folk, experimental, singer-songwriter",Japan
user_000001,4Hero,Morning Child,5,60,180,2009-01-01T00:00:00+00:00,2009-06-30T00:00:00+00:00,2007,Drum and bass,"electronic, downtempo, chillout",United Kingdom
user_000002,Tegan And Sara,Where Does The Good Go,14,99,180,2009-01-01T00:00:00+00:00,2009-06-30T00:00:00+00:00,2006,indie,"female vocalists, indie pop, Canadian",Canada
user_000002,Sophie Milman,Fever,5,79,180,2009-01-01T00:00:00+00:00,2009-06-30T00:00:00+00:00,2007,jazz,"female vocalists, jazz vocal, vocal jazz",Canada
user_000002,Bright Eyes,Classic Cars,4,78,180,2009-01-01T00:00:00+00:00,2009-06-30T00:00:00+00:00,2007,indie,"folk, singer-songwriter, indie rock",United States
user_000002,Sufjan Stevens,Carlyle Lake,3,78,180,2009-01-01T00:00:00+00:00,2009-06-30T00:00:00+00:00,2006,folk,"indie, singer-songwriter, alternative",United States
user_000002,Tocotronic,"Aber Hier Leben, Nein Danke",3,76,180,2009-01-01T00:00:00+00:00,2009-06-30T00:00:00+00:00,2008,indie,"Hamburger Schule, german, alternative",Germany
user_000002,Kettcar,Am Tisch,3,74,180,2009-01-01T00:00:00+00:00,2009-06-30T00:00:00+00:00,2009,indie,"german, indie rock, deutsch",Germany
user_000002,The Beatles,I Will,4,68,180,2009-01-01T00:00:00+00:00,2009-06-30T00:00:00+00:00,1964,classic rock,"rock, british, 60s",United Kingdom
user_000002,Mad Caddies,Backyard,3,66,180,2009-01-01T00:00:00+00:00,2009-06-30T00:00:00+00:00,2006,ska,"ska punk, punk, punk rock",United States
user_000002,Muse,Supermassive Black Hole,5,66,180,2009-01-01T00:00:00+00:00,2009-06-30T00:00:00+00:00,2006,alternative rock,"rock, alternative, british",United Kingdom
user_000002,Devendra Banhart,I Feel Just Like A Child (Extended Mix),4,63,180,2009-01-01T00:00:00+00:00,2009-06-30T00:00:00+00:00,2005,folk,"singer-songwriter, freak folk, indie",United States
user_000002,Robert Pattinson,Never Think,16,62,180,2009-01-01T00:00:00+00:00,2009-06-30T00:00:00+00:00,2008,acoustic,"singer-songwriter, british, twilight",Germany
user_000002,The Kooks,Do You Wanna,5,54,180,2009-01-01T00:00:00+00:00,2009-06-30T00:00:00+00:00,2008,indie,"indie rock, british, britpop",United Kingdom
user_000002,Kings Of Leon,Razz,5,53,180,2009-01-01T00:00:00+00:00,2009-06-30T00:00:00+00:00,2011,rock,"indie, indie rock, alternative",United States
user_000002,Bob Dylan,Mr. Tambourine Man,11,51,180,2009-01-01T00:00:00+00:00,2009-06-30T00:00:00+00:00,1995,folk,"singer-songwriter, classic rock, folk rock",United States
user_000002,Ella Fitzgerald,"Chelsea Bridge (Take 3, Rehearsal)",8,47,180,2009-01-01T00:00:00+00:00,2009-06-30T00:00:00+00:00,2009,jazz,"female vocalists, blues, swing",United States
user_000003,Beulah,Calm Go The Wild Seas,2,48,180,2009-01-01T00:00:00+00:00,2009-06-30T00:00:00+00:00,1999,indie,"indie pop, Elephant 6, indie rock",United States
user_000003,Unwritten Law,Elva,3,36,180,2009-01-01T00:00:00+00:00,2009-06-30T00:00:00+00:00,2003,punk rock,"rock, alternative rock, alternative",United States
user_000003,The Who,Behind Blue Eyes,4,33,180,2009-01-01T00:00:00+00:00,2009-06-30T00:00:00+00:00,2009,classic rock,"rock, british, 60s",United Kingdom
user_000003,Taking Back Sunday,Great Romances Of The 20Th Century,3,25,180,2009-01-01T00:00:00+00:00,2009-06-30T00:00:00+00:00,2002,emo,"alternative, rock, punk",United States
user_000003,The White Stripes,It'S True That We Love One Another,4,24,180,2009-01-01T00:00:00+00:00,2009-06-30T00:00:00+00:00,2003,rock,"alternative rock, alternative, indie",United States
user_000003,The Used,All That I'Ve Got,2,23,180,2009-01-01T00:00:00+00:00,2009-06-30T00:00:00+00:00,2007,emo,"screamo, alternative, rock",United Kingdom
user_000003,Dread Zeppelin,Going To California,2,20,180,2009-01-01T00:00:00+00:00,2009-06-30T00:00:00+00:00,2013,reggae,"rock, parody, comedy",United Kingdom
user_000003,Say Anything,"It'S A Metaphor, Fool",2,17,180,2009-01-01T00:00:00+00:00,2009-06-30T00:00:00+00:00,2004,alternative,"indie, rock, indie rock",United States
user_000003,The Starting Line,"Decisions, Decisions",2,17,180,2009-01-01T00:00:00+00:00,2009-06-30T00:00:00+00:00,2002,pop punk,"emo, rock, alternative",United States
user_000003,Oasis,Wonderwall,2,16,180,2009-01-01T00:00:00+00:00,2009-06-30T00:00:00+00:00,1996,britpop,"rock, 90s, alternative",United Kingdom
user_000003,The Black Eyed Peas,The Boogie That Be,3,16,180,2009-01-01T00:00:00+00:00,2009-06-30T00:00:00+00:00,2005,Hip-Hop,"pop, rnb, rap",United States
user_000003,The Doors,Roadhouse Blues (Live),2,16,180,2009-01-01T00:00:00+00:00,2009-06-30T00:00:00+00:00,1993,classic rock,"Psychedelic Rock, rock, 60s",United States
user_000003,Benassi Bros.,Blackbird,2,15,180,2009-01-01T00:00:00+00:00,2009-06-30T00:00:00+00:00,2005,House,"electronic, dance, techno",Italy
user_000003,Daft Punk,Aerodynamic,1,15,180,2009-01-01T00:00:00+00:00,2009-06-30T00:00:00+00:00,2022,electronic,"dance, House, electronica",France
user_000003,Led Zeppelin,Gallows Pole,2,15,180,2009-01-01T00:00:00+00:00,2009-06-30T00:00:00+00:00,1970,classic rock,"hard rock, rock, 70s",United Kingdom
user_000004,Anni Rossi,Wheelpusher,222,222,180,2009-01-01T00:00:00+00:00,2009-06-30T00:00:00+00:00,2009,folk,"female vocalists, indie, singer-songwriter",United States
user_000004,Andy Yorke,Twist Of The Knife,30,46,180,2009-01-01T00:00:00+00:00,2009-06-30T00:00:00+00:00,2008,indie,"singer-songwriter, acoustic, male vocalists",United States
user_000004,Eugene Mcguinness,Not So Academic,4,32,180,2009-01-01T00:00:00+00:00,2009-06-30T00:00:00+00:00,2008,indie,"british, singer-songwriter, folk",United Kingdom
user_000004,The Heart Strings,Pedalo,27,32,180,2009-01-01T00:00:00+00:00,2009-06-30T00:00:00+00:00,2008,All,"indie pop, twee, london",United Kingdom
user_000004,Bat For Lashes,Daniel,3,31,180,2009-01-01T00:00:00+00:00,2009-06-30T00:00:00+00:00,2009,indie,"female vocalists, alternative, folk",United Kingdom
user_000004,Puressence,How Does It Feel?,18,18,180,2009-01-01T00:00:00+00:00,2009-06-30T00:00:00+00:00,2002,indie,"britpop, indie rock, alternative",United Kingdom
user_000004,Doves,Kingdom Of Rust (Instrumental),15,15,180,2009-01-01T00:00:00+00:00,2009-06-30T00:00:00+00:00,2010,indie,"indie rock, britpop, alternative",United Kingdom
user_000004,George Michael,Patience,10,11,180,2009-01-01T00:00:00+00:00,2009-06-30T00:00:00+00:00,2004,pop,"80s, british, soul",United Kingdom
user_000004,Get Well Soon,Coda,2,11,180,2009-01-01T00:00:00+00:00,2009-06-30T00:00:00+00:00,2006,indie,"singer-songwriter, german, alternative",Germany
user_000004,Hamish Imlach,Black Is The Colour,10,10,180,2009-01-01T00:00:00+00:00,2009-06-30T00:00:00+00:00,2020,celtic,"folk, Scottish, scottish folk",Australia
user_000004,Unforscene,68 On Third,1,10,180,2009-01-01T00:00:00+00:00,2009-06-30T00:00:00+00:00,2008,downtempo,"lounge, chillout, electronic",United Kingdom
user_000004,Wild Beasts,Brave Bulging Buoyant Clairvoyants,1,10,180,2009-01-01T00:00:00+00:00,2009-06-30T00:00:00+00:00,2006,indie rock,"indie, british, indie pop",United Kingdom
user_000004,L.P.,Wasted,9,9,180,2009-01-01T00:00:00+00:00,2009-06-30T00:00:00+00:00,2004,rock,"alternative, indie, female vocalists",Russian Federation
user_000004,Pin Me Down,Pretty In Pink,2,8,180,2009-01-01T00:00:00+00:00,2009-06-30T00:00:00+00:00,2010,indie,"electronic, british, alternative",United Kingdom
user_000004,Sometime,Heart Of Spades,2,8,180,2009-01-01T00:00:00+00:00,2009-06-30T00:00:00+00:00,2007,icelandic,"electronic, electropop, synthpop",Iceland
user_000005,Air,You Make It Easy,5,43,180,2009-01-01T00:00:00+00:00,2009-06-30T00:00:00+00:00,2024,electronic,"chillout, ambient, french",France
user_000005,Madcon,Beggin,22,22,180,2009-01-01T00:00:00+00:00,2009-06-30T00:00:00+00:00,2008,Hip-Hop,"rnb, rap, hip hop",Norway
user_000005,The Prodigy,Jericho,2,22,180,2009-01-01T00:00:00+00:00,2009-06-30T00:00:00+00:00,1996,electronic,"techno, industrial, dance",United Kingdom
user_000005,Madonna,Fighting Spirit (Cleo'S Sparkles 'N Tears Club Mix),7,19,180,2009-01-01T00:00:00+00:00,2009-06-30T00:00:00+00:00,2005,pop,"dance, female vocalists, 80s",United States
user_000005,Red Hot Chili Peppers,Scar Tissue,2,15,180,2009-01-01T00:00:00+00:00,2009-06-30T00:00:00+00:00,2000,rock,"alternative rock, alternative, funk",United States
user_000005,Loreena Mckennitt,Marrakesh Night Market (V-Sag Remix),13,13,180,2009-01-01T00:00:00+00:00,2009-06-30T00:00:00+00:00,2015,celtic,"folk, new age, female vocalists",Canada
user_000005,Dj Hype,Live On Kiss100 27/03/2005,9,9,180,2009-01-01T00:00:00+00:00,2009-06-30T00:00:00+00:00,2005,Drum and bass,"jungle, electronic, Drum n Bass",United Kingdom
user_000005,Carl Cox,Global 308 - Area Sirius Xm 07-Feb-2009,5,8,180,2009-01-01T00:00:00+00:00,2009-06-30T00:00:00+00:00,2009,techno,"House, electronic, dance",United States
user_000005,Nina Simone,Sinnerman (Felix Da Housecat'S Heavenly House Mix),8,8,180,2009-01-01T00:00:00+00:00,2009-06-30T00:00:00+00:00,2004,jazz,"soul, blues, female vocalists",United States
user_000005,John Digweed,Kiss 100 02-04-2007,3,7,180,2009-01-01T00:00:00+00:00,2009-06-30T00:00:00+00:00,2007,Progressive House,"House, electronic, trance",United States
user_000005,Armand Van Helden,Hear My Name (Original Club Mix),2,6,180,2009-01-01T00:00:00+00:00,2009-06-30T00:00:00+00:00,2010,House,"electronic, dance, club",New Zealand
user_000005,Chocolate Puma,A Star Is Born,2,6,180,2009-01-01T00:00:00+00:00,2009-06-30T00:00:00+00:00,2003,House,"dance, electronic, club",United Kingdom
user_000005,Queen,I Want It All,6,6,180,2009-01-01T00:00:00+00:00,2009-06-30T00:00:00+00:00,2007,classic rock,"rock, hard rock, glam rock",United Kingdom
user_000005,Cassius,The Sound Of Violence,2,5,180,2009-01-01T00:00:00+00:00,2009-06-30T00:00:00+00:00,2006,House,"electronic, french, dance",France
user_000005,David Guetta,The World Is Mine (Album Version),2,5,180,2009-01-01T00:00:00+00:00,2009-06-30T00:00:00+00:00,2006,House,"dance, electronic, club",France
user_000008,Kanye West,See You In My Nightmares,1783,23059,180,2009-01-01T00:00:00+00:00,2009-06-30T00:00:00+00:00,2010,Hip-Hop,"rap, hip hop, rnb",United Kingdom
user_000008,T.I.,56 Bars (Intro),308,4844,180,2009-01-01T00:00:00+00:00,2009-06-30T00:00:00+00:00,2008,Hip-Hop,"rap, Dirty South, southern rap",United States
user_000008,The Fray,You Found Me,243,1856,180,2009-01-01T00:00:00+00:00,2009-06-30T00:00:00+00:00,2007,alternative,"alternative rock, piano rock, rock",United Kingdom
user_000008,Muse,Hysteria,41,502,180,2009-01-01T00:00:00+00:00,2009-06-30T00:00:00+00:00,2006,alternative rock,"rock, Progressive rock, alternative",United Kingdom
user_000008,Linkin Park,Papercut,15,312,180,2009-01-01T00:00:00+00:00,2009-06-30T00:00:00+00:00,2000,Nu Metal,"rock, alternative rock, alternative",United States
user_000008,Clint Mansell,Together We Will Live Forever,292,297,180,2009-01-01T00:00:00+00:00,2009-06-30T00:00:00+00:00,2006,instrumental,"ambient, electronic, Classical",United Kingdom
user_000008,G-Bod,ִistychov - Dno,25,216,180,2009-01-01T00:00:00+00:00,2009-06-30T00:00:00+00:00,1994,producer,"Hip-Hop, Bratislava, slovak",Germany
user_000008,Safetysuit,Anywhere But Here,212,212,180,2009-01-01T00:00:00+00:00,2009-06-30T00:00:00+00:00,2008,alternative rock,"rock, alternative, indie rock",United States
user_000008,Damien Rice,9 Crimes,161,161,180,2009-01-01T00:00:00+00:00,2009-06-30T00:00:00+00:00,2016,singer-songwriter,"acoustic, folk, indie",Ireland
user_000008,Dj Jeli,Don Johni - Anjelik,10,151,180,2009-01-01T00:00:00+00:00,2009-06-30T00:00:00+00:00,2024,,,Switzerland
user_000008,Apocalyptica Feat Three Days Grace,I Don'T Care,130,130,180,2009-01-01T00:00:00+00:00,2009-06-30T00:00:00+00:00,2008,symphonic metal,"instrumental, metal, finnish",Finland
user_000008,Jessy Greene,Time Bomb,126,126,180,2009-01-01T00:00:00+00:00,2009-06-30T00:00:00+00:00,2006,american,"acoustic, trip-hop, art pop",United States
user_000008,Saving Abel,Addicted,120,120,180,2009-01-01T00:00:00+00:00,2009-06-30T00:00:00+00:00,2009,alternative rock,"rock, post-grunge, hard rock",United States
user_000008,Apocalyptica Feat. Adam Gontier,I Don'T Care,110,110,180,2009-01-01T00:00:00+00:00,2009-06-30T00:00:00+00:00,2009,symphonic metal,"instrumental, metal, finnish",Finland
user_000008,Leona Lewis,Take A Bow,9,105,180,2009-01-01T00:00:00+00:00,2009-06-30T00:00:00+00:00,2007,pop,"female vocalists, rnb, soul",United Kingdom
user_000009,Marilyn Manson,In The Shadow Of The Valley Of Death,11,181,180,2009-01-01T00:00:00+00:00,2009-06-30T00:00:00+00:00,2013,industrial,"industrial metal, metal, rock",United States
user_000009,Bullet For My Valentine,All These Things I Hate (Revolve Around Me),15,96,180,2009-01-01T00:00:00+00:00,2009-06-30T00:00:00+00:00,2006,metalcore,"metal, hardcore, emocore",United Kingdom
user_000009,Him,Beautiful,17,67,180,2009-01-01T00:00:00+00:00,2009-06-30T00:00:00+00:00,2001,Love Metal,"Gothic Rock, rock, finnish",Finland
user_000009,Oomph!,Labyrinth,14,67,180,2009-01-01T00:00:00+00:00,2009-06-30T00:00:00+00:00,2009,industrial metal,"industrial, german, metal",Germany
user_000009,Coheed And Cambria,Once Upon Your Dead Body,17,53,180,2009-01-01T00:00:00+00:00,2009-06-30T00:00:00+00:00,2005,Progressive rock,"rock, alternative, alternative rock",United States
user_000009,Dead Poetic,Glass In The Trees,13,38,180,2009-01-01T00:00:00+00:00,2009-06-30T00:00:00+00:00,2004,post-hardcore,"screamo, emo, emocore",United States
user_000009,Afi,Miss Murder,3,36,180,2009-01-01T00:00:00+00:00,2009-06-30T00:00:00+00:00,2006,rock,"punk, alternative, punk rock",United States
user_000009,Anberlin,The Unwinding Cable Car,23,36,180,2009-01-01T00:00:00+00:00,2009-06-30T00:00:00+00:00,2021,alternative rock,"rock, alternative, christian rock",United States
user_000009,Akon,Right Now (Na Na Na),4,34,180,2009-01-01T00:00:00+00:00,2009-06-30T00:00:00+00:00,2009,rnb,"Akon, hip hop, pop",Senegal
user_000009,Nickelback,If Today Was Your Last Day,5,34,180,2009-01-01T00:00:00+00:00,2009-06-30T00:00:00+00:00,2008,rock,"alternative rock, hard rock, alternative",Canada
user_000009,The Birthday Massacre,Goodnight,10,34,180,2009-01-01T00:00:00+00:00,2009-06-30T00:00:00+00:00,2016,industrial,"Synth-Rock, Gothic, electronic",Canada
user_000009,Helalyn Flowers,Voices,3,32,180,2009-01-01T00:00:00+00:00,2009-06-30T00:00:00+00:00,2007,industrial,"industrial rock, electronic, Gothic",Italy
user_000009,Godhead,Eleanor Rigby,2,30,180,2009-01-01T00:00:00+00:00,2009-06-30T00:00:00+00:00,2001,industrial,"industrial rock, industrial metal, metal",United States
user_000009,Green Day,Coming Clean,2,30,180,2009-01-01T00:00:00+00:00,2009-06-30T00:00:00+00:00,1994,punk rock,"rock, punk, pop punk",United States
user_000009,Cartel,This Is Who We Are,7,29,180,2009-01-01T00:00:00+00:00,2009-06-30T00:00:00+00:00,2007,pop punk,"alternative, rock, emo",United States
user_000012,Foo Fighters,Everlong,22,366,180,2009-01-01T00:00:00+00:00,2009-06-30T00:00:00+00:00,2002,rock,"alternative rock, 90s, alternative",United States
user_000012,Sonic Youth,The Eternal Montage For Newsweek.Com,37,337,180,2009-01-01T00:00:00+00:00,2009-06-30T00:00:00+00:00,1994,experimental,"post-punk, alternative, indie",United States
user_000012,Cut Copy,Far Away (Damn Arms Remix),21,294,180,2009-01-01T00:00:00+00:00,2009-06-30T00:00:00+00:00,2008,electronic,"indie, australian, electro",Australia
user_000012,Tim And Eric,Rolo Tony (Uncut),15,263,180,2009-01-01T00:00:00+00:00,2009-06-30T00:00:00+00:00,2008,i wanna meet that dad,"comedy, Great Job, adultswim",United States
user_000012,Marmoset,Eyes Are Looking,47,192,180,2009-01-01T00:00:00+00:00,2009-06-30T00:00:00+00:00,2001,indie rock,"psychedelic, indie, american",United States
user_000012,Rֳ¶yksopp,Happy Up Here,33,160,180,2009-01-01T00:00:00+00:00,2009-06-30T00:00:00+00:00,2009,electronic,"chillout, ambient, norwegian",Norway
user_000012,Nirvana,Tourette'S,10,153,180,2009-01-01T00:00:00+00:00,2009-06-30T00:00:00+00:00,1994,Grunge,"rock, alternative rock, alternative",United States
user_000012,Flying Lotus,Parisian Goldfish,42,150,180,2009-01-01T00:00:00+00:00,2009-06-30T00:00:00+00:00,2008,electronic,"experimental, Hip-Hop, instrumental hip-hop",United States
user_000012,Phoenix,Lisztomania,25,142,180,2009-01-01T00:00:00+00:00,2009-06-30T00:00:00+00:00,2009,indie,"poptron, french, catchy",United Kingdom
user_000012,J Dilla,Waves,17,126,180,2009-01-01T00:00:00+00:00,2009-06-30T00:00:00+00:00,2006,Hip-Hop,"instrumental hip-hop, underground hip-hop, Stones throw",United States
user_000012,Reflex,Night Jam A,118,119,180,2009-01-01T00:00:00+00:00,2009-06-30T00:00:00+00:00,2007,pop,"russian, Russian Pop, dance",Russian Federation
user_000012,The Bird And The Bee,Again & Again,16,100,180,2009-01-01T00:00:00+00:00,2009-06-30T00:00:00+00:00,2006,poptron,"indie, indie pop, electronic",United States
user_000012,The Presets,Truth And Lies,21,100,180,2009-01-01T00:00:00+00:00,2009-06-30T00:00:00+00:00,2005,electronic,"australian, electro, Electroclash",United Kingdom
user_000012,Diplo,Must Be A Devil,14,98,180,2009-01-01T00:00:00+00:00,2009-06-30T00:00:00+00:00,2007,electronic,"Hip-Hop, trip-hop, ninja tune",United States
user_000012,Daft Punk,Face To Face,29,85,180,2009-01-01T00:00:00+00:00,2009-06-30T00:00:00+00:00,2002,poptron,"electronic, House, dance",France
user_000015,Combichrist,Kickstart The Fight,74,340,180,2009-01-01T00:00:00+00:00,2009-06-30T00:00:00+00:00,2009,industrial,"ebm, dark electro, electronic",
user_000015,Ac/Dc,Anything Goes,30,218,180,2009-01-01T00:00:00+00:00,2009-06-30T00:00:00+00:00,2009,hard rock,"classic rock, rock, heavy metal",Australia
user_000015,Nine Inch Nails,Last,16,146,180,2009-01-01T00:00:00+00:00,2009-06-30T00:00:00+00:00,1995,industrial,"industrial rock, electronic, alternative",United States
user_000015,Rammstein,Ich Will,28,114,180,2009-01-01T00:00:00+00:00,2009-06-30T00:00:00+00:00,2001,industrial metal,"metal, german, industrial",Germany
user_000015,Marilyn Manson,Personal Jesus,31,87,180,2009-01-01T00:00:00+00:00,2009-06-30T00:00:00+00:00,2004,industrial,"industrial metal, metal, rock",United States
user_000015,System Of A Down,Old School Hollywood,17,81,180,2009-01-01T00:00:00+00:00,2009-06-30T00:00:00+00:00,2014,alternative metal,"metal, Nu Metal, rock",United States
user_000015,Mgmt,Time To Pretend,27,76,180,2009-01-01T00:00:00+00:00,2009-06-30T00:00:00+00:00,2007,indie,"electronic, alternative, indietronica",United States
user_000015,Tactical Sekt,Awaken The Ghost (Final Awakening),8,57,180,2009-01-01T00:00:00+00:00,2009-06-30T00:00:00+00:00,2006,dark electro,"ebm, industrial, Harsh EBM",United States
user_000015,Dym,Egbm,17,56,180,2009-01-01T00:00:00+00:00,2009-06-30T00:00:00+00:00,2008,dark electro,"ebm, industrial, Harsh Electro",Canada
user_000015,Ramona Reed,Znajdֵ÷ I Weֵ÷,47,53,180,2009-01-01T00:00:00+00:00,2009-06-30T00:00:00+00:00,2009,,,United States
user_000015,Controlled Collapse,Insane Asylum,20,52,180,2009-01-01T00:00:00+00:00,2009-06-30T00:00:00+00:00,2007,dark electro,"ebm, industrial, polish",Japan
user_000015,Cool Kids Of Death,Biec,18,46,180,2009-01-01T00:00:00+00:00,2009-06-30T00:00:00+00:00,2008,polish,"alternative rock, alternative, punk",Poland
user_000015,Michael Jackson,They Don'T Care About Us,16,46,180,2009-01-01T00:00:00+00:00,2009-06-30T00:00:00+00:00,2013,pop,"michael jackson, dance, king of pop",United States
user_000015,Metro Station,Shake It,36,43,180,2009-01-01T00:00:00+00:00,2009-06-30T00:00:00+00:00,2009,dance,"electronic, indie, powerpop",United States
user_000015,The Goo Goo Dolls,Iris,37,37,180,2009-01-01T00:00:00+00:00,2009-06-30T00:00:00+00:00,1998,rock,"alternative rock, alternative, 90s",United States
user_000016,Oasis,Don'T Look Back In Anger,7,71,180,2009-01-01T00:00:00+00:00,2009-06-30T00:00:00+00:00,1996,britpop,"rock, 90s, british",United Kingdom
user_000016,The Verve,Velvet Morning,17,63,180,2009-01-01T00:00:00+00:00,2009-06-30T00:00:00+00:00,1999,britpop,"rock, alternative, british",United Kingdom
user_000016,Muse,Feeling Good,16,59,180,2009-01-01T00:00:00+00:00,2009-06-30T00:00:00+00:00,2002,alternative rock,"rock, Progressive rock, alternative",United Kingdom
user_000016,Kings Of Leon,Crawl,7,53,180,2009-01-01T00:00:00+00:00,2009-06-30T00:00:00+00:00,2014,rock,"indie, indie rock, alternative",United States
user_000016,Stereophonics,Traffic,4,49,180,2009-01-01T00:00:00+00:00,2009-06-30T00:00:00+00:00,1998,rock,"britpop, indie, alternative",United Kingdom
user_000016,Foo Fighters,Have It All,8,39,180,2009-01-01T00:00:00+00:00,2009-06-30T00:00:00+00:00,2003,rock,"alternative rock, Grunge, alternative",United States
user_000016,Elbow,Grounds For Divorce,13,27,180,2009-01-01T00:00:00+00:00,2009-06-30T00:00:00+00:00,2020,indie,"alternative, indie rock, britpop",United Kingdom
user_000016,Alabama 3,Too Sick To Pray,5,26,180,2009-01-01T00:00:00+00:00,2009-06-30T00:00:00+00:00,2002,alternative,"blues, country, country acid house",United Kingdom
user_000016,Paul Weller,Invisible (Live),3,26,180,2009-01-01T00:00:00+00:00,2009-06-30T00:00:00+00:00,2009,rock,"singer-songwriter, british, mod",United Kingdom
user_000016,Audioslave,Cochise,10,24,180,2009-01-01T00:00:00+00:00,2009-06-30T00:00:00+00:00,2005,alternative rock,"rock, hard rock, Grunge",United States
user_000016,Richard Ashcroft,Keys To The World,9,22,180,2009-01-01T00:00:00+00:00,2009-06-30T00:00:00+00:00,2006,britpop,"british, indie, singer-songwriter",Germany
user_000016,The Killers,Mr. Brightside,5,20,180,2009-01-01T00:00:00+00:00,2009-06-30T00:00:00+00:00,2017,rock,"indie rock, indie, alternative",United Kingdom
user_000016,Reverend Horton Heat,New York City Girls,4,18,180,2009-01-01T00:00:00+00:00,2009-06-30T00:00:00+00:00,2004,psychobilly,"rockabilly, rock, punk",United States
user_000016,Amy Winehouse,Monkey Man,7,16,180,2009-01-01T00:00:00+00:00,2009-06-30T00:00:00+00:00,2007,soul,"jazz, female vocalists, british",United Kingdom
user_000016,Arctic Monkeys,Fake Tales Of San Francisco,7,16,180,2009-01-01T00:00:00+00:00,2009-06-30T00:00:00+00:00,2006,indie rock,"indie, british, rock",United Kingdom
user_000017,Uriah Heep,Lady In Black,14,129,180,2009-01-01T00:00:00+00:00,2009-06-30T00:00:00+00:00,2020,hard rock,"classic rock, Progressive rock, rock",United Kingdom
user_000017,Ufo,Doctor Doctor,12,81,180,2009-01-01T00:00:00+00:00,2009-06-30T00:00:00+00:00,1994,hard rock,"classic rock, heavy metal, rock",United Kingdom
user_000017,Eddie Vedder,Far Behind,12,80,180,2009-01-01T00:00:00+00:00,2009-06-30T00:00:00+00:00,2017,singer-songwriter,"Grunge, rock, folk",United States
user_000017,Grand Funk Railroad,Some Kind Of Wonderful,10,76,180,2009-01-01T00:00:00+00:00,2009-06-30T00:00:00+00:00,1996,classic rock,"hard rock, rock, 70s",United States
user_000017,Rainbow,Man On The Silver Mountain,9,72,180,2009-01-01T00:00:00+00:00,2009-06-30T00:00:00+00:00,1991,hard rock,"classic rock, heavy metal, rock",United Kingdom
user_000017,Atomic Rooster,Devil'S Answer,33,71,180,2009-01-01T00:00:00+00:00,2009-06-30T00:00:00+00:00,1997,Progressive rock,"hard rock, classic rock, rock",United Kingdom
user_000017,Pearl Jam,Black,5,71,180,2009-01-01T00:00:00+00:00,2009-06-30T00:00:00+00:00,2005,Grunge,"90s, rock, alternative rock",United States
user_000017,Jethro Tull,Locomotive Breath,7,70,180,2009-01-01T00:00:00+00:00,2009-06-30T00:00:00+00:00,2018,Progressive rock,"classic rock, folk rock, rock",United Kingdom
user_000017,Nazareth,Love Hurts,19,70,180,2009-01-01T00:00:00+00:00,2009-06-30T00:00:00+00:00,2006,hard rock,"classic rock, rock, 70s",United Kingdom
user_000017,Blue ֳ–yster Cult,(Don'T Fear) The Reaper,11,69,180,2009-01-01T00:00:00+00:00,2009-06-30T00:00:00+00:00,2012,classic rock,"rock, 70s, hard rock",United States
user_000017,Deep Purple,Hush,7,69,180,2009-01-01T00:00:00+00:00,2009-06-30T00:00:00+00:00,2018,hard rock,"classic rock, rock, Progressive rock",United Kingdom
user_000017,Wishbone Ash,Blowin' Free,8,69,180,2009-01-01T00:00:00+00:00,2009-06-30T00:00:00+00:00,1972,Progressive rock,"classic rock, hard rock, rock",United Kingdom
user_000017,Captain Beyond,As The Moon Speaks (To The Waves Of The Sea),21,67,180,2009-01-01T00:00:00+00:00,2009-06-30T00:00:00+00:00,2017,Progressive rock,"hard rock, classic rock, rock",Hong Kong
user_000017,Thin Lizzy,Whiskey In The Jar,5,62,180,2009-01-01T00:00:00+00:00,2009-06-30T00:00:00+00:00,1993,hard rock,"classic rock, rock, irish",Ireland
user_000017,Ten Years After,I'D Love To Change The World,9,55,180,2009-01-01T00:00:00+00:00,2009-06-30T00:00:00+00:00,1996,blues rock,"classic rock, rock, blues",United Kingdom
user_000020,L'Arc~En~Ciel,Daybreak'S Bell,20,40,180,2009-01-01T00:00:00+00:00,2009-06-30T00:00:00+00:00,2008,J-rock,"japanese, rock, jrock",Japan
user_000020,Ludwig Van Beethoven,Allegro Con Brio,1,5,180,2009-01-01T00:00:00+00:00,2009-06-30T00:00:00+00:00,1994,Classical,"instrumental, romantic, composers",Germany
user_000020,Pure Reason Revolution,Victorious Cupid,3,4,180,2009-01-01T00:00:00+00:00,2009-06-30T00:00:00+00:00,2007,Progressive rock,"art rock, Progressive, british",United Kingdom
user_000020,Muse,Apocalypse Please,2,3,180,2009-01-01T00:00:00+00:00,2009-06-30T00:00:00+00:00,2023,alternative rock,"rock, Progressive rock, alternative",United Kingdom
user_000020,Alice Nine.,Eraser,1,1,180,2009-01-01T00:00:00+00:00,2009-06-30T00:00:00+00:00,2009,J-rock,"visual kei, japanese, jrock",United States
user_000020,Capsule,True Blue,1,1,180,2009-01-01T00:00:00+00:00,2009-06-30T00:00:00+00:00,2008,electronic,"japanese, shibuya-kei, j-pop",Japan
user_000020,Dir En Grey,Dead Tree,1,1,180,2009-01-01T00:00:00+00:00,2009-06-30T00:00:00+00:00,2007,J-rock,"visual kei, japanese, metal",Japan
user_000020,Ellegarden,Marry Me,1,1,180,2009-01-01T00:00:00+00:00,2009-06-30T00:00:00+00:00,2007,J-rock,"japanese, punk, rock",Japan
user_000020,Gackt,Mizerable,1,1,180,2009-01-01T00:00:00+00:00,2009-06-30T00:00:00+00:00,2004,J-rock,"japanese, visual kei, j-pop",Japan
user_000020,High And Mighty Color,Enrai ~Tooku Ni Aru Akari~,1,1,180,2009-01-01T00:00:00+00:00,2009-06-30T00:00:00+00:00,2007,J-rock,"japanese, female vocalists, j-pop",Japan
user_000020,Hyde,It'S Sad,1,1,180,2009-01-01T00:00:00+00:00,2009-06-30T00:00:00+00:00,2006,J-rock,"japanese, rock, Hyde",Japan
user_000020,Ikebukuro West Gate Park Ost,"Like This,Like That",1,1,180,2009-01-01T00:00:00+00:00,2009-06-30T00:00:00+00:00,2023,,,United States
user_000020,Orange Range,*~Asterisk,1,1,180,2009-01-01T00:00:00+00:00,2009-06-30T00:00:00+00:00,2003,J-rock,"japanese, j-pop, anime",Japan
user_000020,Original Love,Deep French Kiss,1,1,180,2009-01-01T00:00:00+00:00,2009-06-30T00:00:00+00:00,1998,shibuya-kei,"j-pop, japanese, pop",Japan
user_000020,Pierrot,Mennybֲ¿L Az Angyal,1,1,180,2009-01-01T00:00:00+00:00,2009-06-30T00:00:00+00:00,1995,J-rock,"visual kei, japanese, rock",Japan
user_000021,Joel Plaskett,Through & Through & Through,22,373,180,2009-01-01T00:00:00+00:00,2009-06-30T00:00:00+00:00,2009,Canadian,"singer-songwriter, indie rock, indie",Canada
user_000021,Attack In Black,Birmingham,23,372,180,2009-01-01T00:00:00+00:00,2009-06-30T00:00:00+00:00,2009,indie,"Canadian, indie rock, punk",Canada
user_000021,Bomb The Music Industry!,Stuff That I Like,27,238,180,2009-01-01T00:00:00+00:00,2009-06-30T00:00:00+00:00,2019,punk,"ska, ska punk, punk rock",United States
user_000021,Deerhunter,Cicadas,16,224,180,2009-01-01T00:00:00+00:00,2009-06-30T00:00:00+00:00,2008,shoegaze,"experimental, psychedelic, indie",United States
user_000021,A.C. Newman,"Like A Hitman, Like A Dancer",21,223,180,2009-01-01T00:00:00+00:00,2009-06-30T00:00:00+00:00,2009,indie,"Canadian, indie rock, singer-songwriter",Australia
user_000021,Constantines,I Will Not Sing A Hateful Song,17,217,180,2009-01-01T00:00:00+00:00,2009-06-30T00:00:00+00:00,2010,indie rock,"Canadian, indie, rock",Canada
user_000021,Black Lips,Drugs,19,211,180,2009-01-01T00:00:00+00:00,2009-06-30T00:00:00+00:00,2009,Garage Rock,"indie, Garage Punk, garage",United States
user_000021,Jon-Rae Fletcher,My Hands,22,199,180,2009-01-01T00:00:00+00:00,2009-06-30T00:00:00+00:00,2009,Alt-country,"folk, country, Canadian",Canada
user_000021,Arkells,John Lennon,19,185,180,2009-01-01T00:00:00+00:00,2009-06-30T00:00:00+00:00,2015,Canadian,"indie rock, rock, indie",Canada
user_000021,The Clash,I Fought The Law,11,181,180,2009-01-01T00:00:00+00:00,2009-06-30T00:00:00+00:00,2023,punk,"punk rock, british, rock",United Kingdom
user_000021,The Marked Men,Locked Up,14,181,180,2009-01-01T00:00:00+00:00,2009-06-30T00:00:00+00:00,2009,punk,"Garage Punk, punk rock, texas",United States
user_000021,The Agnostic Mountain Gospel Choir,Dumb It Down,16,177,180,2009-01-01T00:00:00+00:00,2009-06-30T00:00:00+00:00,2008,blues,"Alt-country, folk, bluegrass",United Kingdom
user_000021,Brutal Knights,Living By Yourself,21,157,180,2009-01-01T00:00:00+00:00,2009-06-30T00:00:00+00:00,2008,punk,"hardcore punk, Garage Punk, hardcore",Canada
user_000021,Sunparlour Players,If The Creek'S Don'T Rise,9,154,180,2009-01-01T00:00:00+00:00,2009-06-30T00:00:00+00:00,2006,Canadian,"acoustic, folk, indie rock",United States
user_000021,Neko Case,People Got A Lotta Nerve,20,146,180,2009-01-01T00:00:00+00:00,2009-06-30T00:00:00+00:00,2009,Alt-country,"singer-songwriter, female vocalists, folk",United States
user_000022,The Capstan Shafts,Everyone Plants Trees,36,253,180,2009-01-01T00:00:00+00:00,2009-06-30T00:00:00+00:00,2006,indie pop,"Lo-Fi, indie, indie rock",United States
user_000022,Quasi,The Curse Of Having It All,22,173,180,2009-01-01T00:00:00+00:00,2009-06-30T00:00:00+00:00,2001,indie rock,"indie, indie pop, portland",United States
user_000022,Decoration,Bafta,27,136,180,2009-01-01T00:00:00+00:00,2009-06-30T00:00:00+00:00,2019,britpop,"indie, angst, introspective",Canada
user_000022,The Wedding Present,Brassneck,9,120,180,2009-01-01T00:00:00+00:00,2009-06-30T00:00:00+00:00,1990,post-punk,"indie rock, indie, alternative",United Kingdom
user_000022,Bubblegum Lemonade,I'Ll Never Be Yours,44,111,180,2009-01-01T00:00:00+00:00,2009-06-30T00:00:00+00:00,2008,indie pop,"jangle pop, Scottish, indie",United Kingdom
user_000022,Butcher Boy,I Know Who You Could Be,20,101,180,2009-01-01T00:00:00+00:00,2009-06-30T00:00:00+00:00,2007,indie pop,"Scottish, twee, wrongly tagged as twee",United States
user_000022,The Shaky Hands,Why & How Come,39,89,180,2009-01-01T00:00:00+00:00,2009-06-30T00:00:00+00:00,2007,indie rock,"indie, folk rock, portland",New Zealand
user_000022,The Broken Family Band,"Walking Back To Jesus, Part Two",17,79,180,2009-01-01T00:00:00+00:00,2009-06-30T00:00:00+00:00,2004,indie,"indie rock, folk, Alt-country",United Kingdom
user_000022,Jesus Licks,Hide And Seek,34,75,180,2009-01-01T00:00:00+00:00,2009-06-30T00:00:00+00:00,2024,freak folk,,United Kingdom
user_000022,Ballboy,Donald In The Bushes With A Bag Of Glue,19,74,180,2009-01-01T00:00:00+00:00,2009-06-30T00:00:00+00:00,1999,Scottish,"indie pop, indie, twee",United Kingdom
user_000022,Let'S Wrestle,I Won'T Lie To You,47,73,180,2009-01-01T00:00:00+00:00,2009-06-30T00:00:00+00:00,2008,indie rock,"british, indie, indie pop",United Kingdom
user_000022,The Minders,I'Ve Been Wondering,26,73,180,2009-01-01T00:00:00+00:00,2009-06-30T00:00:00+00:00,2004,Elephant 6,"indie pop, Lo-Fi, indie",United Kingdom
user_000022,Cats On Fire,I Am The White-Mantled King,21,72,180,2009-01-01T00:00:00+00:00,2009-06-30T00:00:00+00:00,2007,indie pop,"finnish, indie, twee",Finland
user_000022,Rescue The Astronauts,Nothing To Say,24,64,180,2009-01-01T00:00:00+00:00,2009-06-30T00:00:00+00:00,2012,powerpop,"emo, alternative, rock",United States
user_000022,Dog Years,In Stitches,21,63,180,2009-01-01T00:00:00+00:00,2009-06-30T00:00:00+00:00,2016,emo,"indie rock, noise rock, punk rock",United Kingdom
user_000023,Muse,Tsp,79,1138,180,2009-01-01T00:00:00+00:00,2009-06-30T00:00:00+00:00,2004,alternative rock,"rock, Progressive rock, alternative",United Kingdom
user_000023,Clint Mansell,Lux Aeterna,185,1099,180,2009-01-01T00:00:00+00:00,2009-06-30T00:00:00+00:00,2009,instrumental,"ambient, electronic, Classical",United Kingdom
user_000023,Portishead,Nylon Smile,133,900,180,2009-01-01T00:00:00+00:00,2009-06-30T00:00:00+00:00,2008,trip-hop,"electronic, female vocalists, chillout",United Kingdom
user_000023,Story One,Rescue Us,76,764,180,2009-01-01T00:00:00+00:00,2009-06-30T00:00:00+00:00,1999,Broken Records,"5 cent theatre, number bands, rescue us",United States
user_000023,Depeche Mode,Wrong,131,490,180,2009-01-01T00:00:00+00:00,2009-06-30T00:00:00+00:00,2009,electronic,"new wave, synthpop, synth pop",United Kingdom
user_000023,Nine Inch Nails,Home,35,330,180,2009-01-01T00:00:00+00:00,2009-06-30T00:00:00+00:00,1995,industrial,"industrial rock, electronic, alternative",United States
user_000023,Chris Vrenna,I'M Not Edible,52,301,180,2009-01-01T00:00:00+00:00,2009-06-30T00:00:00+00:00,2001,dark ambient,"electronic, industrial, experimental",United States
user_000023,Massive Attack,Butterfly Caught,74,290,180,2009-01-01T00:00:00+00:00,2009-06-30T00:00:00+00:00,2004,trip-hop,"electronic, chillout, downtempo",United Kingdom
user_000023,Akira Yamaoka,Alex Theme,73,258,180,2009-01-01T00:00:00+00:00,2009-06-30T00:00:00+00:00,2009,ambient,"japanese, video game music, Silent Hill",Japan
user_000023,Unkle,Broken (Feat. Gavin Clark),46,237,180,2009-01-01T00:00:00+00:00,2009-06-30T00:00:00+00:00,2007,trip-hop,"electronic, downtempo, alternative",United Kingdom
user_000023,Jonathan Larson,Seasons Of Love,37,208,180,2009-01-01T00:00:00+00:00,2009-06-30T00:00:00+00:00,2005,musical,"Broadway, musicals, Rent",United States
user_000023,Lovage,Sex (I'M A),93,113,180,2009-01-01T00:00:00+00:00,2009-06-30T00:00:00+00:00,2002,trip-hop,"downtempo, electronic, chillout",United States
user_000023,Razorlight,Wire To Wire,73,73,180,2009-01-01T00:00:00+00:00,2009-06-30T00:00:00+00:00,2008,indie,"indie rock, british, rock",United Kingdom
user_000023,The Smashing Pumpkins,Ava Adore,34,67,180,2009-01-01T00:00:00+00:00,2009-06-30T00:00:00+00:00,1998,alternative rock,"Grunge, alternative, rock",United States
user_000023,A Perfect Circle,Weak And Powerless (Tilling My Grave Mix),21,65,180,2009-01-01T00:00:00+00:00,2009-06-30T00:00:00+00:00,2010,alternative rock,"Progressive rock, alternative, rock",United States
user_000024,Kings Of Leon,Sex On Fire,3,8,180,2009-01-01T00:00:00+00:00,2009-06-30T00:00:00+00:00,2008,rock,"indie rock, alternative, indie",United States
user_000024,Rogue Wave,Chicago X 12,1,6,180,2009-01-01T00:00:00+00:00,2009-06-30T00:00:00+00:00,2008,indie,"indie rock, indie pop, alternative",United States
user_000024,Fleet Foxes,Anyone Who'S Anyone,1,5,180,2009-01-01T00:00:00+00:00,2009-06-30T00:00:00+00:00,2006,folk,"indie, folk rock, indie rock",United States
user_000024,The National,Cardinal Song,2,4,180,2009-01-01T00:00:00+00:00,2009-06-30T00:00:00+00:00,1996,indie rock,"indie, alternative, alternative rock",United Kingdom
user_000024,The Shins,A Comet Appears,1,4,180,2009-01-01T00:00:00+00:00,2009-06-30T00:00:00+00:00,2007,indie,"indie rock, indie pop, alternative",United Kingdom
user_000024,Ambulance Ltd,Heavy Lifting,1,3,180,2009-01-01T00:00:00+00:00,2009-06-30T00:00:00+00:00,2004,indie rock,"indie, alternative, rock",United States
user_000024,Andrew Bird,Heretics,1,3,180,2009-01-01T00:00:00+00:00,2009-06-30T00:00:00+00:00,2007,folk,"singer-songwriter, indie, indie pop",United States
user_000024,Band Of Horses,Our Swords,1,3,180,2009-01-01T00:00:00+00:00,2009-06-30T00:00:00+00:00,2007,indie,"indie rock, alternative, Alt-country",United States
user_000024,Death Cab For Cutie,Death Of An Interior Decorator,1,3,180,2009-01-01T00:00:00+00:00,2009-06-30T00:00:00+00:00,2003,indie,"indie rock, alternative, rock",United States
user_000024,French Kicks,Knee High,1,3,180,2009-01-01T00:00:00+00:00,2009-06-30T00:00:00+00:00,2022,indie rock,"indie, indie pop, post-punk",United States
user_000024,Guster,All The Way Up To Heaven,1,3,180,2009-01-01T00:00:00+00:00,2009-06-30T00:00:00+00:00,2004,indie,"alternative, alternative rock, indie rock",United States
user_000024,My Morning Jacket,Dancefloors,1,3,180,2009-01-01T00:00:00+00:00,2009-06-30T00:00:00+00:00,2004,indie rock,"indie, Alt-country, rock",United States
user_000024,Pete Yorn,How Do You Go On?,1,3,180,2009-01-01T00:00:00+00:00,2009-06-30T00:00:00+00:00,2006,singer-songwriter,"indie, alternative, rock",United States
user_000024,Pinback,Afk,1,3,180,2009-01-01T00:00:00+00:00,2009-06-30T00:00:00+00:00,2004,indie rock,"indie, alternative, indie pop",United States
user_000024,Someone Still Loves You Boris Yeltsin,Anna Lee,1,3,180,2009-01-01T00:00:00+00:00,2009-06-30T00:00:00+00:00,2005,indie,"indie pop, indie rock, Lo-Fi",United States
user_000025,Rjd2,Supahero,14,93,180,2009-01-01T00:00:00+00:00,2009-06-30T00:00:00+00:00,2006,Hip-Hop,"electronic, trip-hop, electronica",United States
user_000025,Nickel Eye,Back From Exile,10,21,180,2009-01-01T00:00:00+00:00,2009-06-30T00:00:00+00:00,2009,indie rock,"indie, singer-songwriter, folk",United States
user_000025,The Strokes,Automatic Stop,3,18,180,2009-01-01T00:00:00+00:00,2009-06-30T00:00:00+00:00,2004,indie rock,"indie, rock, alternative",United Kingdom
user_000025,Daft Punk,Da Funk,7,14,180,2009-01-01T00:00:00+00:00,2009-06-30T00:00:00+00:00,2019,electronic,"poptron, House, dance",France
user_000025,Jan Johansson,Visa Frֳ¥n Utanmyra,5,14,180,2009-01-01T00:00:00+00:00,2009-06-30T00:00:00+00:00,2005,jazz,"piano, swedish, folk",Sweden
user_000025,Bloc Party,Ares,5,10,180,2009-01-01T00:00:00+00:00,2009-06-30T00:00:00+00:00,2008,indie,"indie rock, british, alternative",United Kingdom
user_000025,Milburn,Lipstick Licking,5,9,180,2009-01-01T00:00:00+00:00,2009-06-30T00:00:00+00:00,2006,indie rock,"indie, british, rock",United States
user_000025,Otis Redding,(Sittin' On) The Dock Of The Bay,6,8,180,2009-01-01T00:00:00+00:00,2009-06-30T00:00:00+00:00,1993,soul,"7soul, 60s, oldies",United States
user_000025,Jedi Mind Tricks,Walk With Me,2,7,180,2009-01-01T00:00:00+00:00,2009-06-30T00:00:00+00:00,2004,Hip-Hop,"underground hip-hop, rap, hip hop",United States
user_000025,Blind Melon,Harmful Belly,2,4,180,2009-01-01T00:00:00+00:00,2009-06-30T00:00:00+00:00,2008,Grunge,"alternative rock, rock, 90s",United States
user_000025,Queens Of The Stone Age,3'S & 7'S,1,4,180,2009-01-01T00:00:00+00:00,2009-06-30T00:00:00+00:00,2007,Stoner Rock,"alternative rock, rock, hard rock",United States
user_000025,Steely Dan,Kings,4,4,180,2009-01-01T00:00:00+00:00,2009-06-30T00:00:00+00:00,1972,Jazz Rock,"classic rock, rock, 70s",United States
user_000025,The Streets,Memento Mori,2,4,180,2009-01-01T00:00:00+00:00,2009-06-30T00:00:00+00:00,2006,Hip-Hop,"british, rap, indie",United Kingdom
user_000025,The Libertines,10-The_Libertines_-_What_Katie_Did-Ysp,2,3,180,2009-01-01T00:00:00+00:00,2009-06-30T00:00:00+00:00,2010,indie rock,"british, indie, rock",United Kingdom
user_000025,Vic Ruggiero,A Lovely Beginning,3,3,180,2009-01-01T00:00:00+00:00,2009-06-30T00:00:00+00:00,2008,ska,"acoustic, Need to Rate, singer-songwriter",United States
user_000029,The Airborne Toxic Event,Sometime Around Midnight,53,493,180,2009-01-01T00:00:00+00:00,2009-06-30T00:00:00+00:00,2023,indie rock,"indie, rock, american",United States
user_000029,Nada Surf,Blonde On Blonde,23,392,180,2009-01-01T00:00:00+00:00,2009-06-30T00:00:00+00:00,2002,indie rock,"indie, alternative, alternative rock",United States
user_000029,Elbow,Grounds For Divorce,28,297,180,2009-01-01T00:00:00+00:00,2009-06-30T00:00:00+00:00,2020,indie,"alternative, indie rock, britpop",United Kingdom
user_000029,Doves,Jetstream,32,250,180,2009-01-01T00:00:00+00:00,2009-06-30T00:00:00+00:00,2009,indie,"indie rock, britpop, alternative",United Kingdom
user_000029,Silversun Pickups,Panic Switch,44,225,180,2009-01-01T00:00:00+00:00,2009-06-30T00:00:00+00:00,2009,indie rock,"shoegaze, indie, alternative",United States
user_000029,Swervedriver,Andalucia,8,104,180,2009-01-01T00:00:00+00:00,2009-06-30T00:00:00+00:00,1994,shoegaze,"indie rock, alternative, indie",United Kingdom
user_000029,The Verve,Love Is Noise,5,99,180,2009-01-01T00:00:00+00:00,2009-06-30T00:00:00+00:00,2008,britpop,"rock, alternative, british",United Kingdom
user_000029,Asobi Seksu,Sooner,6,90,180,2009-01-01T00:00:00+00:00,2009-06-30T00:00:00+00:00,2002,shoegaze,"dream pop, indie, female vocalists",United States
user_000029,Marjorie Fair,Please Don'T,9,90,180,2009-01-01T00:00:00+00:00,2009-06-30T00:00:00+00:00,2004,indie rock,"indie, rock, indie pop",United States
user_000029,A. R. Rahman,Ringa Ringa,10,59,180,2009-01-01T00:00:00+00:00,2009-06-30T00:00:00+00:00,2008,Indian,"bollywood, Hindi, A R Rahman",India
user_000029,Black Rebel Motorcycle Club,Berlin,6,57,180,2009-01-01T00:00:00+00:00,2009-06-30T00:00:00+00:00,2007,rock,"indie rock, alternative rock, indie",United States
user_000029,Ghostland Observatory,All You Rock & Rollers,2,43,180,2009-01-01T00:00:00+00:00,2009-06-30T00:00:00+00:00,2007,electronic,"indie, new rave, dance",United States
user_000029,Earlimart,Everybody Knows Everybody,4,41,180,2009-01-01T00:00:00+00:00,2009-06-30T00:00:00+00:00,2007,indie rock,"indie, indie pop, alternative",United States
user_000029,M.I.A.,Paper Planes,27,38,180,2009-01-01T00:00:00+00:00,2009-06-30T00:00:00+00:00,2009,Hip-Hop,"electronic, dance, british",Italy
user_000029,The Raconteurs,"Steady, As She Goes",9,35,180,2009-01-01T00:00:00+00:00,2009-06-30T00:00:00+00:00,2006,rock,"alternative rock, indie rock, alternative",United Kingdom
user_000030,Kings Of Convenience,I'D Rather Dance With You,53,513,180,2009-01-01T00:00:00+00:00,2009-06-30T00:00:00+00:00,2004,acoustic,"indie, norwegian, indie pop",United Kingdom
user_000030,The Fall,The Mixer,32,368,180,2009-01-01T00:00:00+00:00,2009-06-30T00:00:00+00:00,2003,post-punk,"new wave, punk, alternative",United Kingdom
user_000030,The Whitest Boy Alive,High On The Heels,37,296,180,2009-01-01T00:00:00+00:00,2009-06-30T00:00:00+00:00,2009,indie,"electronic, indie pop, norwegian",Germany
user_000030,New Order,The Perfect Kiss,22,276,180,2009-01-01T00:00:00+00:00,2009-06-30T00:00:00+00:00,2023,new wave,"post-punk, electronic, 80s",United Kingdom
user_000030,Andrew Bird,"Not A Robot, But A Ghost",21,241,180,2009-01-01T00:00:00+00:00,2009-06-30T00:00:00+00:00,2009,folk,"singer-songwriter, indie, indie pop",United States
user_000030,Animal Collective,Summertime Clothes,29,221,180,2009-01-01T00:00:00+00:00,2009-06-30T00:00:00+00:00,2009,experimental,"indie, freak folk, folk",United States
user_000030,Doves,Jetstream,46,175,180,2009-01-01T00:00:00+00:00,2009-06-30T00:00:00+00:00,2009,indie,"indie rock, britpop, alternative",United Kingdom
user_000030,The Jesus And Mary Chain,Far Gone And Out,7,175,180,2009-01-01T00:00:00+00:00,2009-06-30T00:00:00+00:00,2007,shoegaze,"post-punk, alternative, indie",United Kingdom
user_000030,Junior Boys,The Animator,24,174,180,2009-01-01T00:00:00+00:00,2009-06-30T00:00:00+00:00,2009,electronic,"electropop, Canadian, indie",United States
user_000030,British Sea Power,Remember Me,23,136,180,2009-01-01T00:00:00+00:00,2009-06-30T00:00:00+00:00,2003,indie rock,"indie, british, alternative",United Kingdom
user_000030,Bat For Lashes,Daniel,32,131,180,2009-01-01T00:00:00+00:00,2009-06-30T00:00:00+00:00,2009,indie,"female vocalists, alternative, folk",United Kingdom
user_000030,Gang Of Four,What We All Want,17,108,180,2009-01-01T00:00:00+00:00,2009-06-30T00:00:00+00:00,1981,post-punk,"new wave, punk, 80s",United Kingdom
user_000030,Rֳ¶yksopp,Happy Up Here,22,107,180,2009-01-01T00:00:00+00:00,2009-06-30T00:00:00+00:00,2009,electronic,"chillout, ambient, norwegian",Norway
user_000030,Deerhunter,Microcastle,14,88,180,2009-01-01T00:00:00+00:00,2009-06-30T00:00:00+00:00,2008,shoegaze,"experimental, psychedelic, indie",United States
user_000030,Asobi Seksu,Blind Little Rain,10,84,180,2009-01-01T00:00:00+00:00,2009-06-30T00:00:00+00:00,2009,shoegaze,"dream pop, indie, female vocalists",United States
user_000031,Sleater-Kinney,Combat Rock,1,26,180,2009-01-01T00:00:00+00:00,2009-06-30T00:00:00+00:00,2002,riot grrrl,"indie rock, female vocalists, indie",United States
user_000031,Shriekback,A Kind Of Fascination,1,24,180,2009-01-01T00:00:00+00:00,2009-06-30T00:00:00+00:00,2015,new wave,"post-punk, alternative, 80s",United Kingdom
user_000031,Soul Coughing,Blueeyed Devil,2,20,180,2009-01-01T00:00:00+00:00,2009-06-30T00:00:00+00:00,1994,alternative,"alternative rock, indie, rock",United States
user_000031,Xtc,Ball And Chain,1,20,180,2009-01-01T00:00:00+00:00,2009-06-30T00:00:00+00:00,1994,new wave,"post-punk, 80s, pop",United Kingdom
user_000031,Spearhead,100.000 Miles,1,19,180,2009-01-01T00:00:00+00:00,2009-06-30T00:00:00+00:00,1995,death metal,"black metal, Hip-Hop, reggae",United States
user_000031,John Barbirolli: Hallֳ© Orchestra,"Elgar: Variations On An Original Theme, Op. 36, ""Enigma"" - 14. Romanza: ***",2,15,180,2009-01-01T00:00:00+00:00,2009-06-30T00:00:00+00:00,2020,,,United Kingdom
user_000031,Sequentia,Instrumental Interlude,3,15,180,2009-01-01T00:00:00+00:00,2009-06-30T00:00:00+00:00,2002,medieval,"early music, Classical, trance",Germany
user_000031,The Weakerthans,One Great City!,2,15,180,2009-01-01T00:00:00+00:00,2009-06-30T00:00:00+00:00,2010,indie rock,"Canadian, indie, alternative",United Kingdom
user_000031,Chicago Public Radio,Sound Opinions Examines Rock Plagiarism,2,12,180,2009-01-01T00:00:00+00:00,2009-06-30T00:00:00+00:00,2016,podcast,"public radio, this american life, npr",Armenia
user_000031,The The,Dogs Of Lust,1,12,180,2009-01-01T00:00:00+00:00,2009-06-30T00:00:00+00:00,2010,new wave,"post-punk, alternative, 80s",United Kingdom
user_000031,Michael Franti & Spearhead,Radio Segment,4,11,180,2009-01-01T00:00:00+00:00,2009-06-30T00:00:00+00:00,2001,reggae,"Hip-Hop, funk, political",United States
user_000031,The Flying Lizards,Money,3,11,180,2009-01-01T00:00:00+00:00,2009-06-30T00:00:00+00:00,2006,new wave,"post-punk, experimental, 80s",United Kingdom
user_000031,John Lennon,Cold Turkey,1,10,180,2009-01-01T00:00:00+00:00,2009-06-30T00:00:00+00:00,2022,classic rock,"rock, singer-songwriter, british",United Kingdom
user_000031,The Tourists,Angels And Demons,1,10,180,2009-01-01T00:00:00+00:00,2009-06-30T00:00:00+00:00,1980,new wave,"80s, british, pop",United Kingdom
user_000031,Stevie Wonder,All In Love Is Fair,1,9,180,2009-01-01T00:00:00+00:00,2009-06-30T00:00:00+00:00,1973,soul,"funk, motown, pop",United States
user_000033,Damien Rice,Prague,46,418,180,2009-01-01T00:00:00+00:00,2009-06-30T00:00:00+00:00,2004,singer-songwriter,"acoustic, folk, indie",Ireland
user_000033,Muse,Hysteria,23,245,180,2009-01-01T00:00:00+00:00,2009-06-30T00:00:00+00:00,2006,alternative rock,"rock, Progressive rock, alternative",United Kingdom
user_000033,Acidman,I Stand Free,13,226,180,2009-01-01T00:00:00+00:00,2009-06-30T00:00:00+00:00,2008,J-rock,"japanese, rock, alternative",Japan
user_000033,Dir En Grey,Red Soil,22,162,180,2009-01-01T00:00:00+00:00,2009-06-30T00:00:00+00:00,2010,J-rock,"visual kei, japanese, metal",Japan
user_000033,Skin,Nothing But,24,158,180,2009-01-01T00:00:00+00:00,2009-06-30T00:00:00+00:00,2006,rock,"female vocalists, alternative rock, alternative",United Kingdom
user_000033,Amanda Palmer,Astronaut: A Short History Of Nearly Nothing,23,156,180,2009-01-01T00:00:00+00:00,2009-06-30T00:00:00+00:00,2008,punk cabaret,"female vocalists, singer-songwriter, piano",United States
user_000033,ֳ‰milie Simon,Fleur De Saison,23,129,180,2009-01-01T00:00:00+00:00,2009-06-30T00:00:00+00:00,2007,,,France
user_000033,Lisa Hannigan,An Ocean And A Rock,9,81,180,2009-01-01T00:00:00+00:00,2009-06-30T00:00:00+00:00,2009,folk,"female vocalists, singer-songwriter, irish",Ireland
user_000033,Placebo,Meds (Feat. Vv Of The Kills),9,77,180,2009-01-01T00:00:00+00:00,2009-06-30T00:00:00+00:00,2008,alternative rock,"alternative, rock, indie",Belgium
user_000033,Radiohead,Karma Police,17,76,180,2009-01-01T00:00:00+00:00,2009-06-30T00:00:00+00:00,1997,alternative,"alternative rock, rock, indie",United Kingdom
user_000033,Kokia,Infinity,9,57,180,2009-01-01T00:00:00+00:00,2009-06-30T00:00:00+00:00,2014,j-pop,"japanese, female vocalists, singer-songwriter",Japan
user_000033,Serj Tankian,Empty Walls,11,42,180,2009-01-01T00:00:00+00:00,2009-06-30T00:00:00+00:00,2007,alternative metal,"alternative rock, alternative, rock",Ukraine
user_000033,Bjֳ¶rk,I'Ve Seen It All,15,39,180,2009-01-01T00:00:00+00:00,2009-06-30T00:00:00+00:00,2001,electronic,"experimental, alternative, female vocalists",Iceland
user_000033,The Babys,My Little Girl,5,36,180,2009-01-01T00:00:00+00:00,2009-06-30T00:00:00+00:00,2005,classic rock,"rock, 70s, hard rock",United Kingdom
user_000033,D'Espairsray,Tsuki No Kioku -Fallen-,7,35,180,2009-01-01T00:00:00+00:00,2009-06-30T00:00:00+00:00,2004,J-rock,"visual kei, japanese, industrial metal",Japan
user_000035,Ken Ishii,Extra,8,93,180,2009-01-01T00:00:00+00:00,2009-06-30T00:00:00+00:00,1998,techno,"electronic, japanese, japan",Japan
user_000035,"Koji Kondo, Hajime Wakai",Aril'S Kidnapping,1,61,180,2009-01-01T00:00:00+00:00,2009-06-30T00:00:00+00:00,2023,Classical,"electronic, game, video game music",United States
user_000035,Peter Mcconnell,Mr. Frustration Man,4,55,180,2009-01-01T00:00:00+00:00,2009-06-30T00:00:00+00:00,1998,jazz,"video game music, ambient, videogame",United States
user_000035,David Carretta,Vicious Game,4,52,180,2009-01-01T00:00:00+00:00,2009-06-30T00:00:00+00:00,2004,electro,"techno, Electroclash, electronic",Germany
user_000035,Cubismo Grafico,World Is Yours,2,46,180,2009-01-01T00:00:00+00:00,2009-06-30T00:00:00+00:00,2008,shibuya-kei,"electronic, japanese, lounge",Japan
user_000035,Jeff Mills,Alarms (Ben Sims Mix),2,34,180,2009-01-01T00:00:00+00:00,2009-06-30T00:00:00+00:00,1996,techno,"detroit techno, minimal, electronic",United States
user_000035,Jaleco Sound Team,Urban Fragments,3,32,180,2009-01-01T00:00:00+00:00,2009-06-30T00:00:00+00:00,2004,japanese,"video game music, japan",Japan
user_000035,Legowelt,Are You Really So Deep,3,31,180,2009-01-01T00:00:00+00:00,2009-06-30T00:00:00+00:00,2004,electro,"techno, electronic, Electroclash",Netherlands
user_000035,Vince Watson,Sublimina (Decryption),3,31,180,2009-01-01T00:00:00+00:00,2009-06-30T00:00:00+00:00,2006,techno,"detroit techno, electronic, tech house",Netherlands
user_000035,Crystal Castles,Air War,3,30,180,2009-01-01T00:00:00+00:00,2009-06-30T00:00:00+00:00,2006,electronic,"8-bit, new rave, electro",Canada
user_000035,Hystereo,Winters In The City,12,30,180,2009-01-01T00:00:00+00:00,2009-06-30T00:00:00+00:00,2004,electronic,"Disco, french house, House",
user_000035,Felix Da Housecat,Control Freaq,2,28,180,2009-01-01T00:00:00+00:00,2009-06-30T00:00:00+00:00,2003,House,"electronic, Electroclash, electro",United States
user_000035,Drip-Dry Eyes,Electric Love,3,27,180,2009-01-01T00:00:00+00:00,2009-06-30T00:00:00+00:00,1990,electronic,"ambient, idm, japanese",United States
user_000035,Kanye West,Big Brother,3,25,180,2009-01-01T00:00:00+00:00,2009-06-30T00:00:00+00:00,2018,Hip-Hop,"rap, Kanye West, hip hop",United Kingdom
user_000035,Quadra,Outset,4,25,180,2009-01-01T00:00:00+00:00,2009-06-30T00:00:00+00:00,2016,psytrance,"psychedelic trance, psychedelic, electronic",Japan
user_000036,The Knife,Pass This On,23,130,180,2009-01-01T00:00:00+00:00,2009-06-30T00:00:00+00:00,2004,electronic,"synthpop, swedish, electronica",United Kingdom
user_000036,Fever Ray,If I Had A Heart,17,76,180,2009-01-01T00:00:00+00:00,2009-06-30T00:00:00+00:00,2009,electronic,"ambient, swedish, female vocalists",United States
user_000036,Kaizers Orchestra,Bastard Sֳ¸nn,6,62,180,2009-01-01T00:00:00+00:00,2009-06-30T00:00:00+00:00,2008,norwegian,"alternative rock, rock, alternative",Norway
user_000036,Los Tres,Antes,5,60,180,2009-01-01T00:00:00+00:00,2009-06-30T00:00:00+00:00,1997,rock chileno,"rock, chile, Rock en Espanol",Chile
user_000036,Calle 13,La Cumbia De Los Aburridos,4,48,180,2009-01-01T00:00:00+00:00,2009-06-30T00:00:00+00:00,2007,latin,"Reggaeton, hip hop, Hip-Hop",Puerto Rico
user_000036,Tom Waits,Dirt In The Ground,2,47,180,2009-01-01T00:00:00+00:00,2009-06-30T00:00:00+00:00,2013,blues,"singer-songwriter, experimental, rock",United States
user_000036,Pֳ¡nico,El Mambero,4,44,180,2009-01-01T00:00:00+00:00,2009-06-30T00:00:00+00:00,2001,indie,"ecuador, rock, electronic",Chile
user_000036,Gustavo Cerati,Amor Amarillo,3,40,180,2009-01-01T00:00:00+00:00,2009-06-30T00:00:00+00:00,1993,Rock Argentino,"rock, argentina, Rock en Espanol",Argentina
user_000036,Morrissey,All You Need Is Me,2,24,180,2009-01-01T00:00:00+00:00,2009-06-30T00:00:00+00:00,2008,indie,"british, alternative, rock",United Kingdom
user_000036,Inxs,Beautiful Girl,2,23,180,2009-01-01T00:00:00+00:00,2009-06-30T00:00:00+00:00,2010,rock,"new wave, 80s, australian",Australia
user_000036,Kinky,Papel Volando,4,23,180,2009-01-01T00:00:00+00:00,2009-06-30T00:00:00+00:00,2008,alternative,"electronic, rock, mexico",Mexico
user_000036,Rֳ¶yksopp,This Must Be It,6,23,180,2009-01-01T00:00:00+00:00,2009-06-30T00:00:00+00:00,2009,electronic,"chillout, ambient, norwegian",Norway
user_000036,Tv On The Radio,Dancing Choose,3,23,180,2009-01-01T00:00:00+00:00,2009-06-30T00:00:00+00:00,2008,indie,"experimental, indie rock, alternative",United States
user_000036,Ancient,The Ancient Horadrim,4,22,180,2009-01-01T00:00:00+00:00,2009-06-30T00:00:00+00:00,2001,black metal,"melodic black metal, Symphonic Black Metal, Norwegian Black Metal",United Kingdom
user_000036,Juan Son,Nada,11,21,180,2009-01-01T00:00:00+00:00,2009-06-30T00:00:00+00:00,2009,alternative,"indie, experimental, mexico",Argentina
user_000037,Monsieur Minimal,Love Story,91,344,180,2009-01-01T00:00:00+00:00,2009-06-30T00:00:00+00:00,2008,indie,"electronic, electronica, experimental",Greece
user_000037,Billy Mackenzie,Wild Is The Wind,12,125,180,2009-01-01T00:00:00+00:00,2009-06-30T00:00:00+00:00,2001,pop,"new wave, Scottish, 80s",United States
user_000037,Tom Baxter,A Night Like This,17,106,180,2009-01-01T00:00:00+00:00,2009-06-30T00:00:00+00:00,2008,singer-songwriter,"acoustic, indie, male vocalists",United States
user_000037,Antony And The Johnsons,Crazy In Love,17,95,180,2009-01-01T00:00:00+00:00,2009-06-30T00:00:00+00:00,2009,singer-songwriter,"chamber pop, indie, alternative",United Kingdom
user_000037,Pet Shop Boys,Love Etc.,17,95,180,2009-01-01T00:00:00+00:00,2009-06-30T00:00:00+00:00,2009,synthpop,"electronic, pop, 80s",United Kingdom
user_000037,Yoav,Beautiful Lie,19,90,180,2009-01-01T00:00:00+00:00,2009-06-30T00:00:00+00:00,2007,indie,"acoustic, electronic, alternative",United States
user_000037,Pulp,I Spy,8,81,180,2009-01-01T00:00:00+00:00,2009-06-30T00:00:00+00:00,1995,britpop,"indie, british, alternative",United Kingdom
user_000037,Chris Garneau,Black & Blue,12,65,180,2009-01-01T00:00:00+00:00,2009-06-30T00:00:00+00:00,2010,singer-songwriter,"indie, piano, indie pop",United States
user_000037,Archive,All Time,4,60,180,2009-01-01T00:00:00+00:00,2009-06-30T00:00:00+00:00,1996,trip-hop,"electronic, Progressive rock, alternative",United Kingdom
user_000037,Marc Almond,In Your Bed,32,57,180,2009-01-01T00:00:00+00:00,2009-06-30T00:00:00+00:00,1993,new wave,"pop, 80s, cabaret",United Kingdom
user_000037,Morrissey,"Irish Blood, English Heart",6,57,180,2009-01-01T00:00:00+00:00,2009-06-30T00:00:00+00:00,2020,indie,"british, alternative, rock",United Kingdom
user_000037,Glen Hansard & Markֳ©ta Irglovֳ¡,If You Want Me,52,56,180,2009-01-01T00:00:00+00:00,2009-06-30T00:00:00+00:00,2007,folk,"singer-songwriter, irish, acoustic",Ireland
user_000037,Dominique A,Monochrome,21,50,180,2009-01-01T00:00:00+00:00,2009-06-30T00:00:00+00:00,1999,french,"chanson francaise, singer-songwriter, indie",France
user_000037,Portishead,Mourning Air (War Child),4,48,180,2009-01-01T00:00:00+00:00,2009-06-30T00:00:00+00:00,2002,trip-hop,"electronic, female vocalists, chillout",United Kingdom
user_000037,Tori Amos,Cool On Your Island,17,46,180,2009-01-01T00:00:00+00:00,2009-06-30T00:00:00+00:00,2005,female vocalists,"singer-songwriter, alternative, piano",United States
user_000038,Suicide Commando,Under God'S Eye,12,412,180,2009-01-01T00:00:00+00:00,2009-06-30T00:00:00+00:00,1994,ebm,"industrial, dark electro, electronic",Belgium
user_000038,Agonoize,Circle Of Death,10,400,180,2009-01-01T00:00:00+00:00,2009-06-30T00:00:00+00:00,2005,ebm,"dark electro, industrial, Aggrotech",Germany
user_000038,Heimatֳ¦rde,Deus Lo Vult,11,151,180,2009-01-01T00:00:00+00:00,2009-06-30T00:00:00+00:00,2005,ebm,"industrial, dark electro, Aggrotech",Germany
user_000038,Diary Of Dreams,Amok,4,114,180,2009-01-01T00:00:00+00:00,2009-06-30T00:00:00+00:00,2005,darkwave,"Gothic, electronic, industrial",Germany
user_000038,Combichrist,5Am (After Party),5,92,180,2009-01-01T00:00:00+00:00,2009-06-30T00:00:00+00:00,2007,industrial,"ebm, dark electro, electronic",
user_000038,Dark Sanctuary,Les Mֳ©moires Blessֳ©es,8,80,180,2009-01-01T00:00:00+00:00,2009-06-30T00:00:00+00:00,2004,neoclassical,"dark ambient, ethereal, Gothic",France
user_000038,Kiew,Anstaltsordnung,6,72,180,2009-01-01T00:00:00+00:00,2009-06-30T00:00:00+00:00,2004,industrial,"powernoise, ebm, noise",Germany
user_000038,Hocico,Sucios Pensamientos,4,69,180,2009-01-01T00:00:00+00:00,2009-06-30T00:00:00+00:00,2000,dark electro,"ebm, industrial, darkwave",Mexico
user_000038,Panzer Ag,When I Am You,4,67,180,2009-01-01T00:00:00+00:00,2009-06-30T00:00:00+00:00,2006,industrial,"ebm, Aggrotech, dark electro",Norway
user_000038,Tiamat,To Have And Have Not,2,61,180,2009-01-01T00:00:00+00:00,2009-06-30T00:00:00+00:00,1999,Gothic Metal,"doom metal, death metal, metal",Sweden
user_000038,Assemblage 23,Binary,5,50,180,2009-01-01T00:00:00+00:00,2009-06-30T00:00:00+00:00,2012,ebm,"futurepop, synthpop, industrial",United States
user_000038,Diorama,Advance (Remix),2,43,180,2009-01-01T00:00:00+00:00,2009-06-30T00:00:00+00:00,2001,darkwave,"synthpop, electronic, Gothic",Germany
user_000038,Xotox,Czarny Las,2,41,180,2009-01-01T00:00:00+00:00,2009-06-30T00:00:00+00:00,2008,industrial,"powernoise, Rhythmic Noise, noise",Germany
user_000038,Stoa,Alone,2,40,180,2009-01-01T00:00:00+00:00,2009-06-30T00:00:00+00:00,2002,neoclassical,"ethereal, darkwave, Gothic",Germany
user_000038,Grendel,Void Malign,4,39,180,2009-01-01T00:00:00+00:00,2009-06-30T00:00:00+00:00,2007,ebm,"dark electro, industrial, Harsh EBM",Netherlands
user_000040,Frittenbude,Hildegard,17,166,180,2009-01-01T00:00:00+00:00,2009-06-30T00:00:00+00:00,2008,electropunk,"electronic, german, electro",Germany
user_000040,The Sunshine Underground,The Way It Is,25,164,180,2009-01-01T00:00:00+00:00,2009-06-30T00:00:00+00:00,2006,indie,"indie rock, british, alternative",United Kingdom
user_000040,Franz Ferdinand,What She Came For,16,162,180,2009-01-01T00:00:00+00:00,2009-06-30T00:00:00+00:00,2009,indie rock,"indie, rock, alternative",Austria
user_000040,Mando Diao,High Heels,13,88,180,2009-01-01T00:00:00+00:00,2009-06-30T00:00:00+00:00,2009,indie,"indie rock, rock, swedish",Sweden
user_000040,Crystal Castles,Untrust Us,14,85,180,2009-01-01T00:00:00+00:00,2009-06-30T00:00:00+00:00,2007,electronic,"poptron, 8-bit, electro",Canada
user_000040,Interpol,Slow Hands,11,75,180,2009-01-01T00:00:00+00:00,2009-06-30T00:00:00+00:00,2014,post-punk,"indie rock, indie, alternative",United States
user_000040,Kissogram,Rubber & Meat,9,75,180,2009-01-01T00:00:00+00:00,2009-06-30T00:00:00+00:00,2009,electronic,"synthpop, Electroclash, electropop",Germany
user_000040,Kasabian,Last Trip (In Flight),9,73,180,2009-01-01T00:00:00+00:00,2009-06-30T00:00:00+00:00,2011,indie,"indie rock, british, alternative",United Kingdom
user_000040,Deichkind,Hֳ¶rt Ihr Die Signale,12,71,180,2009-01-01T00:00:00+00:00,2009-06-30T00:00:00+00:00,2008,electronic,"german, Hip-Hop, hip hop",Germany
user_000040,The Faint,Glass Danse,6,59,180,2009-01-01T00:00:00+00:00,2009-06-30T00:00:00+00:00,2008,electronic,"indie, indie rock, dance",United Kingdom
user_000040,The Last Shadow Puppets,Separate And Ever Deadly,7,50,180,2009-01-01T00:00:00+00:00,2009-06-30T00:00:00+00:00,2008,indie,"british, indie rock, alternative",United Kingdom
user_000040,Babyshambles,Back From The Dead,18,43,180,2009-01-01T00:00:00+00:00,2009-06-30T00:00:00+00:00,2025,british,"indie, indie rock, rock",United Kingdom
user_000040,These New Puritans,C. 16Th ֲ±,6,43,180,2009-01-01T00:00:00+00:00,2009-06-30T00:00:00+00:00,2007,post-punk,"indie, new rave, british",United Kingdom
user_000040,Mgmt,Kids,17,42,180,2009-01-01T00:00:00+00:00,2009-06-30T00:00:00+00:00,2009,electronic,"indie, alternative, dance",United States
user_000040,Klaxons,Golden Skans,5,38,180,2009-01-01T00:00:00+00:00,2009-06-30T00:00:00+00:00,2007,new rave,"indie, electronic, british",United Kingdom
user_000041,Vnv Nation,Standing,10,48,180,2009-01-01T00:00:00+00:00,2009-06-30T00:00:00+00:00,2004,futurepop,"ebm, electronic, industrial",Germany
user_000041,Stromkern,Stand Up,15,38,180,2009-01-01T00:00:00+00:00,2009-06-30T00:00:00+00:00,2006,ebm,"industrial, synthpop, electronic",United States
user_000041,The Prodigy,Diesel Power,34,34,180,2009-01-01T00:00:00+00:00,2009-06-30T00:00:00+00:00,1996,electronic,"techno, industrial, dance",United Kingdom
user_000041,S.P.O.C.K,All E.T:S Aren'T Nice,8,23,180,2009-01-01T00:00:00+00:00,2009-06-30T00:00:00+00:00,1997,synthpop,"swedish, futurepop, electronic",United States
user_000041,Absurd Minds,Masterbuilder (Sfor Crime Remix),11,20,180,2009-01-01T00:00:00+00:00,2009-06-30T00:00:00+00:00,2002,ebm,"futurepop, industrial, synthpop",Germany
user_000041,Covenant,Bullet (Radio Edit),3,17,180,2009-01-01T00:00:00+00:00,2009-06-30T00:00:00+00:00,2007,ebm,"futurepop, synthpop, electronic",Sweden
user_000041,Cֳ©line Dion,Because You Loved Me,1,8,180,2009-01-01T00:00:00+00:00,2009-06-30T00:00:00+00:00,2020,pop,"female vocalists, Canadian, 90s",Canada
user_000041,Enya,On Your Shore,2,6,180,2009-01-01T00:00:00+00:00,2009-06-30T00:00:00+00:00,1992,new age,"celtic, ambient, female vocalists",Ireland
user_000041,Kent,Duett,1,6,180,2009-01-01T00:00:00+00:00,2009-06-30T00:00:00+00:00,2002,swedish,"rock, indie, alternative",Sweden
user_000041,Avril Lavigne,I'M With You,2,5,180,2009-01-01T00:00:00+00:00,2009-06-30T00:00:00+00:00,2007,pop,"pop rock, rock, avril lavigne",Canada
user_000041,Vnv Nation - Standing-Burning Empires (2 Cd) (2000),Standing (Motion),3,5,180,2009-01-01T00:00:00+00:00,2009-06-30T00:00:00+00:00,2004,,,Netherlands
user_000041,De/Vision,My Own Worst Enemy,3,4,180,2009-01-01T00:00:00+00:00,2009-06-30T00:00:00+00:00,2006,synthpop,"electronic, futurepop, ebm",Germany
user_000041,Evil'S Toy,Virtual State,4,4,180,2009-01-01T00:00:00+00:00,2009-06-30T00:00:00+00:00,2024,ebm,"synthpop, futurepop, electronic",United Kingdom
user_000041,Funker Vogt,Fallen Hero (Jekyll & Hyde Remix By The Birthday Massacre),1,4,180,2009-01-01T00:00:00+00:00,2009-06-30T00:00:00+00:00,2017,ebm,"industrial, electronic, german",Germany
user_000041,Infected Mushroom,Angel Jonatan,1,4,180,2009-01-01T00:00:00+00:00,2009-06-30T00:00:00+00:00,2002,psytrance,"electronic, psychedelic, trance",Israel
user_000044,Within Temptation,Bittersweet,17,303,180,2009-01-01T00:00:00+00:00,2009-06-30T00:00:00+00:00,2009,within temptation,"Gothic Metal, Female fronted metal, metal",Netherlands
user_000044,Hammerfall,Always Will Be,22,178,180,2009-01-01T00:00:00+00:00,2009-06-30T00:00:00+00:00,2002,Power metal,"heavy metal, metal, swedish",Sweden
user_000044,Dragonforce,Heroes Of Our Time,15,113,180,2009-01-01T00:00:00+00:00,2009-06-30T00:00:00+00:00,2008,Power metal,"speed metal, metal, Extreme Power Metal",United Kingdom
user_000044,Turisas,One More,9,89,180,2009-01-01T00:00:00+00:00,2009-06-30T00:00:00+00:00,2009,folk metal,"viking metal, battle metal, finnish",Finland
user_000044,Deep Purple,Lady Double Dealer,7,76,180,2009-01-01T00:00:00+00:00,2009-06-30T00:00:00+00:00,1985,hard rock,"classic rock, rock, Progressive rock",United Kingdom
user_000044,Blind Guardian,Skalds And Shadows,11,74,180,2009-01-01T00:00:00+00:00,2009-06-30T00:00:00+00:00,2006,Power metal,"speed metal, heavy metal, symphonic metal",Germany
user_000044,Him,The Sacrament,11,63,180,2009-01-01T00:00:00+00:00,2009-06-30T00:00:00+00:00,2004,Love Metal,"Gothic Rock, rock, finnish",Finland
user_000044,Savage Garden,Affirmation,8,59,180,2009-01-01T00:00:00+00:00,2009-06-30T00:00:00+00:00,2000,pop,"90s, australian, rock",Australia
user_000044,Sirenia,At Sixies And Sevens - 09 - In Sumerian Haze,8,55,180,2009-01-01T00:00:00+00:00,2009-06-30T00:00:00+00:00,2002,Gothic Metal,"symphonic metal, Female fronted metal, metal",Norway
user_000044,The Gathering,You Learn About It,9,40,180,2009-01-01T00:00:00+00:00,2009-06-30T00:00:00+00:00,2003,Gothic Metal,"Progressive metal, Female fronted metal, female vocalists",United Kingdom
user_000044,Nightwish,The Islander,9,39,180,2009-01-01T00:00:00+00:00,2009-06-30T00:00:00+00:00,2011,symphonic metal,"Power metal, Gothic Metal, metal",Finland
user_000044,Ensiferum,Tears,11,31,180,2009-01-01T00:00:00+00:00,2009-06-30T00:00:00+00:00,2017,folk metal,"viking metal, Melodic Death Metal, finnish",Finland
user_000044,Era,Enae Volare,7,30,180,2009-01-01T00:00:00+00:00,2009-06-30T00:00:00+00:00,2022,new age,"ambient, celtic, chillout",France
user_000044,Firewind,Angels Forgive Me,4,29,180,2009-01-01T00:00:00+00:00,2009-06-30T00:00:00+00:00,2008,Power metal,"heavy metal, speed metal, metal",Greece
user_000044,Blackmore'S Night,Hark The Herald Angels Sing / Come All Ye Faithful,6,28,180,2009-01-01T00:00:00+00:00,2009-06-30T00:00:00+00:00,2006,folk,"folk rock, medieval, celtic",United States
user_000046,The Haunted,All Against All,45,382,180,2009-01-01T00:00:00+00:00,2009-06-30T00:00:00+00:00,2010,thrash metal,"Melodic Death Metal, death metal, metal",United Kingdom
user_000046,A Perfect Circle,3 Libras,8,67,180,2009-01-01T00:00:00+00:00,2009-06-30T00:00:00+00:00,2009,alternative rock,"Progressive rock, rock, alternative",United States
user_000046,Agents Of Oblivion,Endsmouth,9,60,180,2009-01-01T00:00:00+00:00,2009-06-30T00:00:00+00:00,2000,Stoner Rock,"Psychedelic Rock, doom metal, Sludge",Denmark
user_000046,Corrosion Of Conformity,In The Arms Of God,10,60,180,2009-01-01T00:00:00+00:00,2009-06-30T00:00:00+00:00,2005,Stoner Rock,"stoner metal, heavy metal, metal",United States
user_000046,Opeth,Coil,7,60,180,2009-01-01T00:00:00+00:00,2009-06-30T00:00:00+00:00,2008,Progressive metal,"progressive death metal, death metal, Melodic Death Metal",Sweden
user_000046,Soulfly,Doom,13,58,180,2009-01-01T00:00:00+00:00,2009-06-30T00:00:00+00:00,2008,thrash metal,"Nu Metal, metal, groove metal",United States
user_000046,Deftones,Anniversary Of An Uninteresting Event,3,56,180,2009-01-01T00:00:00+00:00,2009-06-30T00:00:00+00:00,2003,Nu Metal,"alternative, metal, alternative rock",United States
user_000046,Mike Patton,A Perfect Twist (Vocal),8,52,180,2009-01-01T00:00:00+00:00,2009-06-30T00:00:00+00:00,2008,experimental,"Avant-Garde, mike patton, alternative",United States
user_000046,Acid Bath,The Blue,8,51,180,2009-01-01T00:00:00+00:00,2009-06-30T00:00:00+00:00,2014,Sludge,"doom metal, sludge metal, stoner metal",United States
user_000046,Eyehategod,Dixie Whiskey,7,46,180,2009-01-01T00:00:00+00:00,2009-06-30T00:00:00+00:00,1995,Sludge,"doom metal, sludge metal, sludgecore",United States
user_000046,Slint,Breadcrumb Trail,9,46,180,2009-01-01T00:00:00+00:00,2009-06-30T00:00:00+00:00,1990,post-rock,"math rock, indie rock, indie",United States
user_000046,Isis,20 Minutes / 40 Years,7,44,180,2009-01-01T00:00:00+00:00,2009-06-30T00:00:00+00:00,2009,Post-Metal,"Sludge, post-rock, Progressive metal",United States
user_000046,Deadboy & The Elephantmen,"Stop, I'M Already Dead",5,40,180,2009-01-01T00:00:00+00:00,2009-06-30T00:00:00+00:00,2005,rock,"indie rock, alternative, dax riggs",United States
user_000046,Down,Dog Tired,4,40,180,2009-01-01T00:00:00+00:00,2009-06-30T00:00:00+00:00,2002,stoner metal,"Southern metal, Stoner Rock, heavy metal",United States
user_000046,Virus,Stalkers Of The Drift,9,36,180,2009-01-01T00:00:00+00:00,2009-06-30T00:00:00+00:00,2008,Avant-garde Metal,"Progressive metal, Avant-Garde, Progressive rock",Russian Federation
user_000053,Doom,Cellz,5,66,180,2009-01-01T00:00:00+00:00,2009-06-30T00:00:00+00:00,2009,Crust,"crust punk, Hip-Hop, punk",United States
user_000053,N.E.R.D.,Anti Matter,4,37,180,2009-01-01T00:00:00+00:00,2009-06-30T00:00:00+00:00,2019,Hip-Hop,"rap, alternative, rock","Korea, Republic of"
user_000053,Britney Spears,Circus,3,27,180,2009-01-01T00:00:00+00:00,2009-06-30T00:00:00+00:00,2009,pop,"dance, Britney Spears, circus",United States
user_000053,Common,Come Close,12,27,180,2009-01-01T00:00:00+00:00,2009-06-30T00:00:00+00:00,2016,Hip-Hop,"rap, hip hop, soul",United States
user_000053,Madlib,Mystic Bounce,12,26,180,2009-01-01T00:00:00+00:00,2009-06-30T00:00:00+00:00,2003,Hip-Hop,"jazz, funk, rap",United States
user_000053,John Legend,Each Day Gets Better,13,23,180,2009-01-01T00:00:00+00:00,2009-06-30T00:00:00+00:00,2006,soul,"rnb, Neo-Soul, singer-songwriter",United States
user_000053,Ludacris,Ludacris-Mvp,3,22,180,2009-01-01T00:00:00+00:00,2009-06-30T00:00:00+00:00,2008,Hip-Hop,"rap, Dirty South, hip hop",United States
user_000053,Yoanna,Ma Plume,4,19,180,2009-01-01T00:00:00+00:00,2009-06-30T00:00:00+00:00,2008,singer-songwriter,"chanson, accordion, funny",Switzerland
user_000053,Nicolay,Let It Shine For Me,17,18,180,2009-01-01T00:00:00+00:00,2009-06-30T00:00:00+00:00,2006,Hip-Hop,"instrumental hip-hop, producer, rap",Netherlands
user_000053,Zero 7,Your Place,11,18,180,2009-01-01T00:00:00+00:00,2009-06-30T00:00:00+00:00,2021,chillout,"downtempo, electronic, trip-hop",United Kingdom
user_000053,Bonobo,If You Stayed Over (Reprise),9,16,180,2009-01-01T00:00:00+00:00,2009-06-30T00:00:00+00:00,2010,downtempo,"electronic, trip-hop, chillout",United Kingdom
user_000053,Dj Koze,Bֳ₪ume Strahlen Stress Aus,10,16,180,2009-01-01T00:00:00+00:00,2009-06-30T00:00:00+00:00,2005,minimal,"electronic, techno, minimal techno",Germany
user_000053,King Britt,They Call Me Mr. Tibbs Main Title (King Britt Vocal Reinterpretation Feat. Mr. Lif),10,16,180,2009-01-01T00:00:00+00:00,2009-06-30T00:00:00+00:00,2007,House,"Hip-Hop, funk, acid jazz",United States
user_000053,Santogold,L.E.S. Artistes,3,16,180,2009-01-01T00:00:00+00:00,2009-06-30T00:00:00+00:00,2008,electronic,"indie, alternative, female vocalists",
user_000053,Andrֳ© Heller,Was Mir Der Dichter Luis Rosalez In Etwa Erzֳ₪hlte,15,15,180,2009-01-01T00:00:00+00:00,2009-06-30T00:00:00+00:00,1973,liedermacher,"singer-songwriter, austrian, austropop",Austria
user_000054,Poison,Talk Dirty To Me,53,1192,180,2009-01-01T00:00:00+00:00,2009-06-30T00:00:00+00:00,2008,hard rock,"hair metal, 80s, rock",United States
user_000054,Judas Priest,Eat Me Alive,43,917,180,2009-01-01T00:00:00+00:00,2009-06-30T00:00:00+00:00,2021,heavy metal,"metal, hard rock, NWOBHM",United Kingdom
user_000054,Whitesnake,Here I Go Again,54,827,180,2009-01-01T00:00:00+00:00,2009-06-30T00:00:00+00:00,2006,hard rock,"classic rock, 80s, rock",United Kingdom
user_000054,Mֳ¶tley Crֳ¼e,You'Re All I Need,31,663,180,2009-01-01T00:00:00+00:00,2009-06-30T00:00:00+00:00,1991,hard rock,"heavy metal, hair metal, 80s",United States
user_000054,Backyard Babies,Look At You,34,628,180,2009-01-01T00:00:00+00:00,2009-06-30T00:00:00+00:00,2005,hard rock,"rock, punk rock, swedish",Sweden
user_000054,Metallica,Seek & Destroy,19,616,180,2009-01-01T00:00:00+00:00,2009-06-30T00:00:00+00:00,2021,thrash metal,"heavy metal, metal, hard rock",United States
user_000054,Kiss,Beth,19,562,180,2009-01-01T00:00:00+00:00,2009-06-30T00:00:00+00:00,1996,80s,"rock, 70's, rock",United States
user_000054,Guns N' Roses,My Michelle,15,516,180,2009-01-01T00:00:00+00:00,2009-06-30T00:00:00+00:00,1991,hard rock,"rock, classic rock, 80s",United States
user_000054,Motֳ¶rhead,Overkill,17,504,180,2009-01-01T00:00:00+00:00,2009-06-30T00:00:00+00:00,2005,heavy metal,"hard rock, speed metal, metal",United Kingdom
user_000054,Kings Of Leon,Cold Desert,32,502,180,2009-01-01T00:00:00+00:00,2009-06-30T00:00:00+00:00,2009,rock,"indie, indie rock, alternative",United States
user_000054,The Prodigy,Invaders Must Die,49,502,180,2009-01-01T00:00:00+00:00,2009-06-30T00:00:00+00:00,2017,electronic,"techno, industrial, dance",United Kingdom
user_000054,Hank Williams Iii,Not Everybody Likes Us,27,499,180,2009-01-01T00:00:00+00:00,2009-06-30T00:00:00+00:00,2006,country,"Alt-country, hellbilly, psychobilly",United States
user_000054,Wilco,Red-Eyed And Blue,20,473,180,2009-01-01T00:00:00+00:00,2009-06-30T00:00:00+00:00,,Alt-country,"indie, indie rock, rock",United States
user_000054,Lynyrd Skynyrd,That Smell,22,464,180,2009-01-01T00:00:00+00:00,2009-06-30T00:00:00+00:00,2008,Southern Rock,"classic rock, rock, hard rock",United States
user_000054,Ozzy Osbourne,Shot In The Dark,25,438,180,2009-01-01T00:00:00+00:00,2009-06-30T00:00:00+00:00,1993,heavy metal,"hard rock, metal, classic rock",United Kingdom
user_000055,Zeigeist,Fight With Shattered Mirrors,543,990,180,2009-01-01T00:00:00+00:00,2009-06-30T00:00:00+00:00,2008,electronic,"synthpop, swedish, electropop",Sweden
user_000055,Kylie Minogue,Magnetic Electric [Bonus Track],83,539,180,2009-01-01T00:00:00+00:00,2009-06-30T00:00:00+00:00,2007,pop,"dance, female vocalists, australian",Australia
user_000055,Empire Of The Sun,We Are The People,417,442,180,2009-01-01T00:00:00+00:00,2009-06-30T00:00:00+00:00,2013,electronic,"indie, synthpop, pop",Australia
user_000055,Polarkreis 18,Allein Allein,70,414,180,2009-01-01T00:00:00+00:00,2009-06-30T00:00:00+00:00,2024,electronic,"german, indie, indietronica",Germany
user_000055,Lamb,Cotton Wool (A Guy Called Gerald Mix),13,357,180,2009-01-01T00:00:00+00:00,2009-06-30T00:00:00+00:00,1997,trip-hop,"electronic, chillout, female vocalists",United Kingdom
user_000055,Clint Mansell,Death Is The Road To Awe,50,309,180,2009-01-01T00:00:00+00:00,2009-06-30T00:00:00+00:00,2006,instrumental,"ambient, electronic, Classical",United Kingdom
user_000055,Madonna,Miles Away,202,285,180,2009-01-01T00:00:00+00:00,2009-06-30T00:00:00+00:00,2009,pop,"dance, female vocalists, 80s",United States
user_000055,Cyndi Lauper,Into The Nightlife,32,273,180,2009-01-01T00:00:00+00:00,2009-06-30T00:00:00+00:00,2008,pop,"80s, female vocalists, new wave",United States
user_000055,Crystal Castles,Vanished,37,237,180,2009-01-01T00:00:00+00:00,2009-06-30T00:00:00+00:00,2008,poptron,"electronic, 8-bit, electronica",Canada
user_000055,Rֳ¶yksopp,True To Life,17,225,180,2009-01-01T00:00:00+00:00,2009-06-30T00:00:00+00:00,2009,electronic,"chillout, ambient, norwegian",Norway
user_000055,Blonde Redhead,The Dress,86,201,180,2009-01-01T00:00:00+00:00,2009-06-30T00:00:00+00:00,2007,indie,"indie rock, alternative, female vocalists",United States
user_000055,Shirley Bassey,This Is My Life,11,190,180,2009-01-01T00:00:00+00:00,2009-06-30T00:00:00+00:00,2006,jazz,"soul, female vocalists, pop",United States
user_000055,Grafton Primary,Records For The Righteous,17,178,180,2009-01-01T00:00:00+00:00,2009-06-30T00:00:00+00:00,2008,electronic,"australian, electro, synth electro","Korea, Republic of"
user_000055,Juvelen,Hanna,17,139,180,2009-01-01T00:00:00+00:00,2009-06-30T00:00:00+00:00,2007,electronic,"swedish, pop, indie",Sweden
user_000055,Natalie Portman'S Shaved Head,Me + Yr Daughter,12,139,180,2009-01-01T00:00:00+00:00,2009-06-30T00:00:00+00:00,2009,electronic,"synthpop, indie, electro",United States
user_000056,Robots In Disguise,I'M Hit,49,78,180,2009-01-01T00:00:00+00:00,2009-06-30T00:00:00+00:00,2008,Electroclash,"electronic, female vocalists, electropop",United Kingdom
user_000056,Alice In Videoland,Better Off,6,32,180,2009-01-01T00:00:00+00:00,2009-06-30T00:00:00+00:00,2005,Electroclash,"electronic, synthpop, swedish",Sweden
user_000056,Aqua,Good Morning Sunshine,3,14,180,2009-01-01T00:00:00+00:00,2009-06-30T00:00:00+00:00,2023,pop,"dance, eurodance, 90s",Denmark
user_000056,Fischerspooner,We Need A War,2,13,180,2009-01-01T00:00:00+00:00,2009-06-30T00:00:00+00:00,2005,electronic,"Electroclash, synthpop, electro",United States
user_000056,Yarabi,I Amar,4,13,180,2009-01-01T00:00:00+00:00,2009-06-30T00:00:00+00:00,2011,dance,"pop, Romanian, male vocalists",Romania
user_000056,Calvin Harris,Certified,2,12,180,2009-01-01T00:00:00+00:00,2009-06-30T00:00:00+00:00,2007,electronic,"dance, electro, Disco",United States
user_000056,Morandi,Love Me,5,12,180,2009-01-01T00:00:00+00:00,2009-06-30T00:00:00+00:00,2011,dance,"pop, electronic, Romanian",Italy
user_000056,Lady Gaga,Boys Boys Boys,3,10,180,2009-01-01T00:00:00+00:00,2009-06-30T00:00:00+00:00,2008,pop,"dance, electronic, female vocalists",United States
user_000056,The Faint,Let The Poison Spill From Your Throat,2,10,180,2009-01-01T00:00:00+00:00,2009-06-30T00:00:00+00:00,2003,electronic,"indie, indie rock, dance",United Kingdom
user_000056,Activ,Lucruri Simple,2,9,180,2009-01-01T00:00:00+00:00,2009-06-30T00:00:00+00:00,2005,pop,"dance, Romanian, electronic",Romania
user_000056,The Retrosic,Bomb,3,8,180,2009-01-01T00:00:00+00:00,2009-06-30T00:00:00+00:00,2006,dark electro,"ebm, industrial, electronic",United Kingdom
user_000056,Assemblage 23,30Kft,2,7,180,2009-01-01T00:00:00+00:00,2009-06-30T00:00:00+00:00,2004,ebm,"futurepop, synthpop, industrial",United States
user_000056,T.A.T.U.,Cosmos (Outer Space),1,7,180,2009-01-01T00:00:00+00:00,2009-06-30T00:00:00+00:00,2020,pop,"russian, electronic, female vocalists",Russian Federation
user_000056,Akcent,Let'S Talk About It,2,6,180,2009-01-01T00:00:00+00:00,2009-06-30T00:00:00+00:00,2007,dance,"pop, electronic, Romanian",Romania
user_000056,Ayria,Counterblow,1,6,180,2009-01-01T00:00:00+00:00,2009-06-30T00:00:00+00:00,2005,ebm,"industrial, electronic, synthpop",Canada
user_000063,Opeth,Godhead'S Lament,12,212,180,2009-01-01T00:00:00+00:00,2009-06-30T00:00:00+00:00,1999,Progressive metal,"progressive death metal, death metal, Melodic Death Metal",Sweden
user_000063,Riverside,Before,9,122,180,2009-01-01T00:00:00+00:00,2009-06-30T00:00:00+00:00,2005,Progressive rock,"Progressive metal, polish, Progressive",Cuba
user_000063,Blackfield,Blackfield,19,121,180,2009-01-01T00:00:00+00:00,2009-06-30T00:00:00+00:00,2007,Progressive rock,"melancholic, rock, alternative",United Kingdom
user_000063,Lao Che,Ty Czֵ‚owiek Jesteֵ›?,6,77,180,2009-01-01T00:00:00+00:00,2009-06-30T00:00:00+00:00,2020,alternative,"polish, alternative rock, rock",Poland
user_000063,Sigur Rֳ³s,Innֳ­ Mֳ©r Syngur Vitleysingur,7,64,180,2009-01-01T00:00:00+00:00,2009-06-30T00:00:00+00:00,2016,post-rock,"ambient, icelandic, alternative",Iceland
user_000063,Korpiklaani,Hunting Song,5,62,180,2009-01-01T00:00:00+00:00,2009-06-30T00:00:00+00:00,2005,folk metal,"viking metal, finnish, metal",Finland
user_000063,Poets Of The Fall,Where Do We Draw The Line,9,55,180,2009-01-01T00:00:00+00:00,2009-06-30T00:00:00+00:00,2008,alternative rock,"rock, finnish, alternative",Finland
user_000063,Hunter,Kiedy Umieram,4,51,180,2009-01-01T00:00:00+00:00,2009-06-30T00:00:00+00:00,2004,heavy metal,"polish, metal, thrash metal",United Kingdom
user_000063,Archive,Again,4,49,180,2009-01-01T00:00:00+00:00,2009-06-30T00:00:00+00:00,2003,trip-hop,"electronic, Progressive rock, alternative",United Kingdom
user_000063,System Of A Down,Atwa,4,45,180,2009-01-01T00:00:00+00:00,2009-06-30T00:00:00+00:00,2001,alternative metal,"metal, rock, System of a Down",United States
user_000063,Trivium,Departure,2,45,180,2009-01-01T00:00:00+00:00,2009-06-30T00:00:00+00:00,2005,metalcore,"thrash metal, metal, heavy metal",United States
user_000063,God Is An Astronaut,Beyond The Dying Light,6,41,180,2009-01-01T00:00:00+00:00,2009-06-30T00:00:00+00:00,2007,post-rock,"instrumental, ambient, experimental",Ireland
user_000063,Metallica,Loverman,4,37,180,2009-01-01T00:00:00+00:00,2009-06-30T00:00:00+00:00,1998,thrash metal,"heavy metal, metal, hard rock",United States
user_000063,In Flames,Come Clarity,6,36,180,2009-01-01T00:00:00+00:00,2009-06-30T00:00:00+00:00,2007,Melodic Death Metal,"death metal, metal, swedish",Sweden
user_000063,Coma,Archipelagi,5,35,180,2009-01-01T00:00:00+00:00,2009-06-30T00:00:00+00:00,2008,rock,"polish, alternative rock, polish rock",Poland
user_000064,Thֳ¥strֳ¶m,Kֳ₪rlek ֳ„r Fֳ¶r Dom,79,557,180,2009-01-01T00:00:00+00:00,2009-06-30T00:00:00+00:00,2009,swedish,"singer-songwriter, rock, punk",Sweden
user_000064,Ben Folds,You Don'T Know Me (Feat. Regina Spektor),43,204,180,2009-01-01T00:00:00+00:00,2009-06-30T00:00:00+00:00,2025,singer-songwriter,"piano rock, indie, alternative",United States
user_000064,Dr. Horrible,Brand New Day,19,193,180,2009-01-01T00:00:00+00:00,2009-06-30T00:00:00+00:00,1998,funny,"musical, lovethisartist",United States
user_000064,Volbeat,Maybellene I Hofteholder,62,177,180,2009-01-01T00:00:00+00:00,2009-06-30T00:00:00+00:00,2008,heavy metal,"metal, rockabilly, elvis metal",Denmark
user_000064,Kaiser Chiefs,Ruby,25,151,180,2009-01-01T00:00:00+00:00,2009-06-30T00:00:00+00:00,2009,indie,"indie rock, rock, british",United Kingdom
user_000064,Muse,Hysteria,22,106,180,2009-01-01T00:00:00+00:00,2009-06-30T00:00:00+00:00,2006,alternative rock,"rock, Progressive rock, alternative",United Kingdom
user_000064,The Pillows,Little Busters,20,104,180,2009-01-01T00:00:00+00:00,2009-06-30T00:00:00+00:00,2001,J-rock,"japanese, rock, anime",United Kingdom
user_000064,Stefan Sundstrֳ¶m,Onda Barn,11,90,180,2009-01-01T00:00:00+00:00,2009-06-30T00:00:00+00:00,1997,swedish,"singer-songwriter, rock, folk",Germany
user_000064,The Who,Behind Blue Eyes,27,88,180,2009-01-01T00:00:00+00:00,2009-06-30T00:00:00+00:00,2009,classic rock,"rock, british, 60s",United Kingdom
user_000064,Johnossi,18 Karat Gold,39,86,180,2009-01-01T00:00:00+00:00,2009-06-30T00:00:00+00:00,2008,swedish,"indie rock, indie, rock",Sweden
user_000064,Ebba Grֳ¶n,Die Mauer,9,81,180,2009-01-01T00:00:00+00:00,2009-06-30T00:00:00+00:00,1998,punk,"swedish, Swedish Punk, punk rock",Sweden
user_000064,Flogging Molly,The Light Of A Fading Star,11,78,180,2009-01-01T00:00:00+00:00,2009-06-30T00:00:00+00:00,2004,irish,"punk, folk, punk rock",United States
user_000064,Eldkvarn,Brֳ¶llopssֳ¥ng #1,12,71,180,2009-01-01T00:00:00+00:00,2009-06-30T00:00:00+00:00,2008,swedish,"rock, folk-rock, singer-songwriter",Sweden
user_000064,Morrissey,Let Me Kiss You,11,71,180,2009-01-01T00:00:00+00:00,2009-06-30T00:00:00+00:00,2013,indie,"british, alternative, rock",United Kingdom
user_000064,Rammstein,Rosenrot,17,70,180,2009-01-01T00:00:00+00:00,2009-06-30T00:00:00+00:00,2005,industrial metal,"metal, german, industrial",Germany
user_000065,Death Cab For Cutie,A Diamond And A Tether,9,191,180,2009-01-01T00:00:00+00:00,2009-06-30T00:00:00+00:00,2009,indie,"indie rock, alternative, rock",United States
user_000065,Peter Bjorn And John,Lay It Down,11,150,180,2009-01-01T00:00:00+00:00,2009-06-30T00:00:00+00:00,2009,indie,"swedish, indie pop, indie rock",Sweden
user_000065,Bloc Party,Mercury,13,128,180,2009-01-01T00:00:00+00:00,2009-06-30T00:00:00+00:00,2008,indie,"indie rock, british, alternative",United Kingdom
user_000065,The Decemberists,Days Of Elaine,5,118,180,2009-01-01T00:00:00+00:00,2009-06-30T00:00:00+00:00,2008,indie,"folk, indie rock, alternative",United States
user_000065,Daedelus,My Beau,9,111,180,2009-01-01T00:00:00+00:00,2009-06-30T00:00:00+00:00,2007,electronic,"experimental, idm, ninja tune",United States
user_000065,Jay Brannan,Death Waltz,11,92,180,2009-01-01T00:00:00+00:00,2009-06-30T00:00:00+00:00,2008,acoustic,"singer-songwriter, indie, male vocalists",United States
user_000065,Band Of Horses,Is There A Ghost,12,86,180,2009-01-01T00:00:00+00:00,2009-06-30T00:00:00+00:00,2009,indie,"indie rock, alternative, Alt-country",United States
user_000065,Thomas Newman,April,8,85,180,2009-01-01T00:00:00+00:00,2009-06-30T00:00:00+00:00,2008,instrumental,"ambient, Classical, chillout",United States
user_000065,The Cure,A Forest,7,79,180,2009-01-01T00:00:00+00:00,2009-06-30T00:00:00+00:00,2021,new wave,"post-punk, 80s, alternative",United Kingdom
user_000065,Chromeo,100 Percent,8,75,180,2009-01-01T00:00:00+00:00,2009-06-30T00:00:00+00:00,2007,electronic,"funk, dance, electro",Canada
user_000065,Daft Punk,Digital Love,6,59,180,2009-01-01T00:00:00+00:00,2009-06-30T00:00:00+00:00,1986,electronic,"dance, poptron, House",France
user_000065,Arcade Fire,Une Annֳ©e Sans Lumiֳ¨re,6,57,180,2009-01-01T00:00:00+00:00,2009-06-30T00:00:00+00:00,2005,indie rock,"indie, alternative, Canadian",Australia
user_000065,Jenny Lewis,Handle With Care,5,57,180,2009-01-01T00:00:00+00:00,2009-06-30T00:00:00+00:00,2006,indie,"female vocalists, singer-songwriter, folk",United States
user_000065,Menomena,Muscle'N Flo,8,55,180,2009-01-01T00:00:00+00:00,2009-06-30T00:00:00+00:00,2007,experimental,"indie, indie rock, post-rock",
user_000065,Stars,Reunion (Jason Collett),5,55,180,2009-01-01T00:00:00+00:00,2009-06-30T00:00:00+00:00,2005,indie,"indie pop, Canadian, indie rock",United States
user_000066,Reik,Que Vida La Mia,3,12,180,2009-01-01T00:00:00+00:00,2009-06-30T00:00:00+00:00,2006,pop,"latin pop, latin, spanish",Mexico
user_000066,Amos Lee,"Keep It Loose, Keep It Tight",2,11,180,2009-01-01T00:00:00+00:00,2009-06-30T00:00:00+00:00,2005,singer-songwriter,"folk, soul, acoustic",United States
user_000066,The Album Leaf,Malmo,3,8,180,2009-01-01T00:00:00+00:00,2009-06-30T00:00:00+00:00,2003,post-rock,"ambient, instrumental, electronic",United Kingdom
user_000066,George Winston,Living In The Country,1,5,180,2009-01-01T00:00:00+00:00,2009-06-30T00:00:00+00:00,1998,piano,"new age, instrumental, Classical",United Kingdom
user_000066,Cherry Ghost,Mountain Bird,2,4,180,2009-01-01T00:00:00+00:00,2009-06-30T00:00:00+00:00,2011,indie,"british, indie rock, alternative",Argentina
user_000066,Alan,One,1,3,180,2009-01-01T00:00:00+00:00,2009-06-30T00:00:00+00:00,2009,j-pop,"chinese, female vocalists, C-pop",United States
user_000066,The Maccabees,About Your Dress,2,3,180,2009-01-01T00:00:00+00:00,2009-06-30T00:00:00+00:00,2007,indie,"indie rock, british, alternative",United Kingdom
user_000066,Utada,Easy Breezy,1,3,180,2009-01-01T00:00:00+00:00,2009-06-30T00:00:00+00:00,2004,pop,"japanese, j-pop, female vocalists",
user_000066,Jyongri,Possession,2,2,180,2009-01-01T00:00:00+00:00,2009-06-30T00:00:00+00:00,2007,j-pop,"japanese, female vocalists, pop",Japan
user_000066,Sweetbox,Everything'S Gonna Be Alright (Radio Version 85 Bpm),2,2,180,2009-01-01T00:00:00+00:00,2009-06-30T00:00:00+00:00,1999,pop,"female vocalists, german, rnb",Germany
user_000066,The Cribs,Moving Pictures,1,2,180,2009-01-01T00:00:00+00:00,2009-06-30T00:00:00+00:00,2007,indie rock,"indie, british, alternative",United Kingdom
user_000066,Ani Difranco,Both Hands (2007 Version),1,1,180,2009-01-01T00:00:00+00:00,2009-06-30T00:00:00+00:00,2007,folk,"singer-songwriter, female vocalists, indie",United States
user_000066,As One,Rumours,1,1,180,2009-01-01T00:00:00+00:00,2009-06-30T00:00:00+00:00,2005,Korean,"electronic, techno, k-pop",United Kingdom
user_000066,Attic Lights,Never Get Sick Of The Sea,1,1,180,2009-01-01T00:00:00+00:00,2009-06-30T00:00:00+00:00,2008,indie,"Scottish, pop, indie rock",United Kingdom
user_000066,Belanova,Niֳ±o,1,1,180,2009-01-01T00:00:00+00:00,2009-06-30T00:00:00+00:00,2006,electropop,"pop, mexican, electronic",Mexico
user_000067,Coldplay,Viva La Vida,100,256,180,2009-01-01T00:00:00+00:00,2009-06-30T00:00:00+00:00,2009,alternative,"rock, Coldplay, alternative rock",United Kingdom
user_000067,Jupiter One,Mystery Man,64,163,180,2009-01-01T00:00:00+00:00,2009-06-30T00:00:00+00:00,2008,indie,"indie rock, indie pop, alternative",United States
user_000067,The Bravery,Believe,54,151,180,2009-01-01T00:00:00+00:00,2009-06-30T00:00:00+00:00,2018,indie rock,"indie, rock, alternative",United Kingdom
user_000067,The Killers,Human,20,144,180,2009-01-01T00:00:00+00:00,2009-06-30T00:00:00+00:00,2009,indie rock,"indie, rock, The Killers",United Kingdom
user_000067,Death Cab For Cutie,I Will Possess Your Heart,31,130,180,2009-01-01T00:00:00+00:00,2009-06-30T00:00:00+00:00,2009,indie,"indie rock, alternative, rock",United States
user_000067,Stars,Your Ex-Lover Is Dead (Final Fantasy Remix),30,128,180,2009-01-01T00:00:00+00:00,2009-06-30T00:00:00+00:00,2004,indie,"indie pop, Canadian, indie rock",United States
user_000067,Metric,The Police And The Private,12,127,180,2009-01-01T00:00:00+00:00,2009-06-30T00:00:00+00:00,2005,indie,"indie rock, female vocalists, Canadian",Canada
user_000067,Muse,Supermassive Black Hole,21,115,180,2009-01-01T00:00:00+00:00,2009-06-30T00:00:00+00:00,2006,alternative rock,"rock, alternative, british",United Kingdom
user_000067,Barenaked Ladies,One Week,19,96,180,2009-01-01T00:00:00+00:00,2009-06-30T00:00:00+00:00,2001,rock,"alternative, Canadian, alternative rock",Canada
user_000067,Vanessa Daou,Love Lives In The Dark,5,84,180,2009-01-01T00:00:00+00:00,2009-06-30T00:00:00+00:00,2008,trip-hop,"chillout, female vocalists, jazz",United States
user_000067,Anna Schaad,The Journey,10,81,180,2009-01-01T00:00:00+00:00,2009-06-30T00:00:00+00:00,2022,celtic,"folk, under 2000 listeners, Fusion",Germany
user_000067,The East Village Opera Company,Flower Duet Redux (Lakmֳ©),6,76,180,2009-01-01T00:00:00+00:00,2009-06-30T00:00:00+00:00,2005,Classical,"rock, opera, new york",United Kingdom
user_000067,Editors,An End Has A Start,15,70,180,2009-01-01T00:00:00+00:00,2009-06-30T00:00:00+00:00,,indie rock,"indie, british, alternative",Netherlands
user_000067,Queen,Killer Queen,22,67,180,2009-01-01T00:00:00+00:00,2009-06-30T00:00:00+00:00,1993,classic rock,"rock, hard rock, glam rock",United Kingdom
user_000067,Saint Etienne,A Good Thing,8,59,180,2009-01-01T00:00:00+00:00,2009-06-30T00:00:00+00:00,2008,electronic,"indie pop, pop, female vocalists",United Kingdom
user_000068,Die Fantastischen Vier,Tag Am Meer (Unplugged),135,3249,180,2009-01-01T00:00:00+00:00,2009-06-30T00:00:00+00:00,2003,german,"Hip-Hop, hip hop, deutsch",Germany
user_000068,The Seldom Scene,Will The Circle Be Unbroken,68,2231,180,2009-01-01T00:00:00+00:00,2009-06-30T00:00:00+00:00,1988,bluegrass,"country, folk-country, progressive bluegrass",United States
user_000068,Fettes Brot,Viele Wege Fֳ¼hren Nach Rom,84,1833,180,2009-01-01T00:00:00+00:00,2009-06-30T00:00:00+00:00,2002,hip hop,"german, Hip-Hop, deutsch",Germany
user_000068,Dixie Chicks,Top Of The World,52,1322,180,2009-01-01T00:00:00+00:00,2009-06-30T00:00:00+00:00,2002,country,"female vocalists, folk, bluegrass",United States
user_000068,Johnny Cash,I Still Miss Someone,56,1141,180,2009-01-01T00:00:00+00:00,2009-06-30T00:00:00+00:00,1964,country,"folk, singer-songwriter, classic rock",United States
user_000068,Seeed,Ding,33,763,180,2009-01-01T00:00:00+00:00,2009-06-30T00:00:00+00:00,2006,reggae,"dancehall, german, german reggae",Germany
user_000068,Versbox,Ich Bin Frei,20,705,180,2009-01-01T00:00:00+00:00,2009-06-30T00:00:00+00:00,2003,hip hop,"political, polit rap, german",Germany
user_000068,Jan Delay,Rebecca & Svenja,29,501,180,2009-01-01T00:00:00+00:00,2009-06-30T00:00:00+00:00,2001,german,"funk, reggae, Hip-Hop",Germany
user_000068,Falco,Auf Der Flucht,33,478,180,2009-01-01T00:00:00+00:00,2009-06-30T00:00:00+00:00,2017,pop,"80s, new wave, austrian",Austria
user_000068,Dolly Parton,Before The Next Teardrop Falls,14,440,180,2009-01-01T00:00:00+00:00,2009-06-30T00:00:00+00:00,1996,country,"female vocalists, singer-songwriter, folk",United States
user_000068,Dendemann,Check Mal Die Rhetorik Ab,29,400,180,2009-01-01T00:00:00+00:00,2009-06-30T00:00:00+00:00,2006,hip hop,"german, Hip-Hop, rap",Germany
user_000068,Aleksi Aubry-Carlson,Main Theme,61,359,180,2009-01-01T00:00:00+00:00,2009-06-30T00:00:00+00:00,2019,instrumental,"Classical, Game Music, All",United Kingdom
user_000068,Johnny Cash & June Carter Cash,Brand New Dance,32,339,180,2009-01-01T00:00:00+00:00,2009-06-30T00:00:00+00:00,2006,country,"folk, classic country, 70s",United States
user_000068,The Alan Parsons Project,Pipeline (Instrumental),5,281,180,2009-01-01T00:00:00+00:00,2009-06-30T00:00:00+00:00,2013,Progressive rock,"classic rock, rock, 80s",United Kingdom
user_000068,Stereo Mcs,Connected,16,246,180,2009-01-01T00:00:00+00:00,2009-06-30T00:00:00+00:00,2002,electronic,"dance, Hip-Hop, electronica",Argentina
user_000069,Killswitch Engage,Break The Silence,41,483,180,2009-01-01T00:00:00+00:00,2009-06-30T00:00:00+00:00,2006,metalcore,"metal, Melodic Death Metal, hardcore",United States
user_000069,Disturbed,The Night,68,456,180,2009-01-01T00:00:00+00:00,2009-06-30T00:00:00+00:00,2008,Nu Metal,"metal, hard rock, alternative",United States
user_000069,Coldplay,Violet Hill,59,211,180,2009-01-01T00:00:00+00:00,2009-06-30T00:00:00+00:00,2008,rock,"alternative, britpop, alternative rock",United Kingdom
user_000069,Metallica,Cyanide,47,211,180,2009-01-01T00:00:00+00:00,2009-06-30T00:00:00+00:00,2009,thrash metal,"heavy metal, metal, hard rock",United States
user_000069,Our Last Night,Timing Is Everything,31,204,180,2009-01-01T00:00:00+00:00,2009-06-30T00:00:00+00:00,2008,post-hardcore,"screamo, emocore, hardcore",United States
user_000069,A Day To Remember,A Shot In The Dark,16,51,180,2009-01-01T00:00:00+00:00,2009-06-30T00:00:00+00:00,2009,post-hardcore,"pop punk, hardcore, screamo",United States
user_000069,Jay-Z,D'Evils,9,51,180,2009-01-01T00:00:00+00:00,2009-06-30T00:00:00+00:00,1998,Hip-Hop,"rap, hip hop, east coast rap",United States
user_000069,Dragonforce,Lost Souls In Endless Time,12,48,180,2009-01-01T00:00:00+00:00,2009-06-30T00:00:00+00:00,2005,Power metal,"speed metal, metal, Extreme Power Metal",United Kingdom
user_000069,Jedi Mind Tricks,Rise Of The Machines (Feat. Ras Kass),6,42,180,2009-01-01T00:00:00+00:00,2009-06-30T00:00:00+00:00,2003,Hip-Hop,"underground hip-hop, rap, hip hop",United States
user_000069,The Notorious B.I.G.,Ten Crack Commandments,8,34,180,2009-01-01T00:00:00+00:00,2009-06-30T00:00:00+00:00,1997,Hip-Hop,"rap, Gangsta Rap, east coast rap",United States
user_000069,Ghostface Killah,Assassination Day,2,32,180,2009-01-01T00:00:00+00:00,2009-06-30T00:00:00+00:00,1996,Hip-Hop,"rap, wu-tang, hip hop",United States
user_000069,Death Cab For Cutie,Soul Meets Body,7,31,180,2009-01-01T00:00:00+00:00,2009-06-30T00:00:00+00:00,2011,indie,"indie rock, alternative, rock",United States
user_000069,Gang Starr,All 4 Tha Ca$H,6,30,180,2009-01-01T00:00:00+00:00,2009-06-30T00:00:00+00:00,1999,Hip-Hop,"rap, underground hip-hop, hip hop",United States
user_000069,Guns N' Roses,Riad N' The Bedouins,5,29,180,2009-01-01T00:00:00+00:00,2009-06-30T00:00:00+00:00,2008,hard rock,"rock, classic rock, 80s",United States
user_000069,Az,Ho Happy Jackie,3,27,180,2009-01-01T00:00:00+00:00,2009-06-30T00:00:00+00:00,1995,Hip-Hop,"rap, new york, east coast rap",United States
user_000072,Tiziano Ferro,Alla Mia Etֳ ,46,254,180,2009-01-01T00:00:00+00:00,2009-06-30T00:00:00+00:00,2015,italian,"pop, male vocalists, italian pop",Italy
user_000072,Amy Winehouse,Tears Dry On Their Own,30,163,180,2009-01-01T00:00:00+00:00,2009-06-30T00:00:00+00:00,2007,soul,"jazz, british, pop",United Kingdom
user_000072,Cat Power,Maybe Not,28,161,180,2009-01-01T00:00:00+00:00,2009-06-30T00:00:00+00:00,2023,indie,"female vocalists, singer-songwriter, folk",United States
user_000072,Alanis Morissette,Not As We,38,144,180,2009-01-01T00:00:00+00:00,2009-06-30T00:00:00+00:00,2008,female vocalists,"rock, alternative, singer-songwriter",Canada
user_000072,Augustana,I Still Ain'T Over You,26,131,180,2009-01-01T00:00:00+00:00,2009-06-30T00:00:00+00:00,2007,piano rock,"alternative, indie, alternative rock",United States
user_000072,Garou,You And I,42,128,180,2009-01-01T00:00:00+00:00,2009-06-30T00:00:00+00:00,2008,french,"pop, soft rock, male vocalists",Spain
user_000072,Keane,Black Burning Heart,10,122,180,2009-01-01T00:00:00+00:00,2009-06-30T00:00:00+00:00,2008,britpop,"indie, british, alternative",United Kingdom
user_000072,Ryan Star,Brand New Day,26,112,180,2009-01-01T00:00:00+00:00,2009-06-30T00:00:00+00:00,2010,alternative rock,"rock, singer-songwriter, alternative",United States
user_000072,Civil Twilight,Human,76,103,180,2009-01-01T00:00:00+00:00,2009-06-30T00:00:00+00:00,2009,alternative,"alternative rock, indie rock, indie",South Africa
user_000072,Jason Mraz,I'M Yours,16,97,180,2009-01-01T00:00:00+00:00,2009-06-30T00:00:00+00:00,2007,acoustic,"happy, singer-songwriter, Love",United States
user_000072,Nek,Walking Away (Feat. Craig David),11,92,180,2009-01-01T00:00:00+00:00,2009-06-30T00:00:00+00:00,2009,italian,"pop, rock, male vocalists",Italy
user_000072,Laura Pausini,Primavera In Anticipo (It Is My Song) (Feat. James Blunt),20,86,180,2009-01-01T00:00:00+00:00,2009-06-30T00:00:00+00:00,2008,pop,"italian, female vocalists, italian pop",Italy
user_000072,Grant Lee Buffalo,Happiness,59,82,180,2009-01-01T00:00:00+00:00,2009-06-30T00:00:00+00:00,2001,alternative,"rock, americana, singer-songwriter",United States
user_000072,Sigur Rֳ³s,Heima,13,73,180,2009-01-01T00:00:00+00:00,2009-06-30T00:00:00+00:00,2008,post-rock,"ambient, icelandic, alternative",Iceland
user_000072,Tori Amos,Sleeps With Butterflies,4,69,180,2009-01-01T00:00:00+00:00,2009-06-30T00:00:00+00:00,2006,female vocalists,"singer-songwriter, alternative, piano",United States
user_000074,Radiohead,Up On The Ladder,23,543,180,2009-01-01T00:00:00+00:00,2009-06-30T00:00:00+00:00,2010,rock,"alternative, alternative rock, indie",United Kingdom
user_000074,Tori Amos,Welcome To England,41,455,180,2009-01-01T00:00:00+00:00,2009-06-30T00:00:00+00:00,2009,female vocalists,"singer-songwriter, alternative, piano",United States
user_000074,Moderat,A New Error,49,443,180,2009-01-01T00:00:00+00:00,2009-06-30T00:00:00+00:00,2009,electronic,"idm, techno, glitch",Germany
user_000074,Thom Yorke,And It Rained All Night (Burial Remix),44,280,180,2009-01-01T00:00:00+00:00,2009-06-30T00:00:00+00:00,2006,electronic,"experimental, alternative, indie",United Kingdom
user_000074,Rֳ¶yksopp,The Girl And The Robot,54,248,180,2009-01-01T00:00:00+00:00,2009-06-30T00:00:00+00:00,2009,electronic,"chillout, ambient, norwegian",Norway
user_000074,Antony And The Johnsons,Kiss My Name,33,217,180,2009-01-01T00:00:00+00:00,2009-06-30T00:00:00+00:00,2009,singer-songwriter,"chamber pop, indie, alternative",United Kingdom
user_000074,Hauschka,Freibad,23,196,180,2009-01-01T00:00:00+00:00,2009-06-30T00:00:00+00:00,2008,piano,"ambient, instrumental, contemporary classical",Germany
user_000074,Ludovico Einaudi,Farewell To The Past,17,187,180,2009-01-01T00:00:00+00:00,2009-06-30T00:00:00+00:00,2002,piano,"Classical, contemporary classical, instrumental",Italy
user_000074,Alif Tree,Solitude'S Song,10,186,180,2009-01-01T00:00:00+00:00,2009-06-30T00:00:00+00:00,2013,trip-hop,"downtempo, nu-jazz, electronic",France
user_000074,John Parish & Polly Jean Harvey,Black Hearted Love,30,157,180,2009-01-01T00:00:00+00:00,2009-06-30T00:00:00+00:00,2009,alternative,"rock, female vocalists, singer-songwriter",United States
user_000074,Vangelis,Blush Response,15,144,180,2009-01-01T00:00:00+00:00,2009-06-30T00:00:00+00:00,2000,electronic,"new age, ambient, instrumental",Greece
user_000074,Rachel'S,Systems/Layers,6,132,180,2009-01-01T00:00:00+00:00,2009-06-30T00:00:00+00:00,2003,post-rock,"instrumental, ambient, Classical",United Kingdom
user_000074,Boards Of Canada,Wildlife Analysis,9,131,180,2009-01-01T00:00:00+00:00,2009-06-30T00:00:00+00:00,1996,ambient,"electronic, idm, chillout",United Kingdom
user_000074,Lady Gaga,Just Dance,20,127,180,2009-01-01T00:00:00+00:00,2009-06-30T00:00:00+00:00,2012,dance,"pop, Lady Gaga, electronic",United States
user_000074,Bjֳ¶rk,All Is Full Of Love,4,120,180,2009-01-01T00:00:00+00:00,2009-06-30T00:00:00+00:00,2002,electronic,"experimental, alternative, female vocalists",Iceland
user_000075,Cat Power,Ice Water,31,279,180,2009-01-01T00:00:00+00:00,2009-06-30T00:00:00+00:00,2017,indie,"female vocalists, singer-songwriter, folk",United States
user_000075,Josֳ© Gonzֳ¡lez,Heartbeats,17,229,180,2009-01-01T00:00:00+00:00,2009-06-30T00:00:00+00:00,2008,acoustic,"chillout, indie, Mellow",Sweden
user_000075,Pearl Jam,Breath,4,138,180,2009-01-01T00:00:00+00:00,2009-06-30T00:00:00+00:00,1993,Grunge,"rock, alternative rock, 90s",United States
user_000075,The Black Heart Procession,The Letter,19,133,180,2009-01-01T00:00:00+00:00,2009-06-30T00:00:00+00:00,2006,indie,"indie rock, post-rock, alternative",United States
user_000075,Bonnie 'Prince' Billy,Wolf Among Wolves,17,117,180,2009-01-01T00:00:00+00:00,2009-06-30T00:00:00+00:00,2012,folk,"singer-songwriter, Alt-country, indie",United States
user_000075,The Afghan Whigs,Omerta,23,91,180,2009-01-01T00:00:00+00:00,2009-06-30T00:00:00+00:00,1998,alternative rock,"rock, alternative, indie rock",United Kingdom
user_000075,John Frusciante,Scratches,7,90,180,2009-01-01T00:00:00+00:00,2009-06-30T00:00:00+00:00,2004,experimental,"alternative, singer-songwriter, rock",United States
user_000075,Mazzy Star,Blue Flower,6,90,180,2009-01-01T00:00:00+00:00,2009-06-30T00:00:00+00:00,1993,dream pop,"shoegaze, female vocalists, indie",United States
user_000075,This Will Destroy You,Happiness: We'Re All In It Together,16,70,180,2009-01-01T00:00:00+00:00,2009-06-30T00:00:00+00:00,2005,post-rock,"instrumental, ambient, experimental",United States
user_000075,Woven Hand,Deerskin Doll,8,69,180,2009-01-01T00:00:00+00:00,2009-06-30T00:00:00+00:00,2012,Alt-country,"folk, folk rock, singer-songwriter",United States
user_000075,Dave Matthews Band,Grey Street,20,68,180,2009-01-01T00:00:00+00:00,2009-06-30T00:00:00+00:00,2014,rock,"alternative, alternative rock, Acoustic Rock",United States
user_000075,The Twilight Singers,Esta Noche,6,68,180,2009-01-01T00:00:00+00:00,2009-06-30T00:00:00+00:00,2011,alternative rock,"alternative, indie rock, rock",United States
user_000075,Alice In Chains,Real Thing,17,62,180,2009-01-01T00:00:00+00:00,2009-06-30T00:00:00+00:00,2016,Grunge,"alternative rock, rock, hard rock",United States
user_000075,The God Machine,Boy By The Roadside,5,60,180,2009-01-01T00:00:00+00:00,2009-06-30T00:00:00+00:00,1994,alternative rock,"alternative metal, alternative, Stoner Rock",United States
user_000075,16 Horsepower,Silver Saddle,11,59,180,2009-01-01T00:00:00+00:00,2009-06-30T00:00:00+00:00,2001,Alt-country,"folk, americana, country",United States
user_000079,Tori Amos,Dragon,25,577,180,2009-01-01T00:00:00+00:00,2009-06-30T00:00:00+00:00,2010,female vocalists,"singer-songwriter, alternative, piano",United States
user_000079,Metric,Gimme Sympathy,17,253,180,2009-01-01T00:00:00+00:00,2009-06-30T00:00:00+00:00,2009,indie,"indie rock, female vocalists, Canadian",Canada
user_000079,Bjֳ¶rk,Cocoon,4,152,180,2009-01-01T00:00:00+00:00,2009-06-30T00:00:00+00:00,,electronic,"experimental, alternative, female vocalists",Iceland
user_000079,Nick Cave & The Bad Seeds,Today'S Lesson,6,152,180,2009-01-01T00:00:00+00:00,2009-06-30T00:00:00+00:00,2014,post-punk,"rock, alternative, singer-songwriter",Australia
user_000079,Kristin Hersh,Deep Wilson,3,145,180,2009-01-01T00:00:00+00:00,2009-06-30T00:00:00+00:00,2003,female vocalists,"singer-songwriter, indie, alternative",United States
user_000079,Garbage,Bad Boyfriend,8,92,180,2009-01-01T00:00:00+00:00,2009-06-30T00:00:00+00:00,2005,rock,"alternative, alternative rock, female vocalists",United States
user_000079,Morrissey,Black Cloud,9,89,180,2009-01-01T00:00:00+00:00,2009-06-30T00:00:00+00:00,2009,indie,"british, alternative, rock",United Kingdom
user_000079,The Geraldine Fibbers,Get Thee Gone,6,85,180,2009-01-01T00:00:00+00:00,2009-06-30T00:00:00+00:00,1994,Alt-country,"indie, rock, indie rock",United States
user_000079,Camille,Money Note,10,79,180,2009-01-01T00:00:00+00:00,2009-06-30T00:00:00+00:00,2008,french,"female vocalists, singer-songwriter, chanson francaise",France
user_000079,Mark Lanegan,Carry Home,2,68,180,2009-01-01T00:00:00+00:00,2009-06-30T00:00:00+00:00,1999,singer-songwriter,"rock, Grunge, blues",United States
user_000079,Butthole Surfers,Graveyard,4,67,180,2009-01-01T00:00:00+00:00,2009-06-30T00:00:00+00:00,1989,noise rock,"alternative, psychedelic, punk",United States
user_000079,Claire Diterzi,T.O.C,4,65,180,2009-01-01T00:00:00+00:00,2009-06-30T00:00:00+00:00,2006,french,"female vocalists, chanson francaise, singer-songwriter",France
user_000079,Maria Mckee,(You Don'T Know) How Glad I Am,4,62,180,2009-01-01T00:00:00+00:00,2009-06-30T00:00:00+00:00,2005,country,"female vocalists, singer-songwriter, rock",United States
user_000079,Kate Bush,A Coral Room,4,61,180,2009-01-01T00:00:00+00:00,2009-06-30T00:00:00+00:00,2005,female vocalists,"singer-songwriter, pop, alternative",United Kingdom
user_000079,Sun Kil Moon,Carry Me Ohio,6,61,180,2009-01-01T00:00:00+00:00,2009-06-30T00:00:00+00:00,2003,singer-songwriter,"folk, beautiful, Alt-country",United States
user_000082,Bat For Lashes,Trophy,32,255,180,2009-01-01T00:00:00+00:00,2009-06-30T00:00:00+00:00,2009,indie,"female vocalists, alternative, folk",United Kingdom
user_000082,My Brightest Diamond,Something Of An End,27,146,180,2009-01-01T00:00:00+00:00,2009-06-30T00:00:00+00:00,2006,female vocalists,"indie, singer-songwriter, folk",United States
user_000082,Soap&Skin,Thanatos,41,143,180,2009-01-01T00:00:00+00:00,2009-06-30T00:00:00+00:00,2009,experimental,"piano, female vocalists, singer-songwriter",Austria
user_000082,Emilֳ­ana Torrini,Thinking Out Loud,23,140,180,2009-01-01T00:00:00+00:00,2009-06-30T00:00:00+00:00,2005,icelandic,"female vocalists, trip-hop, singer-songwriter",Iceland
user_000082,Beirut,Nantes,18,103,180,2009-01-01T00:00:00+00:00,2009-06-30T00:00:00+00:00,2007,folk,"indie, indie folk, singer-songwriter",United States
user_000082,Ladyhawke,Magic,28,94,180,2009-01-01T00:00:00+00:00,2009-06-30T00:00:00+00:00,2012,electronic,"indie, female vocalists, new wave",New Zealand
user_000082,Nouvelle Vague,Don'T Go,5,85,180,2009-01-01T00:00:00+00:00,2009-06-30T00:00:00+00:00,2008,Bossa Nova,"french, chillout, female vocalists",France
user_000082,Iamx,Nature Of Inviting,5,63,180,2009-01-01T00:00:00+00:00,2009-06-30T00:00:00+00:00,2009,electronic,"synthpop, alternative, Electroclash",Germany
user_000082,Sufjan Stevens,All The Trees Of The Field Will Clap Their Hands,8,63,180,2009-01-01T00:00:00+00:00,2009-06-30T00:00:00+00:00,2004,folk,"indie, singer-songwriter, alternative",United States
user_000082,Devendra Banhart,Heard Somebody Say,3,51,180,2009-01-01T00:00:00+00:00,2009-06-30T00:00:00+00:00,2005,folk,"singer-songwriter, freak folk, indie",United States
user_000082,Fever Ray,Coconut,5,46,180,2009-01-01T00:00:00+00:00,2009-06-30T00:00:00+00:00,2009,electronic,"ambient, swedish, female vocalists",United States
user_000082,Angus And Julia Stone,Private Lawns,21,44,180,2009-01-01T00:00:00+00:00,2009-06-30T00:00:00+00:00,2006,folk,"indie, acoustic, australian",Australia
user_000082,Antony And The Johnsons,Hope There'S Someone,7,43,180,2009-01-01T00:00:00+00:00,2009-06-30T00:00:00+00:00,2005,singer-songwriter,"chamber pop, indie, alternative",United Kingdom
user_000082,Louise Attaque,J'T'Emmֳ¨ne Au Vent,2,39,180,2009-01-01T00:00:00+00:00,2009-06-30T00:00:00+00:00,1997,french,"rock, chanson francaise, rock francais",France
user_000082,Ladytron,Cease2Xist,3,38,180,2009-01-01T00:00:00+00:00,2009-06-30T00:00:00+00:00,2002,electronic,"Electroclash, synthpop, electropop",United Kingdom
user_000083,Pearl Jam,Better Man,15,327,180,2009-01-01T00:00:00+00:00,2009-06-30T00:00:00+00:00,1995,Grunge,"rock, alternative rock, 90s",United States
user_000083,Morphine,All Wrong,11,238,180,2009-01-01T00:00:00+00:00,2009-06-30T00:00:00+00:00,1993,jazz,"alternative, blues, rock",United States
user_000083,Less Than Jake,Look What Happened,13,175,180,2009-01-01T00:00:00+00:00,2009-06-30T00:00:00+00:00,2000,ska punk,"ska, punk, punk rock",United States
user_000083,Johann Sebastian Bach,Cello Suite No. 1: Prelude,23,121,180,2009-01-01T00:00:00+00:00,2009-06-30T00:00:00+00:00,1997,Classical,"baroque, instrumental, german",Germany
user_000083,Carter Burwell,Bella'S Lullaby,9,116,180,2009-01-01T00:00:00+00:00,2009-06-30T00:00:00+00:00,2009,instrumental,"ambient, composers, movie score",United States
user_000083,Nirvana,Lithium,9,93,180,2009-01-01T00:00:00+00:00,2009-06-30T00:00:00+00:00,1994,Grunge,"rock, 90s, alternative",United States
user_000083,Hans Zimmer,Sorrow,15,74,180,2009-01-01T00:00:00+00:00,2009-06-30T00:00:00+00:00,2000,instrumental,"Classical, composer, german",United States
user_000083,Black Sabbath,Rock & Roll Doctor,3,68,180,2009-01-01T00:00:00+00:00,2009-06-30T00:00:00+00:00,1991,heavy metal,"hard rock, classic rock, metal",United Kingdom
user_000083,Whitesnake,Crying In The Rain,2,67,180,2009-01-01T00:00:00+00:00,2009-06-30T00:00:00+00:00,1982,hard rock,"classic rock, 80s, rock",United Kingdom
user_000083,Res Corporales,Petminutishest,10,66,180,2009-01-01T00:00:00+00:00,2009-06-30T00:00:00+00:00,2007,Love it,,United States
user_000083,Alice In Chains,Man In The Box,5,65,180,2009-01-01T00:00:00+00:00,2009-06-30T00:00:00+00:00,2013,Grunge,"rock, 90s, hard rock",United States
user_000083,Postgirobygget,Bohemen Leve,7,64,180,2009-01-01T00:00:00+00:00,2009-06-30T00:00:00+00:00,1996,norwegian,"rock, norsk, pop rock",
user_000083,Violent Femmes,Add It Up,7,63,180,2009-01-01T00:00:00+00:00,2009-06-30T00:00:00+00:00,2002,alternative,"alternative rock, indie, rock",United States
user_000083,Pj Harvey,O Stella,17,58,180,2009-01-01T00:00:00+00:00,2009-06-30T00:00:00+00:00,1993,female vocalists,"alternative, singer-songwriter, rock",United Kingdom
user_000083,Ac/Dc,Big Gun,6,48,180,2009-01-01T00:00:00+00:00,2009-06-30T00:00:00+00:00,2011,hard rock,"classic rock, rock, heavy metal",Australia
user_000084,Britney Spears,If U Seek Amy,290,1749,180,2009-01-01T00:00:00+00:00,2009-06-30T00:00:00+00:00,2021,pop,"dance, Britney Spears, F-U-C-K me",United States
user_000084,Lady Gaga,Lovegame,125,429,180,2009-01-01T00:00:00+00:00,2009-06-30T00:00:00+00:00,2017,dance,"pop, Lady Gaga, electropop",United States
user_000084,Kanye West,Heartless,36,226,180,2009-01-01T00:00:00+00:00,2009-06-30T00:00:00+00:00,2008,hip hop,"Kanye West, Hip-Hop, rap",United Kingdom
user_000084,3Oh!3,Don'T Trust Me,79,200,180,2009-01-01T00:00:00+00:00,2009-06-30T00:00:00+00:00,2008,electronic,"Hip-Hop, Crunk, electronica",United States
user_000084,Shiny Toy Guns,Ghost Town,24,143,180,2009-01-01T00:00:00+00:00,2009-06-30T00:00:00+00:00,2008,electronic,"indie, rock, electronica",United States
user_000084,The Black Eyed Peas,Boom Boom Pow,42,143,180,2009-01-01T00:00:00+00:00,2009-06-30T00:00:00+00:00,2012,dance,"hip hop, pop, Hip-Hop",United States
user_000084,The Ting Tings,We Walk,54,141,180,2009-01-01T00:00:00+00:00,2009-06-30T00:00:00+00:00,2008,indie,"electronic, british, electropop",United Kingdom
user_000084,Metro Station,Shake It,38,106,180,2009-01-01T00:00:00+00:00,2009-06-30T00:00:00+00:00,2009,dance,"electronic, indie, powerpop",United States
user_000084,Cut Copy,Lights And Music,14,79,180,2009-01-01T00:00:00+00:00,2009-06-30T00:00:00+00:00,2008,electronic,"indie, australian, electro",Australia
user_000084,Flo Rida,Low (Feat. T-Pain),33,78,180,2009-01-01T00:00:00+00:00,2009-06-30T00:00:00+00:00,2008,Hip-Hop,"Flo Rida, rap, dance",United States
user_000084,Matt Pokora,Catch Me If You Can,15,77,180,2009-01-01T00:00:00+00:00,2009-06-30T00:00:00+00:00,2008,rnb,"pop, Hip-Hop, french",France
user_000084,Ne-Yo,Closer,69,69,180,2009-01-01T00:00:00+00:00,2009-06-30T00:00:00+00:00,2008,rnb,"Ne-Yo, dance, pop",United States
user_000084,P!Nk,Sober,22,54,180,2009-01-01T00:00:00+00:00,2009-06-30T00:00:00+00:00,2021,pop,"pop rock, female vocalists, rock",United States
user_000084,The Pussycat Dolls,Bottle Pop (Feat. Snoop Dogg),42,49,180,2009-01-01T00:00:00+00:00,2009-06-30T00:00:00+00:00,2009,pop,"rnb, dance, female vocalists",United States
user_000084,Paramore,Decode,10,38,180,2009-01-01T00:00:00+00:00,2009-06-30T00:00:00+00:00,2008,rock,"twilight, Paramore, alternative",United States
user_000085,Kanda Kodֵ¾a I Nebojֵ¡a,S.A.T.,49,303,180,2009-01-01T00:00:00+00:00,2009-06-30T00:00:00+00:00,1998,reggae,"serbian, dub, alternative",Serbia
user_000085,Eyesburn,Agony,21,229,180,2009-01-01T00:00:00+00:00,2009-06-30T00:00:00+00:00,2003,reggae,"hardcore, crossover, serbian",Serbia
user_000085,Mano Negra,Love And Hate,10,220,180,2009-01-01T00:00:00+00:00,2009-06-30T00:00:00+00:00,1994,ska,"alternative, latin, rock",France
user_000085,Flobots,Handlebars,21,168,180,2009-01-01T00:00:00+00:00,2009-06-30T00:00:00+00:00,2008,Hip-Hop,"political, indie, hip hop",United States
user_000085,Dubioza Kolektiv,Marijuana,11,162,180,2009-01-01T00:00:00+00:00,2009-06-30T00:00:00+00:00,2006,dub,"reggae, Bosnian, ska",Bosnia and Herzegovina
user_000085,Rage Against The Machine,People Of The Sun,5,101,180,2009-01-01T00:00:00+00:00,2009-06-30T00:00:00+00:00,1996,alternative rock,"rock, alternative, political",United States
user_000085,The Mars Volta,Inertiatic Esp,23,90,180,2009-01-01T00:00:00+00:00,2009-06-30T00:00:00+00:00,2003,Progressive rock,"experimental, rock, alternative",United States
user_000085,The Offspring,Burn It Up,3,80,180,2009-01-01T00:00:00+00:00,2009-06-30T00:00:00+00:00,1995,punk rock,"punk, rock, alternative rock",United States
user_000085,Antenat,Buldoֵ¾er,7,78,180,2009-01-01T00:00:00+00:00,2009-06-30T00:00:00+00:00,2008,reggae,"ska, dub, Sub Reggae",
user_000085,Manu Chao,A Cosa_Rip_By_Fuckin_Rockerazo! 2007,4,71,180,2009-01-01T00:00:00+00:00,2009-06-30T00:00:00+00:00,2007,reggae,"latin, ska, world",France
user_000085,Drum'N'Zez,Palacinka,20,65,180,2009-01-01T00:00:00+00:00,2009-06-30T00:00:00+00:00,2007,reggae,"ska, world, Serbia",Serbia
user_000085,Le Peuple De L'Herbe,Dopebeats,4,61,180,2009-01-01T00:00:00+00:00,2009-06-30T00:00:00+00:00,2007,dub,"electronic, french, Drum and bass",France
user_000085,Rise Against,06-Rise_Against-Prayer_Of_The_Refugee_Www.File24Ever.Com,3,47,180,2009-01-01T00:00:00+00:00,2009-06-30T00:00:00+00:00,2007,punk rock,"melodic hardcore, punk, hardcore",United States
user_000085,Queens Of The Stone Age,A Song For The Dead,2,46,180,2009-01-01T00:00:00+00:00,2009-06-30T00:00:00+00:00,2002,Stoner Rock,"alternative rock, rock, hard rock",United States
user_000085,Amadou & Mariam,Sabali,5,44,180,2009-01-01T00:00:00+00:00,2009-06-30T00:00:00+00:00,2008,african,"world, mali, africa",Mali
user_000086,The Doors,Strange Days,8,92,180,2009-01-01T00:00:00+00:00,2009-06-30T00:00:00+00:00,2006,classic rock,"Psychedelic Rock, rock, 60s",United States
user_000086,Isobel Campbell & Mark Lanegan,Deus Ibi Est,6,78,180,2009-01-01T00:00:00+00:00,2009-06-30T00:00:00+00:00,2006,folk,"singer-songwriter, indie, alternative",United States
user_000086,Franz Ferdinand,Ulysses (Album Version),6,64,180,2009-01-01T00:00:00+00:00,2009-06-30T00:00:00+00:00,2009,indie rock,"indie, rock, alternative",Austria
user_000086,Carla Bruni,Le Plus Beau Du Quartier,6,52,180,2009-01-01T00:00:00+00:00,2009-06-30T00:00:00+00:00,2002,french,"female vocalists, singer-songwriter, chanson",France
user_000086,The Dresden Dolls,Bad Habit,3,48,180,2009-01-01T00:00:00+00:00,2009-06-30T00:00:00+00:00,,punk cabaret,"cabaret, alternative, female vocalists",United States
user_000086,Nick Cave & The Bad Seeds,Papa Won'T Leave You Henry,3,40,180,2009-01-01T00:00:00+00:00,2009-06-30T00:00:00+00:00,2013,post-punk,"rock, alternative, singer-songwriter",Australia
user_000086,Santogold,Lights Out,5,39,180,2009-01-01T00:00:00+00:00,2009-06-30T00:00:00+00:00,2008,electronic,"indie, alternative, female vocalists",
user_000086,Squirrel Nut Zippers,Hell,4,36,180,2009-01-01T00:00:00+00:00,2009-06-30T00:00:00+00:00,1998,swing,"jazz, Retro Swing, Retro",United States
user_000086,David Bowie,Time,5,35,180,2009-01-01T00:00:00+00:00,2009-06-30T00:00:00+00:00,2015,glam rock,"rock, classic rock, 80s",Germany
user_000086,Hot Chip,Out At The Pictures,4,33,180,2009-01-01T00:00:00+00:00,2009-06-30T00:00:00+00:00,2008,electronic,"indie, electropop, electronica",United Kingdom
user_000086,The Velvet Underground,After Hours,3,33,180,2009-01-01T00:00:00+00:00,2009-06-30T00:00:00+00:00,2020,psychedelic,"rock, classic rock, proto-punk",United States
user_000086,Grinderman,Grinderman,4,32,180,2009-01-01T00:00:00+00:00,2009-06-30T00:00:00+00:00,2007,Garage Rock,"rock, alternative rock, alternative",United Kingdom
user_000086,Beck,Loser,3,30,180,2009-01-01T00:00:00+00:00,2009-06-30T00:00:00+00:00,2016,alternative,"90s, indie, rock",Germany
user_000086,The Whitest Boy Alive,Burning,4,30,180,2009-01-01T00:00:00+00:00,2009-06-30T00:00:00+00:00,2006,indie,"electronic, indie pop, norwegian",Germany
user_000086,Feist,One Two Three Four,4,29,180,2009-01-01T00:00:00+00:00,2009-06-30T00:00:00+00:00,2008,female vocalists,"indie, singer-songwriter, Canadian",Canada
user_000087,Morphine,A Head With Wings,17,465,180,2009-01-01T00:00:00+00:00,2009-06-30T00:00:00+00:00,2000,jazz,"alternative, blues, rock",United States
user_000087,Lamb Of God,11Th Hour,11,304,180,2009-01-01T00:00:00+00:00,2009-06-30T00:00:00+00:00,2005,groove metal,"metalcore, thrash metal, metal",United States
user_000087,Mindless Self Indulgence,Diabolical,12,297,180,2009-01-01T00:00:00+00:00,2009-06-30T00:00:00+00:00,1999,industrial,"industrial jungle pussy punk, electronic, punk",United States
user_000087,Babyshambles,Fuck Forever,15,267,180,2009-01-01T00:00:00+00:00,2009-06-30T00:00:00+00:00,2005,british,"indie, indie rock, rock",United Kingdom
user_000087,Serj Tankian,Empty Walls,22,245,180,2009-01-01T00:00:00+00:00,2009-06-30T00:00:00+00:00,2007,alternative metal,"alternative rock, alternative, rock",Ukraine
user_000087,Elektryczne Gitary,Jestem Z Miasta,13,181,180,2009-01-01T00:00:00+00:00,2009-06-30T00:00:00+00:00,2014,rock,"polish, alternative rock, polish rock",Poland
user_000087,Renton,Hey Girl,21,173,180,2009-01-01T00:00:00+00:00,2009-06-30T00:00:00+00:00,2008,polish,"indie rock, indie, alternative",Poland
user_000087,The Offspring,All I Want,10,171,180,2009-01-01T00:00:00+00:00,2009-06-30T00:00:00+00:00,2021,punk rock,"punk, rock, alternative rock",United States
user_000087,Prototypes,Danse Sur La Merde,28,143,180,2009-01-01T00:00:00+00:00,2009-06-30T00:00:00+00:00,2004,french,"indie, electronic, pop",France
user_000087,Oasis,Wonderwall,7,141,180,2009-01-01T00:00:00+00:00,2009-06-30T00:00:00+00:00,1996,britpop,"rock, 90s, alternative",United Kingdom
user_000087,Pantera,Cowboys From Hell,12,117,180,2009-01-01T00:00:00+00:00,2009-06-30T00:00:00+00:00,1993,thrash metal,"groove metal, metal, heavy metal",Colombia
user_000087,Exodus,44 Magnum Opus,6,57,180,2009-01-01T00:00:00+00:00,2009-06-30T00:00:00+00:00,2005,thrash metal,"speed metal, metal, heavy metal",United States
user_000087,Anti-Flag,Mind The G.A.T.T.,3,40,180,2009-01-01T00:00:00+00:00,2009-06-30T00:00:00+00:00,2003,punk rock,"punk, political punk, political",United States
user_000087,Dֵ¼em,Maֵ‚a Aleja Rֳ³ֵ¼,3,38,180,2009-01-01T00:00:00+00:00,2009-06-30T00:00:00+00:00,2000,blues,"blues rock, polish, rock",Poland
user_000087,The Prodigy,Death Of The Prodigy Dancers,2,37,180,2009-01-01T00:00:00+00:00,2009-06-30T00:00:00+00:00,1992,electronic,"techno, industrial, dance",United Kingdom
user_000001,Towa Tei,A.O.R. (Feat. Lina Ohta),27,252,365,2009-01-01T00:00:00+00:00,2010-01-01T00:00:00+00:00,2008,electronic,"japanese, acid jazz, shibuya-kei",Japan
user_000001,Masomenos,Four,26,214,365,2009-01-01T00:00:00+00:00,2010-01-01T00:00:00+00:00,2010,minimal,"tech house, minimal techno, House",France
user_000001,Rֳ¶yksopp,Happy Up Here,19,162,365,2009-01-01T00:00:00+00:00,2010-01-01T00:00:00+00:00,2009,electronic,"chillout, ambient, norwegian",Norway
user_000001,Scsi-9,"Vesna, Lastic & Elliott",22,162,365,2009-01-01T00:00:00+00:00,2010-01-01T00:00:00+00:00,2013,minimal,"minimal techno, electronic, techno",
user_000001,Agustin Pereyra Lucena,Verbo Amar,21,128,365,2009-01-01T00:00:00+00:00,2010-01-01T00:00:00+00:00,1999,jazz,"argentina, Bossa Nova, guitar",Argentina
user_000001,Plaid,Bata,8,117,365,2009-01-01T00:00:00+00:00,2010-01-01T00:00:00+00:00,2008,idm,"electronic, ambient, Warp",United Kingdom
user_000001,Ian O'Brien,Where Does The Past End And The Present Begin?,13,99,365,2009-01-01T00:00:00+00:00,2010-01-01T00:00:00+00:00,1999,techno,"electronic, House, ambient",United Kingdom
user_000001,Bugge Wesseltoft,Take 5,12,98,365,2009-01-01T00:00:00+00:00,2010-01-01T00:00:00+00:00,2010,jazz,"nu jazz, electronic, norwegian",Norway
user_000001,Fleet Foxes,He Doesn'T Know Why,11,87,365,2009-01-01T00:00:00+00:00,2010-01-01T00:00:00+00:00,2024,folk,"indie, folk rock, indie rock",United States
user_000001,Hudson Mohawke,Polkadot Blues,16,79,365,2009-01-01T00:00:00+00:00,2010-01-01T00:00:00+00:00,2009,electronic,"experimental, Hip-Hop, instrumental hip-hop",United Kingdom
user_000001,Madlib,For My Mans (Prelude),4,78,365,2009-01-01T00:00:00+00:00,2010-01-01T00:00:00+00:00,2008,Hip-Hop,"jazz, funk, rap",United States
user_000001,Designed People,Breathe Feat. Monday Michiru,7,68,365,2009-01-01T00:00:00+00:00,2010-01-01T00:00:00+00:00,2009,japanese,"easy listening, lounge, soul",United States
user_000001,Minilogue,Hitchhiker'S Choice,6,62,365,2009-01-01T00:00:00+00:00,2010-01-01T00:00:00+00:00,2008,minimal,"minimal techno, techno, electronic",Sweden
user_000001,Shugo Tokumaru,Karte,8,61,365,2009-01-01T00:00:00+00:00,2010-01-01T00:00:00+00:00,2005,japanese,"folk, experimental, singer-songwriter",Japan
user_000001,4Hero,Morning Child,5,60,365,2009-01-01T00:00:00+00:00,2010-01-01T00:00:00+00:00,2007,Drum and bass,"electronic, downtempo, chillout",United Kingdom
user_000002,Tegan And Sara,Where Does The Good Go,14,99,365,2009-01-01T00:00:00+00:00,2010-01-01T00:00:00+00:00,2006,indie,"female vocalists, indie pop, Canadian",Canada
user_000002,Sophie Milman,Fever,5,79,365,2009-01-01T00:00:00+00:00,2010-01-01T00:00:00+00:00,2007,jazz,"female vocalists, jazz vocal, vocal jazz",Canada
user_000002,Bright Eyes,Classic Cars,4,78,365,2009-01-01T00:00:00+00:00,2010-01-01T00:00:00+00:00,2007,indie,"folk, singer-songwriter, indie rock",United States
user_000002,Sufjan Stevens,Carlyle Lake,3,78,365,2009-01-01T00:00:00+00:00,2010-01-01T00:00:00+00:00,2006,folk,"indie, singer-songwriter, alternative",United States
user_000002,Tocotronic,"Aber Hier Leben, Nein Danke",3,76,365,2009-01-01T00:00:00+00:00,2010-01-01T00:00:00+00:00,2008,indie,"Hamburger Schule, german, alternative",Germany
user_000002,Kettcar,Am Tisch,3,74,365,2009-01-01T00:00:00+00:00,2010-01-01T00:00:00+00:00,2009,indie,"german, indie rock, deutsch",Germany
user_000002,The Beatles,I Will,4,68,365,2009-01-01T00:00:00+00:00,2010-01-01T00:00:00+00:00,1964,classic rock,"rock, british, 60s",United Kingdom
user_000002,Mad Caddies,Backyard,3,66,365,2009-01-01T00:00:00+00:00,2010-01-01T00:00:00+00:00,2006,ska,"ska punk, punk, punk rock",United States
user_000002,Muse,Supermassive Black Hole,5,66,365,2009-01-01T00:00:00+00:00,2010-01-01T00:00:00+00:00,2006,alternative rock,"rock, alternative, british",United Kingdom
user_000002,Devendra Banhart,I Feel Just Like A Child (Extended Mix),4,63,365,2009-01-01T00:00:00+00:00,2010-01-01T00:00:00+00:00,2005,folk,"singer-songwriter, freak folk, indie",United States
user_000002,Robert Pattinson,Never Think,16,62,365,2009-01-01T00:00:00+00:00,2010-01-01T00:00:00+00:00,2008,acoustic,"singer-songwriter, british, twilight",Germany
user_000002,The Kooks,Do You Wanna,5,54,365,2009-01-01T00:00:00+00:00,2010-01-01T00:00:00+00:00,2008,indie,"indie rock, british, britpop",United Kingdom
user_000002,Kings Of Leon,Razz,5,53,365,2009-01-01T00:00:00+00:00,2010-01-01T00:00:00+00:00,2011,rock,"indie, indie rock, alternative",United States
user_000002,Bob Dylan,Mr. Tambourine Man,11,51,365,2009-01-01T00:00:00+00:00,2010-01-01T00:00:00+00:00,1995,folk,"singer-songwriter, classic rock, folk rock",United States
user_000002,Ella Fitzgerald,"Chelsea Bridge (Take 3, Rehearsal)",8,47,365,2009-01-01T00:00:00+00:00,2010-01-01T00:00:00+00:00,2009,jazz,"female vocalists, blues, swing",United States
user_000003,Beulah,Calm Go The Wild Seas,2,48,365,2009-01-01T00:00:00+00:00,2010-01-01T00:00:00+00:00,1999,indie,"indie pop, Elephant 6, indie rock",United States
user_000003,Unwritten Law,Elva,3,36,365,2009-01-01T00:00:00+00:00,2010-01-01T00:00:00+00:00,2003,punk rock,"rock, alternative rock, alternative",United States
user_000003,The Who,Behind Blue Eyes,4,33,365,2009-01-01T00:00:00+00:00,2010-01-01T00:00:00+00:00,2009,classic rock,"rock, british, 60s",United Kingdom
user_000003,Taking Back Sunday,Great Romances Of The 20Th Century,3,25,365,2009-01-01T00:00:00+00:00,2010-01-01T00:00:00+00:00,2002,emo,"alternative, rock, punk",United States
user_000003,The White Stripes,It'S True That We Love One Another,4,24,365,2009-01-01T00:00:00+00:00,2010-01-01T00:00:00+00:00,2003,rock,"alternative rock, alternative, indie",United States
user_000003,The Used,All That I'Ve Got,2,23,365,2009-01-01T00:00:00+00:00,2010-01-01T00:00:00+00:00,2007,emo,"screamo, alternative, rock",United Kingdom
user_000003,Dread Zeppelin,Going To California,2,20,365,2009-01-01T00:00:00+00:00,2010-01-01T00:00:00+00:00,2013,reggae,"rock, parody, comedy",United Kingdom
user_000003,Say Anything,"It'S A Metaphor, Fool",2,17,365,2009-01-01T00:00:00+00:00,2010-01-01T00:00:00+00:00,2004,alternative,"indie, rock, indie rock",United States
user_000003,The Starting Line,"Decisions, Decisions",2,17,365,2009-01-01T00:00:00+00:00,2010-01-01T00:00:00+00:00,2002,pop punk,"emo, rock, alternative",United States
user_000003,Oasis,Wonderwall,2,16,365,2009-01-01T00:00:00+00:00,2010-01-01T00:00:00+00:00,1996,britpop,"rock, 90s, alternative",United Kingdom
user_000003,The Black Eyed Peas,The Boogie That Be,3,16,365,2009-01-01T00:00:00+00:00,2010-01-01T00:00:00+00:00,2005,Hip-Hop,"pop, rnb, rap",United States
user_000003,The Doors,Roadhouse Blues (Live),2,16,365,2009-01-01T00:00:00+00:00,2010-01-01T00:00:00+00:00,1993,classic rock,"Psychedelic Rock, rock, 60s",United States
user_000003,Benassi Bros.,Blackbird,2,15,365,2009-01-01T00:00:00+00:00,2010-01-01T00:00:00+00:00,2005,House,"electronic, dance, techno",Italy
user_000003,Daft Punk,Aerodynamic,1,15,365,2009-01-01T00:00:00+00:00,2010-01-01T00:00:00+00:00,2022,electronic,"dance, House, electronica",France
user_000003,Led Zeppelin,Gallows Pole,2,15,365,2009-01-01T00:00:00+00:00,2010-01-01T00:00:00+00:00,1970,classic rock,"hard rock, rock, 70s",United Kingdom
user_000004,Anni Rossi,Wheelpusher,222,222,365,2009-01-01T00:00:00+00:00,2010-01-01T00:00:00+00:00,2009,folk,"female vocalists, indie, singer-songwriter",United States
user_000004,Andy Yorke,Twist Of The Knife,30,46,365,2009-01-01T00:00:00+00:00,2010-01-01T00:00:00+00:00,2008,indie,"singer-songwriter, acoustic, male vocalists",United States
user_000004,Eugene Mcguinness,Not So Academic,4,32,365,2009-01-01T00:00:00+00:00,2010-01-01T00:00:00+00:00,2008,indie,"british, singer-songwriter, folk",United Kingdom
user_000004,The Heart Strings,Pedalo,27,32,365,2009-01-01T00:00:00+00:00,2010-01-01T00:00:00+00:00,2008,All,"indie pop, twee, london",United Kingdom
user_000004,Bat For Lashes,Daniel,3,31,365,2009-01-01T00:00:00+00:00,2010-01-01T00:00:00+00:00,2009,indie,"female vocalists, alternative, folk",United Kingdom
user_000004,Puressence,How Does It Feel?,18,18,365,2009-01-01T00:00:00+00:00,2010-01-01T00:00:00+00:00,2002,indie,"britpop, indie rock, alternative",United Kingdom
user_000004,Doves,Kingdom Of Rust (Instrumental),15,15,365,2009-01-01T00:00:00+00:00,2010-01-01T00:00:00+00:00,2010,indie,"indie rock, britpop, alternative",United Kingdom
user_000004,George Michael,Patience,10,11,365,2009-01-01T00:00:00+00:00,2010-01-01T00:00:00+00:00,2004,pop,"80s, british, soul",United Kingdom
user_000004,Get Well Soon,Coda,2,11,365,2009-01-01T00:00:00+00:00,2010-01-01T00:00:00+00:00,2006,indie,"singer-songwriter, german, alternative",Germany
user_000004,Hamish Imlach,Black Is The Colour,10,10,365,2009-01-01T00:00:00+00:00,2010-01-01T00:00:00+00:00,2020,celtic,"folk, Scottish, scottish folk",Australia
user_000004,Unforscene,68 On Third,1,10,365,2009-01-01T00:00:00+00:00,2010-01-01T00:00:00+00:00,2008,downtempo,"lounge, chillout, electronic",United Kingdom
user_000004,Wild Beasts,Brave Bulging Buoyant Clairvoyants,1,10,365,2009-01-01T00:00:00+00:00,2010-01-01T00:00:00+00:00,2006,indie rock,"indie, british, indie pop",United Kingdom
user_000004,L.P.,Wasted,9,9,365,2009-01-01T00:00:00+00:00,2010-01-01T00:00:00+00:00,2004,rock,"alternative, indie, female vocalists",Russian Federation
user_000004,Pin Me Down,Pretty In Pink,2,8,365,2009-01-01T00:00:00+00:00,2010-01-01T00:00:00+00:00,2010,indie,"electronic, british, alternative",United Kingdom
user_000004,Sometime,Heart Of Spades,2,8,365,2009-01-01T00:00:00+00:00,2010-01-01T00:00:00+00:00,2007,icelandic,"electronic, electropop, synthpop",Iceland
user_000005,Air,You Make It Easy,5,43,365,2009-01-01T00:00:00+00:00,2010-01-01T00:00:00+00:00,2024,electronic,"chillout, ambient, french",France
user_000005,Madcon,Beggin,22,22,365,2009-01-01T00:00:00+00:00,2010-01-01T00:00:00+00:00,2008,Hip-Hop,"rnb, rap, hip hop",Norway
user_000005,The Prodigy,Jericho,2,22,365,2009-01-01T00:00:00+00:00,2010-01-01T00:00:00+00:00,1996,electronic,"techno, industrial, dance",United Kingdom
user_000005,Madonna,Fighting Spirit (Cleo'S Sparkles 'N Tears Club Mix),7,19,365,2009-01-01T00:00:00+00:00,2010-01-01T00:00:00+00:00,2005,pop,"dance, female vocalists, 80s",United States
user_000005,Red Hot Chili Peppers,Scar Tissue,2,15,365,2009-01-01T00:00:00+00:00,2010-01-01T00:00:00+00:00,2000,rock,"alternative rock, alternative, funk",United States
user_000005,Loreena Mckennitt,Marrakesh Night Market (V-Sag Remix),13,13,365,2009-01-01T00:00:00+00:00,2010-01-01T00:00:00+00:00,2015,celtic,"folk, new age, female vocalists",Canada
user_000005,Dj Hype,Live On Kiss100 27/03/2005,9,9,365,2009-01-01T00:00:00+00:00,2010-01-01T00:00:00+00:00,2005,Drum and bass,"jungle, electronic, Drum n Bass",United Kingdom
user_000005,Carl Cox,Global 308 - Area Sirius Xm 07-Feb-2009,5,8,365,2009-01-01T00:00:00+00:00,2010-01-01T00:00:00+00:00,2009,techno,"House, electronic, dance",United States
user_000005,Nina Simone,Sinnerman (Felix Da Housecat'S Heavenly House Mix),8,8,365,2009-01-01T00:00:00+00:00,2010-01-01T00:00:00+00:00,2004,jazz,"soul, blues, female vocalists",United States
user_000005,John Digweed,Kiss 100 02-04-2007,3,7,365,2009-01-01T00:00:00+00:00,2010-01-01T00:00:00+00:00,2007,Progressive House,"House, electronic, trance",United States
user_000005,Armand Van Helden,Hear My Name (Original Club Mix),2,6,365,2009-01-01T00:00:00+00:00,2010-01-01T00:00:00+00:00,2010,House,"electronic, dance, club",New Zealand
user_000005,Chocolate Puma,A Star Is Born,2,6,365,2009-01-01T00:00:00+00:00,2010-01-01T00:00:00+00:00,2003,House,"dance, electronic, club",United Kingdom
user_000005,Queen,I Want It All,6,6,365,2009-01-01T00:00:00+00:00,2010-01-01T00:00:00+00:00,2007,classic rock,"rock, hard rock, glam rock",United Kingdom
user_000005,Cassius,The Sound Of Violence,2,5,365,2009-01-01T00:00:00+00:00,2010-01-01T00:00:00+00:00,2006,House,"electronic, french, dance",France
user_000005,David Guetta,The World Is Mine (Album Version),2,5,365,2009-01-01T00:00:00+00:00,2010-01-01T00:00:00+00:00,2006,House,"dance, electronic, club",France
user_000008,Kanye West,See You In My Nightmares,1783,23059,365,2009-01-01T00:00:00+00:00,2010-01-01T00:00:00+00:00,2010,Hip-Hop,"rap, hip hop, rnb",United Kingdom
user_000008,T.I.,56 Bars (Intro),308,4844,365,2009-01-01T00:00:00+00:00,2010-01-01T00:00:00+00:00,2008,Hip-Hop,"rap, Dirty South, southern rap",United States
user_000008,The Fray,You Found Me,243,1856,365,2009-01-01T00:00:00+00:00,2010-01-01T00:00:00+00:00,2007,alternative,"alternative rock, piano rock, rock",United Kingdom
user_000008,Muse,Hysteria,41,502,365,2009-01-01T00:00:00+00:00,2010-01-01T00:00:00+00:00,2006,alternative rock,"rock, Progressive rock, alternative",United Kingdom
user_000008,Linkin Park,Papercut,15,312,365,2009-01-01T00:00:00+00:00,2010-01-01T00:00:00+00:00,2000,Nu Metal,"rock, alternative rock, alternative",United States
user_000008,Clint Mansell,Together We Will Live Forever,292,297,365,2009-01-01T00:00:00+00:00,2010-01-01T00:00:00+00:00,2006,instrumental,"ambient, electronic, Classical",United Kingdom
user_000008,G-Bod,ִistychov - Dno,25,216,365,2009-01-01T00:00:00+00:00,2010-01-01T00:00:00+00:00,1994,producer,"Hip-Hop, Bratislava, slovak",Germany
user_000008,Safetysuit,Anywhere But Here,212,212,365,2009-01-01T00:00:00+00:00,2010-01-01T00:00:00+00:00,2008,alternative rock,"rock, alternative, indie rock",United States
user_000008,Damien Rice,9 Crimes,161,161,365,2009-01-01T00:00:00+00:00,2010-01-01T00:00:00+00:00,2016,singer-songwriter,"acoustic, folk, indie",Ireland
user_000008,Dj Jeli,Don Johni - Anjelik,10,151,365,2009-01-01T00:00:00+00:00,2010-01-01T00:00:00+00:00,2024,,,Switzerland
user_000008,Apocalyptica Feat Three Days Grace,I Don'T Care,130,130,365,2009-01-01T00:00:00+00:00,2010-01-01T00:00:00+00:00,2008,symphonic metal,"instrumental, metal, finnish",Finland
user_000008,Jessy Greene,Time Bomb,126,126,365,2009-01-01T00:00:00+00:00,2010-01-01T00:00:00+00:00,2006,american,"acoustic, trip-hop, art pop",United States
user_000008,Saving Abel,Addicted,120,120,365,2009-01-01T00:00:00+00:00,2010-01-01T00:00:00+00:00,2009,alternative rock,"rock, post-grunge, hard rock",United States
user_000008,Apocalyptica Feat. Adam Gontier,I Don'T Care,110,110,365,2009-01-01T00:00:00+00:00,2010-01-01T00:00:00+00:00,2009,symphonic metal,"instrumental, metal, finnish",Finland
user_000008,Leona Lewis,Take A Bow,9,105,365,2009-01-01T00:00:00+00:00,2010-01-01T00:00:00+00:00,2007,pop,"female vocalists, rnb, soul",United Kingdom
user_000009,Marilyn Manson,In The Shadow Of The Valley Of Death,11,181,365,2009-01-01T00:00:00+00:00,2010-01-01T00:00:00+00:00,2013,industrial,"industrial metal, metal, rock",United States
user_000009,Bullet For My Valentine,All These Things I Hate (Revolve Around Me),15,96,365,2009-01-01T00:00:00+00:00,2010-01-01T00:00:00+00:00,2006,metalcore,"metal, hardcore, emocore",United Kingdom
user_000009,Him,Beautiful,17,67,365,2009-01-01T00:00:00+00:00,2010-01-01T00:00:00+00:00,2001,Love Metal,"Gothic Rock, rock, finnish",Finland
user_000009,Oomph!,Labyrinth,14,67,365,2009-01-01T00:00:00+00:00,2010-01-01T00:00:00+00:00,2009,industrial metal,"industrial, german, metal",Germany
user_000009,Coheed And Cambria,Once Upon Your Dead Body,17,53,365,2009-01-01T00:00:00+00:00,2010-01-01T00:00:00+00:00,2005,Progressive rock,"rock, alternative, alternative rock",United States
user_000009,Dead Poetic,Glass In The Trees,13,38,365,2009-01-01T00:00:00+00:00,2010-01-01T00:00:00+00:00,2004,post-hardcore,"screamo, emo, emocore",United States
user_000009,Afi,Miss Murder,3,36,365,2009-01-01T00:00:00+00:00,2010-01-01T00:00:00+00:00,2006,rock,"punk, alternative, punk rock",United States
user_000009,Anberlin,The Unwinding Cable Car,23,36,365,2009-01-01T00:00:00+00:00,2010-01-01T00:00:00+00:00,2021,alternative rock,"rock, alternative, christian rock",United States
user_000009,Akon,Right Now (Na Na Na),4,34,365,2009-01-01T00:00:00+00:00,2010-01-01T00:00:00+00:00,2009,rnb,"Akon, hip hop, pop",Senegal
user_000009,Nickelback,If Today Was Your Last Day,5,34,365,2009-01-01T00:00:00+00:00,2010-01-01T00:00:00+00:00,2008,rock,"alternative rock, hard rock, alternative",Canada
user_000009,The Birthday Massacre,Goodnight,10,34,365,2009-01-01T00:00:00+00:00,2010-01-01T00:00:00+00:00,2016,industrial,"Synth-Rock, Gothic, electronic",Canada
user_000009,Helalyn Flowers,Voices,3,32,365,2009-01-01T00:00:00+00:00,2010-01-01T00:00:00+00:00,2007,industrial,"industrial rock, electronic, Gothic",Italy
user_000009,Godhead,Eleanor Rigby,2,30,365,2009-01-01T00:00:00+00:00,2010-01-01T00:00:00+00:00,2001,industrial,"industrial rock, industrial metal, metal",United States
user_000009,Green Day,Coming Clean,2,30,365,2009-01-01T00:00:00+00:00,2010-01-01T00:00:00+00:00,1994,punk rock,"rock, punk, pop punk",United States
user_000009,Cartel,This Is Who We Are,7,29,365,2009-01-01T00:00:00+00:00,2010-01-01T00:00:00+00:00,2007,pop punk,"alternative, rock, emo",United States
user_000012,Foo Fighters,Everlong,22,366,365,2009-01-01T00:00:00+00:00,2010-01-01T00:00:00+00:00,2002,rock,"alternative rock, 90s, alternative",United States
user_000012,Sonic Youth,The Eternal Montage For Newsweek.Com,37,337,365,2009-01-01T00:00:00+00:00,2010-01-01T00:00:00+00:00,1994,experimental,"post-punk, alternative, indie",United States
user_000012,Cut Copy,Far Away (Damn Arms Remix),21,294,365,2009-01-01T00:00:00+00:00,2010-01-01T00:00:00+00:00,2008,electronic,"indie, australian, electro",Australia
user_000012,Tim And Eric,Rolo Tony (Uncut),15,263,365,2009-01-01T00:00:00+00:00,2010-01-01T00:00:00+00:00,2008,i wanna meet that dad,"comedy, Great Job, adultswim",United States
user_000012,Marmoset,Eyes Are Looking,47,192,365,2009-01-01T00:00:00+00:00,2010-01-01T00:00:00+00:00,2001,indie rock,"psychedelic, indie, american",United States
user_000012,Rֳ¶yksopp,Happy Up Here,33,160,365,2009-01-01T00:00:00+00:00,2010-01-01T00:00:00+00:00,2009,electronic,"chillout, ambient, norwegian",Norway
user_000012,Nirvana,Tourette'S,10,153,365,2009-01-01T00:00:00+00:00,2010-01-01T00:00:00+00:00,1994,Grunge,"rock, alternative rock, alternative",United States
user_000012,Flying Lotus,Parisian Goldfish,42,150,365,2009-01-01T00:00:00+00:00,2010-01-01T00:00:00+00:00,2008,electronic,"experimental, Hip-Hop, instrumental hip-hop",United States
user_000012,Phoenix,Lisztomania,25,142,365,2009-01-01T00:00:00+00:00,2010-01-01T00:00:00+00:00,2009,indie,"poptron, french, catchy",United Kingdom
user_000012,J Dilla,Waves,17,126,365,2009-01-01T00:00:00+00:00,2010-01-01T00:00:00+00:00,2006,Hip-Hop,"instrumental hip-hop, underground hip-hop, Stones throw",United States
user_000012,Reflex,Night Jam A,118,119,365,2009-01-01T00:00:00+00:00,2010-01-01T00:00:00+00:00,2007,pop,"russian, Russian Pop, dance",Russian Federation
user_000012,The Bird And The Bee,Again & Again,16,100,365,2009-01-01T00:00:00+00:00,2010-01-01T00:00:00+00:00,2006,poptron,"indie, indie pop, electronic",United States
user_000012,The Presets,Truth And Lies,21,100,365,2009-01-01T00:00:00+00:00,2010-01-01T00:00:00+00:00,2005,electronic,"australian, electro, Electroclash",United Kingdom
user_000012,Diplo,Must Be A Devil,14,98,365,2009-01-01T00:00:00+00:00,2010-01-01T00:00:00+00:00,2007,electronic,"Hip-Hop, trip-hop, ninja tune",United States
user_000012,Daft Punk,Face To Face,29,85,365,2009-01-01T00:00:00+00:00,2010-01-01T00:00:00+00:00,2002,poptron,"electronic, House, dance",France
user_000015,Combichrist,Kickstart The Fight,74,340,365,2009-01-01T00:00:00+00:00,2010-01-01T00:00:00+00:00,2009,industrial,"ebm, dark electro, electronic",
user_000015,Ac/Dc,Anything Goes,30,218,365,2009-01-01T00:00:00+00:00,2010-01-01T00:00:00+00:00,2009,hard rock,"classic rock, rock, heavy metal",Australia
user_000015,Nine Inch Nails,Last,16,146,365,2009-01-01T00:00:00+00:00,2010-01-01T00:00:00+00:00,1995,industrial,"industrial rock, electronic, alternative",United States
user_000015,Rammstein,Ich Will,28,114,365,2009-01-01T00:00:00+00:00,2010-01-01T00:00:00+00:00,2001,industrial metal,"metal, german, industrial",Germany
user_000015,Marilyn Manson,Personal Jesus,31,87,365,2009-01-01T00:00:00+00:00,2010-01-01T00:00:00+00:00,2004,industrial,"industrial metal, metal, rock",United States
user_000015,System Of A Down,Old School Hollywood,17,81,365,2009-01-01T00:00:00+00:00,2010-01-01T00:00:00+00:00,2014,alternative metal,"metal, Nu Metal, rock",United States
user_000015,Mgmt,Time To Pretend,27,76,365,2009-01-01T00:00:00+00:00,2010-01-01T00:00:00+00:00,2007,indie,"electronic, alternative, indietronica",United States
user_000015,Tactical Sekt,Awaken The Ghost (Final Awakening),8,57,365,2009-01-01T00:00:00+00:00,2010-01-01T00:00:00+00:00,2006,dark electro,"ebm, industrial, Harsh EBM",United States
user_000015,Dym,Egbm,17,56,365,2009-01-01T00:00:00+00:00,2010-01-01T00:00:00+00:00,2008,dark electro,"ebm, industrial, Harsh Electro",Canada
user_000015,Ramona Reed,Znajdֵ÷ I Weֵ÷,47,53,365,2009-01-01T00:00:00+00:00,2010-01-01T00:00:00+00:00,2009,,,United States
user_000015,Controlled Collapse,Insane Asylum,20,52,365,2009-01-01T00:00:00+00:00,2010-01-01T00:00:00+00:00,2007,dark electro,"ebm, industrial, polish",Japan
user_000015,Cool Kids Of Death,Biec,18,46,365,2009-01-01T00:00:00+00:00,2010-01-01T00:00:00+00:00,2008,polish,"alternative rock, alternative, punk",Poland
user_000015,Michael Jackson,They Don'T Care About Us,16,46,365,2009-01-01T00:00:00+00:00,2010-01-01T00:00:00+00:00,2013,pop,"michael jackson, dance, king of pop",United States
user_000015,Metro Station,Shake It,36,43,365,2009-01-01T00:00:00+00:00,2010-01-01T00:00:00+00:00,2009,dance,"electronic, indie, powerpop",United States
user_000015,The Goo Goo Dolls,Iris,37,37,365,2009-01-01T00:00:00+00:00,2010-01-01T00:00:00+00:00,1998,rock,"alternative rock, alternative, 90s",United States
user_000016,Oasis,Don'T Look Back In Anger,7,71,365,2009-01-01T00:00:00+00:00,2010-01-01T00:00:00+00:00,1996,britpop,"rock, 90s, british",United Kingdom
user_000016,The Verve,Velvet Morning,17,63,365,2009-01-01T00:00:00+00:00,2010-01-01T00:00:00+00:00,1999,britpop,"rock, alternative, british",United Kingdom
user_000016,Muse,Feeling Good,16,59,365,2009-01-01T00:00:00+00:00,2010-01-01T00:00:00+00:00,2002,alternative rock,"rock, Progressive rock, alternative",United Kingdom
user_000016,Kings Of Leon,Crawl,7,53,365,2009-01-01T00:00:00+00:00,2010-01-01T00:00:00+00:00,2014,rock,"indie, indie rock, alternative",United States
user_000016,Stereophonics,Traffic,4,49,365,2009-01-01T00:00:00+00:00,2010-01-01T00:00:00+00:00,1998,rock,"britpop, indie, alternative",United Kingdom
user_000016,Foo Fighters,Have It All,8,39,365,2009-01-01T00:00:00+00:00,2010-01-01T00:00:00+00:00,2003,rock,"alternative rock, Grunge, alternative",United States
user_000016,Elbow,Grounds For Divorce,13,27,365,2009-01-01T00:00:00+00:00,2010-01-01T00:00:00+00:00,2020,indie,"alternative, indie rock, britpop",United Kingdom
user_000016,Alabama 3,Too Sick To Pray,5,26,365,2009-01-01T00:00:00+00:00,2010-01-01T00:00:00+00:00,2002,alternative,"blues, country, country acid house",United Kingdom
user_000016,Paul Weller,Invisible (Live),3,26,365,2009-01-01T00:00:00+00:00,2010-01-01T00:00:00+00:00,2009,rock,"singer-songwriter, british, mod",United Kingdom
user_000016,Audioslave,Cochise,10,24,365,2009-01-01T00:00:00+00:00,2010-01-01T00:00:00+00:00,2005,alternative rock,"rock, hard rock, Grunge",United States
user_000016,Richard Ashcroft,Keys To The World,9,22,365,2009-01-01T00:00:00+00:00,2010-01-01T00:00:00+00:00,2006,britpop,"british, indie, singer-songwriter",Germany
user_000016,The Killers,Mr. Brightside,5,20,365,2009-01-01T00:00:00+00:00,2010-01-01T00:00:00+00:00,2017,rock,"indie rock, indie, alternative",United Kingdom
user_000016,Reverend Horton Heat,New York City Girls,4,18,365,2009-01-01T00:00:00+00:00,2010-01-01T00:00:00+00:00,2004,psychobilly,"rockabilly, rock, punk",United States
user_000016,Amy Winehouse,Monkey Man,7,16,365,2009-01-01T00:00:00+00:00,2010-01-01T00:00:00+00:00,2007,soul,"jazz, female vocalists, british",United Kingdom
user_000016,Arctic Monkeys,Fake Tales Of San Francisco,7,16,365,2009-01-01T00:00:00+00:00,2010-01-01T00:00:00+00:00,2006,indie rock,"indie, british, rock",United Kingdom
user_000017,Uriah Heep,Lady In Black,14,129,365,2009-01-01T00:00:00+00:00,2010-01-01T00:00:00+00:00,2020,hard rock,"classic rock, Progressive rock, rock",United Kingdom
user_000017,Ufo,Doctor Doctor,12,81,365,2009-01-01T00:00:00+00:00,2010-01-01T00:00:00+00:00,1994,hard rock,"classic rock, heavy metal, rock",United Kingdom
user_000017,Eddie Vedder,Far Behind,12,80,365,2009-01-01T00:00:00+00:00,2010-01-01T00:00:00+00:00,2017,singer-songwriter,"Grunge, rock, folk",United States
user_000017,Grand Funk Railroad,Some Kind Of Wonderful,10,76,365,2009-01-01T00:00:00+00:00,2010-01-01T00:00:00+00:00,1996,classic rock,"hard rock, rock, 70s",United States
user_000017,Rainbow,Man On The Silver Mountain,9,72,365,2009-01-01T00:00:00+00:00,2010-01-01T00:00:00+00:00,1991,hard rock,"classic rock, heavy metal, rock",United Kingdom
user_000017,Atomic Rooster,Devil'S Answer,33,71,365,2009-01-01T00:00:00+00:00,2010-01-01T00:00:00+00:00,1997,Progressive rock,"hard rock, classic rock, rock",United Kingdom
user_000017,Pearl Jam,Black,5,71,365,2009-01-01T00:00:00+00:00,2010-01-01T00:00:00+00:00,2005,Grunge,"90s, rock, alternative rock",United States
user_000017,Jethro Tull,Locomotive Breath,7,70,365,2009-01-01T00:00:00+00:00,2010-01-01T00:00:00+00:00,2018,Progressive rock,"classic rock, folk rock, rock",United Kingdom
user_000017,Nazareth,Love Hurts,19,70,365,2009-01-01T00:00:00+00:00,2010-01-01T00:00:00+00:00,2006,hard rock,"classic rock, rock, 70s",United Kingdom
user_000017,Blue ֳ–yster Cult,(Don'T Fear) The Reaper,11,69,365,2009-01-01T00:00:00+00:00,2010-01-01T00:00:00+00:00,2012,classic rock,"rock, 70s, hard rock",United States
user_000017,Deep Purple,Hush,7,69,365,2009-01-01T00:00:00+00:00,2010-01-01T00:00:00+00:00,2018,hard rock,"classic rock, rock, Progressive rock",United Kingdom
user_000017,Wishbone Ash,Blowin' Free,8,69,365,2009-01-01T00:00:00+00:00,2010-01-01T00:00:00+00:00,1972,Progressive rock,"classic rock, hard rock, rock",United Kingdom
user_000017,Captain Beyond,As The Moon Speaks (To The Waves Of The Sea),21,67,365,2009-01-01T00:00:00+00:00,2010-01-01T00:00:00+00:00,2017,Progressive rock,"hard rock, classic rock, rock",Hong Kong
user_000017,Thin Lizzy,Whiskey In The Jar,5,62,365,2009-01-01T00:00:00+00:00,2010-01-01T00:00:00+00:00,1993,hard rock,"classic rock, rock, irish",Ireland
user_000017,Ten Years After,I'D Love To Change The World,9,55,365,2009-01-01T00:00:00+00:00,2010-01-01T00:00:00+00:00,1996,blues rock,"classic rock, rock, blues",United Kingdom
user_000020,L'Arc~En~Ciel,Daybreak'S Bell,20,40,365,2009-01-01T00:00:00+00:00,2010-01-01T00:00:00+00:00,2008,J-rock,"japanese, rock, jrock",Japan
user_000020,Ludwig Van Beethoven,Allegro Con Brio,1,5,365,2009-01-01T00:00:00+00:00,2010-01-01T00:00:00+00:00,1994,Classical,"instrumental, romantic, composers",Germany
user_000020,Pure Reason Revolution,Victorious Cupid,3,4,365,2009-01-01T00:00:00+00:00,2010-01-01T00:00:00+00:00,2007,Progressive rock,"art rock, Progressive, british",United Kingdom
user_000020,Muse,Apocalypse Please,2,3,365,2009-01-01T00:00:00+00:00,2010-01-01T00:00:00+00:00,2023,alternative rock,"rock, Progressive rock, alternative",United Kingdom
user_000020,Alice Nine.,Eraser,1,1,365,2009-01-01T00:00:00+00:00,2010-01-01T00:00:00+00:00,2009,J-rock,"visual kei, japanese, jrock",United States
user_000020,Capsule,True Blue,1,1,365,2009-01-01T00:00:00+00:00,2010-01-01T00:00:00+00:00,2008,electronic,"japanese, shibuya-kei, j-pop",Japan
user_000020,Dir En Grey,Dead Tree,1,1,365,2009-01-01T00:00:00+00:00,2010-01-01T00:00:00+00:00,2007,J-rock,"visual kei, japanese, metal",Japan
user_000020,Ellegarden,Marry Me,1,1,365,2009-01-01T00:00:00+00:00,2010-01-01T00:00:00+00:00,2007,J-rock,"japanese, punk, rock",Japan
user_000020,Gackt,Mizerable,1,1,365,2009-01-01T00:00:00+00:00,2010-01-01T00:00:00+00:00,2004,J-rock,"japanese, visual kei, j-pop",Japan
user_000020,High And Mighty Color,Enrai ~Tooku Ni Aru Akari~,1,1,365,2009-01-01T00:00:00+00:00,2010-01-01T00:00:00+00:00,2007,J-rock,"japanese, female vocalists, j-pop",Japan
user_000020,Hyde,It'S Sad,1,1,365,2009-01-01T00:00:00+00:00,2010-01-01T00:00:00+00:00,2006,J-rock,"japanese, rock, Hyde",Japan
user_000020,Ikebukuro West Gate Park Ost,"Like This,Like That",1,1,365,2009-01-01T00:00:00+00:00,2010-01-01T00:00:00+00:00,2023,,,United States
user_000020,Orange Range,*~Asterisk,1,1,365,2009-01-01T00:00:00+00:00,2010-01-01T00:00:00+00:00,2003,J-rock,"japanese, j-pop, anime",Japan
user_000020,Original Love,Deep French Kiss,1,1,365,2009-01-01T00:00:00+00:00,2010-01-01T00:00:00+00:00,1998,shibuya-kei,"j-pop, japanese, pop",Japan
user_000020,Pierrot,Mennybֲ¿L Az Angyal,1,1,365,2009-01-01T00:00:00+00:00,2010-01-01T00:00:00+00:00,1995,J-rock,"visual kei, japanese, rock",Japan
user_000021,Joel Plaskett,Through & Through & Through,22,373,365,2009-01-01T00:00:00+00:00,2010-01-01T00:00:00+00:00,2009,Canadian,"singer-songwriter, indie rock, indie",Canada
user_000021,Attack In Black,Birmingham,23,372,365,2009-01-01T00:00:00+00:00,2010-01-01T00:00:00+00:00,2009,indie,"Canadian, indie rock, punk",Canada
user_000021,Bomb The Music Industry!,Stuff That I Like,27,238,365,2009-01-01T00:00:00+00:00,2010-01-01T00:00:00+00:00,2019,punk,"ska, ska punk, punk rock",United States
user_000021,Deerhunter,Cicadas,16,224,365,2009-01-01T00:00:00+00:00,2010-01-01T00:00:00+00:00,2008,shoegaze,"experimental, psychedelic, indie",United States
user_000021,A.C. Newman,"Like A Hitman, Like A Dancer",21,223,365,2009-01-01T00:00:00+00:00,2010-01-01T00:00:00+00:00,2009,indie,"Canadian, indie rock, singer-songwriter",Australia
user_000021,Constantines,I Will Not Sing A Hateful Song,17,217,365,2009-01-01T00:00:00+00:00,2010-01-01T00:00:00+00:00,2010,indie rock,"Canadian, indie, rock",Canada
user_000021,Black Lips,Drugs,19,211,365,2009-01-01T00:00:00+00:00,2010-01-01T00:00:00+00:00,2009,Garage Rock,"indie, Garage Punk, garage",United States
user_000021,Jon-Rae Fletcher,My Hands,22,199,365,2009-01-01T00:00:00+00:00,2010-01-01T00:00:00+00:00,2009,Alt-country,"folk, country, Canadian",Canada
user_000021,Arkells,John Lennon,19,185,365,2009-01-01T00:00:00+00:00,2010-01-01T00:00:00+00:00,2015,Canadian,"indie rock, rock, indie",Canada
user_000021,The Clash,I Fought The Law,11,181,365,2009-01-01T00:00:00+00:00,2010-01-01T00:00:00+00:00,2023,punk,"punk rock, british, rock",United Kingdom
user_000021,The Marked Men,Locked Up,14,181,365,2009-01-01T00:00:00+00:00,2010-01-01T00:00:00+00:00,2009,punk,"Garage Punk, punk rock, texas",United States
user_000021,The Agnostic Mountain Gospel Choir,Dumb It Down,16,177,365,2009-01-01T00:00:00+00:00,2010-01-01T00:00:00+00:00,2008,blues,"Alt-country, folk, bluegrass",United Kingdom
user_000021,Brutal Knights,Living By Yourself,21,157,365,2009-01-01T00:00:00+00:00,2010-01-01T00:00:00+00:00,2008,punk,"hardcore punk, Garage Punk, hardcore",Canada
user_000021,Sunparlour Players,If The Creek'S Don'T Rise,9,154,365,2009-01-01T00:00:00+00:00,2010-01-01T00:00:00+00:00,2006,Canadian,"acoustic, folk, indie rock",United States
user_000021,Neko Case,People Got A Lotta Nerve,20,146,365,2009-01-01T00:00:00+00:00,2010-01-01T00:00:00+00:00,2009,Alt-country,"singer-songwriter, female vocalists, folk",United States
user_000022,The Capstan Shafts,Everyone Plants Trees,36,253,365,2009-01-01T00:00:00+00:00,2010-01-01T00:00:00+00:00,2006,indie pop,"Lo-Fi, indie, indie rock",United States
user_000022,Quasi,The Curse Of Having It All,22,173,365,2009-01-01T00:00:00+00:00,2010-01-01T00:00:00+00:00,2001,indie rock,"indie, indie pop, portland",United States
user_000022,Decoration,Bafta,27,136,365,2009-01-01T00:00:00+00:00,2010-01-01T00:00:00+00:00,2019,britpop,"indie, angst, introspective",Canada
user_000022,The Wedding Present,Brassneck,9,120,365,2009-01-01T00:00:00+00:00,2010-01-01T00:00:00+00:00,1990,post-punk,"indie rock, indie, alternative",United Kingdom
user_000022,Bubblegum Lemonade,I'Ll Never Be Yours,44,111,365,2009-01-01T00:00:00+00:00,2010-01-01T00:00:00+00:00,2008,indie pop,"jangle pop, Scottish, indie",United Kingdom
user_000022,Butcher Boy,I Know Who You Could Be,20,101,365,2009-01-01T00:00:00+00:00,2010-01-01T00:00:00+00:00,2007,indie pop,"Scottish, twee, wrongly tagged as twee",United States
user_000022,The Shaky Hands,Why & How Come,39,89,365,2009-01-01T00:00:00+00:00,2010-01-01T00:00:00+00:00,2007,indie rock,"indie, folk rock, portland",New Zealand
user_000022,The Broken Family Band,"Walking Back To Jesus, Part Two",17,79,365,2009-01-01T00:00:00+00:00,2010-01-01T00:00:00+00:00,2004,indie,"indie rock, folk, Alt-country",United Kingdom
user_000022,Jesus Licks,Hide And Seek,34,75,365,2009-01-01T00:00:00+00:00,2010-01-01T00:00:00+00:00,2024,freak folk,,United Kingdom
user_000022,Ballboy,Donald In The Bushes With A Bag Of Glue,19,74,365,2009-01-01T00:00:00+00:00,2010-01-01T00:00:00+00:00,1999,Scottish,"indie pop, indie, twee",United Kingdom
user_000022,Let'S Wrestle,I Won'T Lie To You,47,73,365,2009-01-01T00:00:00+00:00,2010-01-01T00:00:00+00:00,2008,indie rock,"british, indie, indie pop",United Kingdom
user_000022,The Minders,I'Ve Been Wondering,26,73,365,2009-01-01T00:00:00+00:00,2010-01-01T00:00:00+00:00,2004,Elephant 6,"indie pop, Lo-Fi, indie",United Kingdom
user_000022,Cats On Fire,I Am The White-Mantled King,21,72,365,2009-01-01T00:00:00+00:00,2010-01-01T00:00:00+00:00,2007,indie pop,"finnish, indie, twee",Finland
user_000022,Rescue The Astronauts,Nothing To Say,24,64,365,2009-01-01T00:00:00+00:00,2010-01-01T00:00:00+00:00,2012,powerpop,"emo, alternative, rock",United States
user_000022,Dog Years,In Stitches,21,63,365,2009-01-01T00:00:00+00:00,2010-01-01T00:00:00+00:00,2016,emo,"indie rock, noise rock, punk rock",United Kingdom
user_000023,Muse,Tsp,79,1138,365,2009-01-01T00:00:00+00:00,2010-01-01T00:00:00+00:00,2004,alternative rock,"rock, Progressive rock, alternative",United Kingdom
user_000023,Clint Mansell,Lux Aeterna,185,1099,365,2009-01-01T00:00:00+00:00,2010-01-01T00:00:00+00:00,2009,instrumental,"ambient, electronic, Classical",United Kingdom
user_000023,Portishead,Nylon Smile,133,900,365,2009-01-01T00:00:00+00:00,2010-01-01T00:00:00+00:00,2008,trip-hop,"electronic, female vocalists, chillout",United Kingdom
user_000023,Story One,Rescue Us,76,764,365,2009-01-01T00:00:00+00:00,2010-01-01T00:00:00+00:00,1999,Broken Records,"5 cent theatre, number bands, rescue us",United States
user_000023,Depeche Mode,Wrong,131,490,365,2009-01-01T00:00:00+00:00,2010-01-01T00:00:00+00:00,2009,electronic,"new wave, synthpop, synth pop",United Kingdom
user_000023,Nine Inch Nails,Home,35,330,365,2009-01-01T00:00:00+00:00,2010-01-01T00:00:00+00:00,1995,industrial,"industrial rock, electronic, alternative",United States
user_000023,Chris Vrenna,I'M Not Edible,52,301,365,2009-01-01T00:00:00+00:00,2010-01-01T00:00:00+00:00,2001,dark ambient,"electronic, industrial, experimental",United States
user_000023,Massive Attack,Butterfly Caught,74,290,365,2009-01-01T00:00:00+00:00,2010-01-01T00:00:00+00:00,2004,trip-hop,"electronic, chillout, downtempo",United Kingdom
user_000023,Akira Yamaoka,Alex Theme,73,258,365,2009-01-01T00:00:00+00:00,2010-01-01T00:00:00+00:00,2009,ambient,"japanese, video game music, Silent Hill",Japan
user_000023,Unkle,Broken (Feat. Gavin Clark),46,237,365,2009-01-01T00:00:00+00:00,2010-01-01T00:00:00+00:00,2007,trip-hop,"electronic, downtempo, alternative",United Kingdom
user_000023,Jonathan Larson,Seasons Of Love,37,208,365,2009-01-01T00:00:00+00:00,2010-01-01T00:00:00+00:00,2005,musical,"Broadway, musicals, Rent",United States
user_000023,Lovage,Sex (I'M A),93,113,365,2009-01-01T00:00:00+00:00,2010-01-01T00:00:00+00:00,2002,trip-hop,"downtempo, electronic, chillout",United States
user_000023,Razorlight,Wire To Wire,73,73,365,2009-01-01T00:00:00+00:00,2010-01-01T00:00:00+00:00,2008,indie,"indie rock, british, rock",United Kingdom
user_000023,The Smashing Pumpkins,Ava Adore,34,67,365,2009-01-01T00:00:00+00:00,2010-01-01T00:00:00+00:00,1998,alternative rock,"Grunge, alternative, rock",United States
user_000023,A Perfect Circle,Weak And Powerless (Tilling My Grave Mix),21,65,365,2009-01-01T00:00:00+00:00,2010-01-01T00:00:00+00:00,2010,alternative rock,"Progressive rock, alternative, rock",United States
user_000024,Kings Of Leon,Sex On Fire,3,8,365,2009-01-01T00:00:00+00:00,2010-01-01T00:00:00+00:00,2008,rock,"indie rock, alternative, indie",United States
user_000024,Rogue Wave,Chicago X 12,1,6,365,2009-01-01T00:00:00+00:00,2010-01-01T00:00:00+00:00,2008,indie,"indie rock, indie pop, alternative",United States
user_000024,Fleet Foxes,Anyone Who'S Anyone,1,5,365,2009-01-01T00:00:00+00:00,2010-01-01T00:00:00+00:00,2006,folk,"indie, folk rock, indie rock",United States
user_000024,The National,Cardinal Song,2,4,365,2009-01-01T00:00:00+00:00,2010-01-01T00:00:00+00:00,1996,indie rock,"indie, alternative, alternative rock",United Kingdom
user_000024,The Shins,A Comet Appears,1,4,365,2009-01-01T00:00:00+00:00,2010-01-01T00:00:00+00:00,2007,indie,"indie rock, indie pop, alternative",United Kingdom
user_000024,Ambulance Ltd,Heavy Lifting,1,3,365,2009-01-01T00:00:00+00:00,2010-01-01T00:00:00+00:00,2004,indie rock,"indie, alternative, rock",United States
user_000024,Andrew Bird,Heretics,1,3,365,2009-01-01T00:00:00+00:00,2010-01-01T00:00:00+00:00,2007,folk,"singer-songwriter, indie, indie pop",United States
user_000024,Band Of Horses,Our Swords,1,3,365,2009-01-01T00:00:00+00:00,2010-01-01T00:00:00+00:00,2007,indie,"indie rock, alternative, Alt-country",United States
user_000024,Death Cab For Cutie,Death Of An Interior Decorator,1,3,365,2009-01-01T00:00:00+00:00,2010-01-01T00:00:00+00:00,2003,indie,"indie rock, alternative, rock",United States
user_000024,French Kicks,Knee High,1,3,365,2009-01-01T00:00:00+00:00,2010-01-01T00:00:00+00:00,2022,indie rock,"indie, indie pop, post-punk",United States
user_000024,Guster,All The Way Up To Heaven,1,3,365,2009-01-01T00:00:00+00:00,2010-01-01T00:00:00+00:00,2004,indie,"alternative, alternative rock, indie rock",United States
user_000024,My Morning Jacket,Dancefloors,1,3,365,2009-01-01T00:00:00+00:00,2010-01-01T00:00:00+00:00,2004,indie rock,"indie, Alt-country, rock",United States
user_000024,Pete Yorn,How Do You Go On?,1,3,365,2009-01-01T00:00:00+00:00,2010-01-01T00:00:00+00:00,2006,singer-songwriter,"indie, alternative, rock",United States
user_000024,Pinback,Afk,1,3,365,2009-01-01T00:00:00+00:00,2010-01-01T00:00:00+00:00,2004,indie rock,"indie, alternative, indie pop",United States
user_000024,Someone Still Loves You Boris Yeltsin,Anna Lee,1,3,365,2009-01-01T00:00:00+00:00,2010-01-01T00:00:00+00:00,2005,indie,"indie pop, indie rock, Lo-Fi",United States
user_000025,Rjd2,Supahero,14,93,365,2009-01-01T00:00:00+00:00,2010-01-01T00:00:00+00:00,2006,Hip-Hop,"electronic, trip-hop, electronica",United States
user_000025,Nickel Eye,Back From Exile,10,21,365,2009-01-01T00:00:00+00:00,2010-01-01T00:00:00+00:00,2009,indie rock,"indie, singer-songwriter, folk",United States
user_000025,The Strokes,Automatic Stop,3,18,365,2009-01-01T00:00:00+00:00,2010-01-01T00:00:00+00:00,2004,indie rock,"indie, rock, alternative",United Kingdom
user_000025,Daft Punk,Da Funk,7,14,365,2009-01-01T00:00:00+00:00,2010-01-01T00:00:00+00:00,2019,electronic,"poptron, House, dance",France
user_000025,Jan Johansson,Visa Frֳ¥n Utanmyra,5,14,365,2009-01-01T00:00:00+00:00,2010-01-01T00:00:00+00:00,2005,jazz,"piano, swedish, folk",Sweden
user_000025,Bloc Party,Ares,5,10,365,2009-01-01T00:00:00+00:00,2010-01-01T00:00:00+00:00,2008,indie,"indie rock, british, alternative",United Kingdom
user_000025,Milburn,Lipstick Licking,5,9,365,2009-01-01T00:00:00+00:00,2010-01-01T00:00:00+00:00,2006,indie rock,"indie, british, rock",United States
user_000025,Otis Redding,(Sittin' On) The Dock Of The Bay,6,8,365,2009-01-01T00:00:00+00:00,2010-01-01T00:00:00+00:00,1993,soul,"7soul, 60s, oldies",United States
user_000025,Jedi Mind Tricks,Walk With Me,2,7,365,2009-01-01T00:00:00+00:00,2010-01-01T00:00:00+00:00,2004,Hip-Hop,"underground hip-hop, rap, hip hop",United States
user_000025,Blind Melon,Harmful Belly,2,4,365,2009-01-01T00:00:00+00:00,2010-01-01T00:00:00+00:00,2008,Grunge,"alternative rock, rock, 90s",United States
user_000025,Queens Of The Stone Age,3'S & 7'S,1,4,365,2009-01-01T00:00:00+00:00,2010-01-01T00:00:00+00:00,2007,Stoner Rock,"alternative rock, rock, hard rock",United States
user_000025,Steely Dan,Kings,4,4,365,2009-01-01T00:00:00+00:00,2010-01-01T00:00:00+00:00,1972,Jazz Rock,"classic rock, rock, 70s",United States
user_000025,The Streets,Memento Mori,2,4,365,2009-01-01T00:00:00+00:00,2010-01-01T00:00:00+00:00,2006,Hip-Hop,"british, rap, indie",United Kingdom
user_000025,The Libertines,10-The_Libertines_-_What_Katie_Did-Ysp,2,3,365,2009-01-01T00:00:00+00:00,2010-01-01T00:00:00+00:00,2010,indie rock,"british, indie, rock",United Kingdom
user_000025,Vic Ruggiero,A Lovely Beginning,3,3,365,2009-01-01T00:00:00+00:00,2010-01-01T00:00:00+00:00,2008,ska,"acoustic, Need to Rate, singer-songwriter",United States
user_000029,The Airborne Toxic Event,Sometime Around Midnight,53,493,365,2009-01-01T00:00:00+00:00,2010-01-01T00:00:00+00:00,2023,indie rock,"indie, rock, american",United States
user_000029,Nada Surf,Blonde On Blonde,23,392,365,2009-01-01T00:00:00+00:00,2010-01-01T00:00:00+00:00,2002,indie rock,"indie, alternative, alternative rock",United States
user_000029,Elbow,Grounds For Divorce,28,297,365,2009-01-01T00:00:00+00:00,2010-01-01T00:00:00+00:00,2020,indie,"alternative, indie rock, britpop",United Kingdom
user_000029,Doves,Jetstream,32,250,365,2009-01-01T00:00:00+00:00,2010-01-01T00:00:00+00:00,2009,indie,"indie rock, britpop, alternative",United Kingdom
user_000029,Silversun Pickups,Panic Switch,44,225,365,2009-01-01T00:00:00+00:00,2010-01-01T00:00:00+00:00,2009,indie rock,"shoegaze, indie, alternative",United States
user_000029,Swervedriver,Andalucia,8,104,365,2009-01-01T00:00:00+00:00,2010-01-01T00:00:00+00:00,1994,shoegaze,"indie rock, alternative, indie",United Kingdom
user_000029,The Verve,Love Is Noise,5,99,365,2009-01-01T00:00:00+00:00,2010-01-01T00:00:00+00:00,2008,britpop,"rock, alternative, british",United Kingdom
user_000029,Asobi Seksu,Sooner,6,90,365,2009-01-01T00:00:00+00:00,2010-01-01T00:00:00+00:00,2002,shoegaze,"dream pop, indie, female vocalists",United States
user_000029,Marjorie Fair,Please Don'T,9,90,365,2009-01-01T00:00:00+00:00,2010-01-01T00:00:00+00:00,2004,indie rock,"indie, rock, indie pop",United States
user_000029,A. R. Rahman,Ringa Ringa,10,59,365,2009-01-01T00:00:00+00:00,2010-01-01T00:00:00+00:00,2008,Indian,"bollywood, Hindi, A R Rahman",India
user_000029,Black Rebel Motorcycle Club,Berlin,6,57,365,2009-01-01T00:00:00+00:00,2010-01-01T00:00:00+00:00,2007,rock,"indie rock, alternative rock, indie",United States
user_000029,Ghostland Observatory,All You Rock & Rollers,2,43,365,2009-01-01T00:00:00+00:00,2010-01-01T00:00:00+00:00,2007,electronic,"indie, new rave, dance",United States
user_000029,Earlimart,Everybody Knows Everybody,4,41,365,2009-01-01T00:00:00+00:00,2010-01-01T00:00:00+00:00,2007,indie rock,"indie, indie pop, alternative",United States
user_000029,M.I.A.,Paper Planes,27,38,365,2009-01-01T00:00:00+00:00,2010-01-01T00:00:00+00:00,2009,Hip-Hop,"electronic, dance, british",Italy
user_000029,The Raconteurs,"Steady, As She Goes",9,35,365,2009-01-01T00:00:00+00:00,2010-01-01T00:00:00+00:00,2006,rock,"alternative rock, indie rock, alternative",United Kingdom
user_000030,Kings Of Convenience,I'D Rather Dance With You,53,513,365,2009-01-01T00:00:00+00:00,2010-01-01T00:00:00+00:00,2004,acoustic,"indie, norwegian, indie pop",United Kingdom
user_000030,The Fall,The Mixer,32,368,365,2009-01-01T00:00:00+00:00,2010-01-01T00:00:00+00:00,2003,post-punk,"new wave, punk, alternative",United Kingdom
user_000030,The Whitest Boy Alive,High On The Heels,37,296,365,2009-01-01T00:00:00+00:00,2010-01-01T00:00:00+00:00,2009,indie,"electronic, indie pop, norwegian",Germany
user_000030,New Order,The Perfect Kiss,22,276,365,2009-01-01T00:00:00+00:00,2010-01-01T00:00:00+00:00,2023,new wave,"post-punk, electronic, 80s",United Kingdom
user_000030,Andrew Bird,"Not A Robot, But A Ghost",21,241,365,2009-01-01T00:00:00+00:00,2010-01-01T00:00:00+00:00,2009,folk,"singer-songwriter, indie, indie pop",United States
user_000030,Animal Collective,Summertime Clothes,29,221,365,2009-01-01T00:00:00+00:00,2010-01-01T00:00:00+00:00,2009,experimental,"indie, freak folk, folk",United States
user_000030,Doves,Jetstream,46,175,365,2009-01-01T00:00:00+00:00,2010-01-01T00:00:00+00:00,2009,indie,"indie rock, britpop, alternative",United Kingdom
user_000030,The Jesus And Mary Chain,Far Gone And Out,7,175,365,2009-01-01T00:00:00+00:00,2010-01-01T00:00:00+00:00,2007,shoegaze,"post-punk, alternative, indie",United Kingdom
user_000030,Junior Boys,The Animator,24,174,365,2009-01-01T00:00:00+00:00,2010-01-01T00:00:00+00:00,2009,electronic,"electropop, Canadian, indie",United States
user_000030,British Sea Power,Remember Me,23,136,365,2009-01-01T00:00:00+00:00,2010-01-01T00:00:00+00:00,2003,indie rock,"indie, british, alternative",United Kingdom
user_000030,Bat For Lashes,Daniel,32,131,365,2009-01-01T00:00:00+00:00,2010-01-01T00:00:00+00:00,2009,indie,"female vocalists, alternative, folk",United Kingdom
user_000030,Gang Of Four,What We All Want,17,108,365,2009-01-01T00:00:00+00:00,2010-01-01T00:00:00+00:00,1981,post-punk,"new wave, punk, 80s",United Kingdom
user_000030,Rֳ¶yksopp,Happy Up Here,22,107,365,2009-01-01T00:00:00+00:00,2010-01-01T00:00:00+00:00,2009,electronic,"chillout, ambient, norwegian",Norway
user_000030,Deerhunter,Microcastle,14,88,365,2009-01-01T00:00:00+00:00,2010-01-01T00:00:00+00:00,2008,shoegaze,"experimental, psychedelic, indie",United States
user_000030,Asobi Seksu,Blind Little Rain,10,84,365,2009-01-01T00:00:00+00:00,2010-01-01T00:00:00+00:00,2009,shoegaze,"dream pop, indie, female vocalists",United States
user_000031,Sleater-Kinney,Combat Rock,1,26,365,2009-01-01T00:00:00+00:00,2010-01-01T00:00:00+00:00,2002,riot grrrl,"indie rock, female vocalists, indie",United States
user_000031,Shriekback,A Kind Of Fascination,1,24,365,2009-01-01T00:00:00+00:00,2010-01-01T00:00:00+00:00,2015,new wave,"post-punk, alternative, 80s",United Kingdom
user_000031,Soul Coughing,Blueeyed Devil,2,20,365,2009-01-01T00:00:00+00:00,2010-01-01T00:00:00+00:00,1994,alternative,"alternative rock, indie, rock",United States
user_000031,Xtc,Ball And Chain,1,20,365,2009-01-01T00:00:00+00:00,2010-01-01T00:00:00+00:00,1994,new wave,"post-punk, 80s, pop",United Kingdom
user_000031,Spearhead,100.000 Miles,1,19,365,2009-01-01T00:00:00+00:00,2010-01-01T00:00:00+00:00,1995,death metal,"black metal, Hip-Hop, reggae",United States
user_000031,John Barbirolli: Hallֳ© Orchestra,"Elgar: Variations On An Original Theme, Op. 36, ""Enigma"" - 14. Romanza: ***",2,15,365,2009-01-01T00:00:00+00:00,2010-01-01T00:00:00+00:00,2020,,,United Kingdom
user_000031,Sequentia,Instrumental Interlude,3,15,365,2009-01-01T00:00:00+00:00,2010-01-01T00:00:00+00:00,2002,medieval,"early music, Classical, trance",Germany
user_000031,The Weakerthans,One Great City!,2,15,365,2009-01-01T00:00:00+00:00,2010-01-01T00:00:00+00:00,2010,indie rock,"Canadian, indie, alternative",United Kingdom
user_000031,Chicago Public Radio,Sound Opinions Examines Rock Plagiarism,2,12,365,2009-01-01T00:00:00+00:00,2010-01-01T00:00:00+00:00,2016,podcast,"public radio, this american life, npr",Armenia
user_000031,The The,Dogs Of Lust,1,12,365,2009-01-01T00:00:00+00:00,2010-01-01T00:00:00+00:00,2010,new wave,"post-punk, alternative, 80s",United Kingdom
user_000031,Michael Franti & Spearhead,Radio Segment,4,11,365,2009-01-01T00:00:00+00:00,2010-01-01T00:00:00+00:00,2001,reggae,"Hip-Hop, funk, political",United States
user_000031,The Flying Lizards,Money,3,11,365,2009-01-01T00:00:00+00:00,2010-01-01T00:00:00+00:00,2006,new wave,"post-punk, experimental, 80s",United Kingdom
user_000031,John Lennon,Cold Turkey,1,10,365,2009-01-01T00:00:00+00:00,2010-01-01T00:00:00+00:00,2022,classic rock,"rock, singer-songwriter, british",United Kingdom
user_000031,The Tourists,Angels And Demons,1,10,365,2009-01-01T00:00:00+00:00,2010-01-01T00:00:00+00:00,1980,new wave,"80s, british, pop",United Kingdom
user_000031,Stevie Wonder,All In Love Is Fair,1,9,365,2009-01-01T00:00:00+00:00,2010-01-01T00:00:00+00:00,1973,soul,"funk, motown, pop",United States
user_000033,Damien Rice,Prague,46,418,365,2009-01-01T00:00:00+00:00,2010-01-01T00:00:00+00:00,2004,singer-songwriter,"acoustic, folk, indie",Ireland
user_000033,Muse,Hysteria,23,245,365,2009-01-01T00:00:00+00:00,2010-01-01T00:00:00+00:00,2006,alternative rock,"rock, Progressive rock, alternative",United Kingdom
user_000033,Acidman,I Stand Free,13,226,365,2009-01-01T00:00:00+00:00,2010-01-01T00:00:00+00:00,2008,J-rock,"japanese, rock, alternative",Japan
user_000033,Dir En Grey,Red Soil,22,162,365,2009-01-01T00:00:00+00:00,2010-01-01T00:00:00+00:00,2010,J-rock,"visual kei, japanese, metal",Japan
user_000033,Skin,Nothing But,24,158,365,2009-01-01T00:00:00+00:00,2010-01-01T00:00:00+00:00,2006,rock,"female vocalists, alternative rock, alternative",United Kingdom
user_000033,Amanda Palmer,Astronaut: A Short History Of Nearly Nothing,23,156,365,2009-01-01T00:00:00+00:00,2010-01-01T00:00:00+00:00,2008,punk cabaret,"female vocalists, singer-songwriter, piano",United States
user_000033,ֳ‰milie Simon,Fleur De Saison,23,129,365,2009-01-01T00:00:00+00:00,2010-01-01T00:00:00+00:00,2007,,,France
user_000033,Lisa Hannigan,An Ocean And A Rock,9,81,365,2009-01-01T00:00:00+00:00,2010-01-01T00:00:00+00:00,2009,folk,"female vocalists, singer-songwriter, irish",Ireland
user_000033,Placebo,Meds (Feat. Vv Of The Kills),9,77,365,2009-01-01T00:00:00+00:00,2010-01-01T00:00:00+00:00,2008,alternative rock,"alternative, rock, indie",Belgium
user_000033,Radiohead,Karma Police,17,76,365,2009-01-01T00:00:00+00:00,2010-01-01T00:00:00+00:00,1997,alternative,"alternative rock, rock, indie",United Kingdom
user_000033,Kokia,Infinity,9,57,365,2009-01-01T00:00:00+00:00,2010-01-01T00:00:00+00:00,2014,j-pop,"japanese, female vocalists, singer-songwriter",Japan
user_000033,Serj Tankian,Empty Walls,11,42,365,2009-01-01T00:00:00+00:00,2010-01-01T00:00:00+00:00,2007,alternative metal,"alternative rock, alternative, rock",Ukraine
user_000033,Bjֳ¶rk,I'Ve Seen It All,15,39,365,2009-01-01T00:00:00+00:00,2010-01-01T00:00:00+00:00,2001,electronic,"experimental, alternative, female vocalists",Iceland
user_000033,The Babys,My Little Girl,5,36,365,2009-01-01T00:00:00+00:00,2010-01-01T00:00:00+00:00,2005,classic rock,"rock, 70s, hard rock",United Kingdom
user_000033,D'Espairsray,Tsuki No Kioku -Fallen-,7,35,365,2009-01-01T00:00:00+00:00,2010-01-01T00:00:00+00:00,2004,J-rock,"visual kei, japanese, industrial metal",Japan
user_000035,Ken Ishii,Extra,8,93,365,2009-01-01T00:00:00+00:00,2010-01-01T00:00:00+00:00,1998,techno,"electronic, japanese, japan",Japan
user_000035,"Koji Kondo, Hajime Wakai",Aril'S Kidnapping,1,61,365,2009-01-01T00:00:00+00:00,2010-01-01T00:00:00+00:00,2023,Classical,"electronic, game, video game music",United States
user_000035,Peter Mcconnell,Mr. Frustration Man,4,55,365,2009-01-01T00:00:00+00:00,2010-01-01T00:00:00+00:00,1998,jazz,"video game music, ambient, videogame",United States
user_000035,David Carretta,Vicious Game,4,52,365,2009-01-01T00:00:00+00:00,2010-01-01T00:00:00+00:00,2004,electro,"techno, Electroclash, electronic",Germany
user_000035,Cubismo Grafico,World Is Yours,2,46,365,2009-01-01T00:00:00+00:00,2010-01-01T00:00:00+00:00,2008,shibuya-kei,"electronic, japanese, lounge",Japan
user_000035,Jeff Mills,Alarms (Ben Sims Mix),2,34,365,2009-01-01T00:00:00+00:00,2010-01-01T00:00:00+00:00,1996,techno,"detroit techno, minimal, electronic",United States
user_000035,Jaleco Sound Team,Urban Fragments,3,32,365,2009-01-01T00:00:00+00:00,2010-01-01T00:00:00+00:00,2004,japanese,"video game music, japan",Japan
user_000035,Legowelt,Are You Really So Deep,3,31,365,2009-01-01T00:00:00+00:00,2010-01-01T00:00:00+00:00,2004,electro,"techno, electronic, Electroclash",Netherlands
user_000035,Vince Watson,Sublimina (Decryption),3,31,365,2009-01-01T00:00:00+00:00,2010-01-01T00:00:00+00:00,2006,techno,"detroit techno, electronic, tech house",Netherlands
user_000035,Crystal Castles,Air War,3,30,365,2009-01-01T00:00:00+00:00,2010-01-01T00:00:00+00:00,2006,electronic,"8-bit, new rave, electro",Canada
user_000035,Hystereo,Winters In The City,12,30,365,2009-01-01T00:00:00+00:00,2010-01-01T00:00:00+00:00,2004,electronic,"Disco, french house, House",
user_000035,Felix Da Housecat,Control Freaq,2,28,365,2009-01-01T00:00:00+00:00,2010-01-01T00:00:00+00:00,2003,House,"electronic, Electroclash, electro",United States
user_000035,Drip-Dry Eyes,Electric Love,3,27,365,2009-01-01T00:00:00+00:00,2010-01-01T00:00:00+00:00,1990,electronic,"ambient, idm, japanese",United States
user_000035,Kanye West,Big Brother,3,25,365,2009-01-01T00:00:00+00:00,2010-01-01T00:00:00+00:00,2018,Hip-Hop,"rap, Kanye West, hip hop",United Kingdom
user_000035,Quadra,Outset,4,25,365,2009-01-01T00:00:00+00:00,2010-01-01T00:00:00+00:00,2016,psytrance,"psychedelic trance, psychedelic, electronic",Japan
user_000036,The Knife,Pass This On,23,130,365,2009-01-01T00:00:00+00:00,2010-01-01T00:00:00+00:00,2004,electronic,"synthpop, swedish, electronica",United Kingdom
user_000036,Fever Ray,If I Had A Heart,17,76,365,2009-01-01T00:00:00+00:00,2010-01-01T00:00:00+00:00,2009,electronic,"ambient, swedish, female vocalists",United States
user_000036,Kaizers Orchestra,Bastard Sֳ¸nn,6,62,365,2009-01-01T00:00:00+00:00,2010-01-01T00:00:00+00:00,2008,norwegian,"alternative rock, rock, alternative",Norway
user_000036,Los Tres,Antes,5,60,365,2009-01-01T00:00:00+00:00,2010-01-01T00:00:00+00:00,1997,rock chileno,"rock, chile, Rock en Espanol",Chile
user_000036,Calle 13,La Cumbia De Los Aburridos,4,48,365,2009-01-01T00:00:00+00:00,2010-01-01T00:00:00+00:00,2007,latin,"Reggaeton, hip hop, Hip-Hop",Puerto Rico
user_000036,Tom Waits,Dirt In The Ground,2,47,365,2009-01-01T00:00:00+00:00,2010-01-01T00:00:00+00:00,2013,blues,"singer-songwriter, experimental, rock",United States
user_000036,Pֳ¡nico,El Mambero,4,44,365,2009-01-01T00:00:00+00:00,2010-01-01T00:00:00+00:00,2001,indie,"ecuador, rock, electronic",Chile
user_000036,Gustavo Cerati,Amor Amarillo,3,40,365,2009-01-01T00:00:00+00:00,2010-01-01T00:00:00+00:00,1993,Rock Argentino,"rock, argentina, Rock en Espanol",Argentina
user_000036,Morrissey,All You Need Is Me,2,24,365,2009-01-01T00:00:00+00:00,2010-01-01T00:00:00+00:00,2008,indie,"british, alternative, rock",United Kingdom
user_000036,Inxs,Beautiful Girl,2,23,365,2009-01-01T00:00:00+00:00,2010-01-01T00:00:00+00:00,2010,rock,"new wave, 80s, australian",Australia
user_000036,Kinky,Papel Volando,4,23,365,2009-01-01T00:00:00+00:00,2010-01-01T00:00:00+00:00,2008,alternative,"electronic, rock, mexico",Mexico
user_000036,Rֳ¶yksopp,This Must Be It,6,23,365,2009-01-01T00:00:00+00:00,2010-01-01T00:00:00+00:00,2009,electronic,"chillout, ambient, norwegian",Norway
user_000036,Tv On The Radio,Dancing Choose,3,23,365,2009-01-01T00:00:00+00:00,2010-01-01T00:00:00+00:00,2008,indie,"experimental, indie rock, alternative",United States
user_000036,Ancient,The Ancient Horadrim,4,22,365,2009-01-01T00:00:00+00:00,2010-01-01T00:00:00+00:00,2001,black metal,"melodic black metal, Symphonic Black Metal, Norwegian Black Metal",United Kingdom
user_000036,Juan Son,Nada,11,21,365,2009-01-01T00:00:00+00:00,2010-01-01T00:00:00+00:00,2009,alternative,"indie, experimental, mexico",Argentina
user_000037,Monsieur Minimal,Love Story,91,344,365,2009-01-01T00:00:00+00:00,2010-01-01T00:00:00+00:00,2008,indie,"electronic, electronica, experimental",Greece
user_000037,Billy Mackenzie,Wild Is The Wind,12,125,365,2009-01-01T00:00:00+00:00,2010-01-01T00:00:00+00:00,2001,pop,"new wave, Scottish, 80s",United States
user_000037,Tom Baxter,A Night Like This,17,106,365,2009-01-01T00:00:00+00:00,2010-01-01T00:00:00+00:00,2008,singer-songwriter,"acoustic, indie, male vocalists",United States
user_000037,Antony And The Johnsons,Crazy In Love,17,95,365,2009-01-01T00:00:00+00:00,2010-01-01T00:00:00+00:00,2009,singer-songwriter,"chamber pop, indie, alternative",United Kingdom
user_000037,Pet Shop Boys,Love Etc.,17,95,365,2009-01-01T00:00:00+00:00,2010-01-01T00:00:00+00:00,2009,synthpop,"electronic, pop, 80s",United Kingdom
user_000037,Yoav,Beautiful Lie,19,90,365,2009-01-01T00:00:00+00:00,2010-01-01T00:00:00+00:00,2007,indie,"acoustic, electronic, alternative",United States
user_000037,Pulp,I Spy,8,81,365,2009-01-01T00:00:00+00:00,2010-01-01T00:00:00+00:00,1995,britpop,"indie, british, alternative",United Kingdom
user_000037,Chris Garneau,Black & Blue,12,65,365,2009-01-01T00:00:00+00:00,2010-01-01T00:00:00+00:00,2010,singer-songwriter,"indie, piano, indie pop",United States
user_000037,Archive,All Time,4,60,365,2009-01-01T00:00:00+00:00,2010-01-01T00:00:00+00:00,1996,trip-hop,"electronic, Progressive rock, alternative",United Kingdom
user_000037,Marc Almond,In Your Bed,32,57,365,2009-01-01T00:00:00+00:00,2010-01-01T00:00:00+00:00,1993,new wave,"pop, 80s, cabaret",United Kingdom
user_000037,Morrissey,"Irish Blood, English Heart",6,57,365,2009-01-01T00:00:00+00:00,2010-01-01T00:00:00+00:00,2020,indie,"british, alternative, rock",United Kingdom
user_000037,Glen Hansard & Markֳ©ta Irglovֳ¡,If You Want Me,52,56,365,2009-01-01T00:00:00+00:00,2010-01-01T00:00:00+00:00,2007,folk,"singer-songwriter, irish, acoustic",Ireland
user_000037,Dominique A,Monochrome,21,50,365,2009-01-01T00:00:00+00:00,2010-01-01T00:00:00+00:00,1999,french,"chanson francaise, singer-songwriter, indie",France
user_000037,Portishead,Mourning Air (War Child),4,48,365,2009-01-01T00:00:00+00:00,2010-01-01T00:00:00+00:00,2002,trip-hop,"electronic, female vocalists, chillout",United Kingdom
user_000037,Tori Amos,Cool On Your Island,17,46,365,2009-01-01T00:00:00+00:00,2010-01-01T00:00:00+00:00,2005,female vocalists,"singer-songwriter, alternative, piano",United States
user_000038,Suicide Commando,Under God'S Eye,12,412,365,2009-01-01T00:00:00+00:00,2010-01-01T00:00:00+00:00,1994,ebm,"industrial, dark electro, electronic",Belgium
user_000038,Agonoize,Circle Of Death,10,400,365,2009-01-01T00:00:00+00:00,2010-01-01T00:00:00+00:00,2005,ebm,"dark electro, industrial, Aggrotech",Germany
user_000038,Heimatֳ¦rde,Deus Lo Vult,11,151,365,2009-01-01T00:00:00+00:00,2010-01-01T00:00:00+00:00,2005,ebm,"industrial, dark electro, Aggrotech",Germany
user_000038,Diary Of Dreams,Amok,4,114,365,2009-01-01T00:00:00+00:00,2010-01-01T00:00:00+00:00,2005,darkwave,"Gothic, electronic, industrial",Germany
user_000038,Combichrist,5Am (After Party),5,92,365,2009-01-01T00:00:00+00:00,2010-01-01T00:00:00+00:00,2007,industrial,"ebm, dark electro, electronic",
user_000038,Dark Sanctuary,Les Mֳ©moires Blessֳ©es,8,80,365,2009-01-01T00:00:00+00:00,2010-01-01T00:00:00+00:00,2004,neoclassical,"dark ambient, ethereal, Gothic",France
user_000038,Kiew,Anstaltsordnung,6,72,365,2009-01-01T00:00:00+00:00,2010-01-01T00:00:00+00:00,2004,industrial,"powernoise, ebm, noise",Germany
user_000038,Hocico,Sucios Pensamientos,4,69,365,2009-01-01T00:00:00+00:00,2010-01-01T00:00:00+00:00,2000,dark electro,"ebm, industrial, darkwave",Mexico
user_000038,Panzer Ag,When I Am You,4,67,365,2009-01-01T00:00:00+00:00,2010-01-01T00:00:00+00:00,2006,industrial,"ebm, Aggrotech, dark electro",Norway
user_000038,Tiamat,To Have And Have Not,2,61,365,2009-01-01T00:00:00+00:00,2010-01-01T00:00:00+00:00,1999,Gothic Metal,"doom metal, death metal, metal",Sweden
user_000038,Assemblage 23,Binary,5,50,365,2009-01-01T00:00:00+00:00,2010-01-01T00:00:00+00:00,2012,ebm,"futurepop, synthpop, industrial",United States
user_000038,Diorama,Advance (Remix),2,43,365,2009-01-01T00:00:00+00:00,2010-01-01T00:00:00+00:00,2001,darkwave,"synthpop, electronic, Gothic",Germany
user_000038,Xotox,Czarny Las,2,41,365,2009-01-01T00:00:00+00:00,2010-01-01T00:00:00+00:00,2008,industrial,"powernoise, Rhythmic Noise, noise",Germany
user_000038,Stoa,Alone,2,40,365,2009-01-01T00:00:00+00:00,2010-01-01T00:00:00+00:00,2002,neoclassical,"ethereal, darkwave, Gothic",Germany
user_000038,Grendel,Void Malign,4,39,365,2009-01-01T00:00:00+00:00,2010-01-01T00:00:00+00:00,2007,ebm,"dark electro, industrial, Harsh EBM",Netherlands
user_000040,Frittenbude,Hildegard,17,166,365,2009-01-01T00:00:00+00:00,2010-01-01T00:00:00+00:00,2008,electropunk,"electronic, german, electro",Germany
user_000040,The Sunshine Underground,The Way It Is,25,164,365,2009-01-01T00:00:00+00:00,2010-01-01T00:00:00+00:00,2006,indie,"indie rock, british, alternative",United Kingdom
user_000040,Franz Ferdinand,What She Came For,16,162,365,2009-01-01T00:00:00+00:00,2010-01-01T00:00:00+00:00,2009,indie rock,"indie, rock, alternative",Austria
user_000040,Mando Diao,High Heels,13,88,365,2009-01-01T00:00:00+00:00,2010-01-01T00:00:00+00:00,2009,indie,"indie rock, rock, swedish",Sweden
user_000040,Crystal Castles,Untrust Us,14,85,365,2009-01-01T00:00:00+00:00,2010-01-01T00:00:00+00:00,2007,electronic,"poptron, 8-bit, electro",Canada
user_000040,Interpol,Slow Hands,11,75,365,2009-01-01T00:00:00+00:00,2010-01-01T00:00:00+00:00,2014,post-punk,"indie rock, indie, alternative",United States
user_000040,Kissogram,Rubber & Meat,9,75,365,2009-01-01T00:00:00+00:00,2010-01-01T00:00:00+00:00,2009,electronic,"synthpop, Electroclash, electropop",Germany
user_000040,Kasabian,Last Trip (In Flight),9,73,365,2009-01-01T00:00:00+00:00,2010-01-01T00:00:00+00:00,2011,indie,"indie rock, british, alternative",United Kingdom
user_000040,Deichkind,Hֳ¶rt Ihr Die Signale,12,71,365,2009-01-01T00:00:00+00:00,2010-01-01T00:00:00+00:00,2008,electronic,"german, Hip-Hop, hip hop",Germany
user_000040,The Faint,Glass Danse,6,59,365,2009-01-01T00:00:00+00:00,2010-01-01T00:00:00+00:00,2008,electronic,"indie, indie rock, dance",United Kingdom
user_000040,The Last Shadow Puppets,Separate And Ever Deadly,7,50,365,2009-01-01T00:00:00+00:00,2010-01-01T00:00:00+00:00,2008,indie,"british, indie rock, alternative",United Kingdom
user_000040,Babyshambles,Back From The Dead,18,43,365,2009-01-01T00:00:00+00:00,2010-01-01T00:00:00+00:00,2025,british,"indie, indie rock, rock",United Kingdom
user_000040,These New Puritans,C. 16Th ֲ±,6,43,365,2009-01-01T00:00:00+00:00,2010-01-01T00:00:00+00:00,2007,post-punk,"indie, new rave, british",United Kingdom
user_000040,Mgmt,Kids,17,42,365,2009-01-01T00:00:00+00:00,2010-01-01T00:00:00+00:00,2009,electronic,"indie, alternative, dance",United States
user_000040,Klaxons,Golden Skans,5,38,365,2009-01-01T00:00:00+00:00,2010-01-01T00:00:00+00:00,2007,new rave,"indie, electronic, british",United Kingdom
user_000041,Vnv Nation,Standing,10,48,365,2009-01-01T00:00:00+00:00,2010-01-01T00:00:00+00:00,2004,futurepop,"ebm, electronic, industrial",Germany
user_000041,Stromkern,Stand Up,15,38,365,2009-01-01T00:00:00+00:00,2010-01-01T00:00:00+00:00,2006,ebm,"industrial, synthpop, electronic",United States
user_000041,The Prodigy,Diesel Power,34,34,365,2009-01-01T00:00:00+00:00,2010-01-01T00:00:00+00:00,1996,electronic,"techno, industrial, dance",United Kingdom
user_000041,S.P.O.C.K,All E.T:S Aren'T Nice,8,23,365,2009-01-01T00:00:00+00:00,2010-01-01T00:00:00+00:00,1997,synthpop,"swedish, futurepop, electronic",United States
user_000041,Absurd Minds,Masterbuilder (Sfor Crime Remix),11,20,365,2009-01-01T00:00:00+00:00,2010-01-01T00:00:00+00:00,2002,ebm,"futurepop, industrial, synthpop",Germany
user_000041,Covenant,Bullet (Radio Edit),3,17,365,2009-01-01T00:00:00+00:00,2010-01-01T00:00:00+00:00,2007,ebm,"futurepop, synthpop, electronic",Sweden
user_000041,Cֳ©line Dion,Because You Loved Me,1,8,365,2009-01-01T00:00:00+00:00,2010-01-01T00:00:00+00:00,2020,pop,"female vocalists, Canadian, 90s",Canada
user_000041,Enya,On Your Shore,2,6,365,2009-01-01T00:00:00+00:00,2010-01-01T00:00:00+00:00,1992,new age,"celtic, ambient, female vocalists",Ireland
user_000041,Kent,Duett,1,6,365,2009-01-01T00:00:00+00:00,2010-01-01T00:00:00+00:00,2002,swedish,"rock, indie, alternative",Sweden
user_000041,Avril Lavigne,I'M With You,2,5,365,2009-01-01T00:00:00+00:00,2010-01-01T00:00:00+00:00,2007,pop,"pop rock, rock, avril lavigne",Canada
user_000041,Vnv Nation - Standing-Burning Empires (2 Cd) (2000),Standing (Motion),3,5,365,2009-01-01T00:00:00+00:00,2010-01-01T00:00:00+00:00,2004,,,Netherlands
user_000041,De/Vision,My Own Worst Enemy,3,4,365,2009-01-01T00:00:00+00:00,2010-01-01T00:00:00+00:00,2006,synthpop,"electronic, futurepop, ebm",Germany
user_000041,Evil'S Toy,Virtual State,4,4,365,2009-01-01T00:00:00+00:00,2010-01-01T00:00:00+00:00,2024,ebm,"synthpop, futurepop, electronic",United Kingdom
user_000041,Funker Vogt,Fallen Hero (Jekyll & Hyde Remix By The Birthday Massacre),1,4,365,2009-01-01T00:00:00+00:00,2010-01-01T00:00:00+00:00,2017,ebm,"industrial, electronic, german",Germany
user_000041,Infected Mushroom,Angel Jonatan,1,4,365,2009-01-01T00:00:00+00:00,2010-01-01T00:00:00+00:00,2002,psytrance,"electronic, psychedelic, trance",Israel
user_000044,Within Temptation,Bittersweet,17,303,365,2009-01-01T00:00:00+00:00,2010-01-01T00:00:00+00:00,2009,within temptation,"Gothic Metal, Female fronted metal, metal",Netherlands
user_000044,Hammerfall,Always Will Be,22,178,365,2009-01-01T00:00:00+00:00,2010-01-01T00:00:00+00:00,2002,Power metal,"heavy metal, metal, swedish",Sweden
user_000044,Dragonforce,Heroes Of Our Time,15,113,365,2009-01-01T00:00:00+00:00,2010-01-01T00:00:00+00:00,2008,Power metal,"speed metal, metal, Extreme Power Metal",United Kingdom
user_000044,Turisas,One More,9,89,365,2009-01-01T00:00:00+00:00,2010-01-01T00:00:00+00:00,2009,folk metal,"viking metal, battle metal, finnish",Finland
user_000044,Deep Purple,Lady Double Dealer,7,76,365,2009-01-01T00:00:00+00:00,2010-01-01T00:00:00+00:00,1985,hard rock,"classic rock, rock, Progressive rock",United Kingdom
user_000044,Blind Guardian,Skalds And Shadows,11,74,365,2009-01-01T00:00:00+00:00,2010-01-01T00:00:00+00:00,2006,Power metal,"speed metal, heavy metal, symphonic metal",Germany
user_000044,Him,The Sacrament,11,63,365,2009-01-01T00:00:00+00:00,2010-01-01T00:00:00+00:00,2004,Love Metal,"Gothic Rock, rock, finnish",Finland
user_000044,Savage Garden,Affirmation,8,59,365,2009-01-01T00:00:00+00:00,2010-01-01T00:00:00+00:00,2000,pop,"90s, australian, rock",Australia
user_000044,Sirenia,At Sixies And Sevens - 09 - In Sumerian Haze,8,55,365,2009-01-01T00:00:00+00:00,2010-01-01T00:00:00+00:00,2002,Gothic Metal,"symphonic metal, Female fronted metal, metal",Norway
user_000044,The Gathering,You Learn About It,9,40,365,2009-01-01T00:00:00+00:00,2010-01-01T00:00:00+00:00,2003,Gothic Metal,"Progressive metal, Female fronted metal, female vocalists",United Kingdom
user_000044,Nightwish,The Islander,9,39,365,2009-01-01T00:00:00+00:00,2010-01-01T00:00:00+00:00,2011,symphonic metal,"Power metal, Gothic Metal, metal",Finland
user_000044,Ensiferum,Tears,11,31,365,2009-01-01T00:00:00+00:00,2010-01-01T00:00:00+00:00,2017,folk metal,"viking metal, Melodic Death Metal, finnish",Finland
user_000044,Era,Enae Volare,7,30,365,2009-01-01T00:00:00+00:00,2010-01-01T00:00:00+00:00,2022,new age,"ambient, celtic, chillout",France
user_000044,Firewind,Angels Forgive Me,4,29,365,2009-01-01T00:00:00+00:00,2010-01-01T00:00:00+00:00,2008,Power metal,"heavy metal, speed metal, metal",Greece
user_000044,Blackmore'S Night,Hark The Herald Angels Sing / Come All Ye Faithful,6,28,365,2009-01-01T00:00:00+00:00,2010-01-01T00:00:00+00:00,2006,folk,"folk rock, medieval, celtic",United States
user_000046,The Haunted,All Against All,45,382,365,2009-01-01T00:00:00+00:00,2010-01-01T00:00:00+00:00,2010,thrash metal,"Melodic Death Metal, death metal, metal",United Kingdom
user_000046,A Perfect Circle,3 Libras,8,67,365,2009-01-01T00:00:00+00:00,2010-01-01T00:00:00+00:00,2009,alternative rock,"Progressive rock, rock, alternative",United States
user_000046,Agents Of Oblivion,Endsmouth,9,60,365,2009-01-01T00:00:00+00:00,2010-01-01T00:00:00+00:00,2000,Stoner Rock,"Psychedelic Rock, doom metal, Sludge",Denmark
user_000046,Corrosion Of Conformity,In The Arms Of God,10,60,365,2009-01-01T00:00:00+00:00,2010-01-01T00:00:00+00:00,2005,Stoner Rock,"stoner metal, heavy metal, metal",United States
user_000046,Opeth,Coil,7,60,365,2009-01-01T00:00:00+00:00,2010-01-01T00:00:00+00:00,2008,Progressive metal,"progressive death metal, death metal, Melodic Death Metal",Sweden
user_000046,Soulfly,Doom,13,58,365,2009-01-01T00:00:00+00:00,2010-01-01T00:00:00+00:00,2008,thrash metal,"Nu Metal, metal, groove metal",United States
user_000046,Deftones,Anniversary Of An Uninteresting Event,3,56,365,2009-01-01T00:00:00+00:00,2010-01-01T00:00:00+00:00,2003,Nu Metal,"alternative, metal, alternative rock",United States
user_000046,Mike Patton,A Perfect Twist (Vocal),8,52,365,2009-01-01T00:00:00+00:00,2010-01-01T00:00:00+00:00,2008,experimental,"Avant-Garde, mike patton, alternative",United States
user_000046,Acid Bath,The Blue,8,51,365,2009-01-01T00:00:00+00:00,2010-01-01T00:00:00+00:00,2014,Sludge,"doom metal, sludge metal, stoner metal",United States
user_000046,Eyehategod,Dixie Whiskey,7,46,365,2009-01-01T00:00:00+00:00,2010-01-01T00:00:00+00:00,1995,Sludge,"doom metal, sludge metal, sludgecore",United States
user_000046,Slint,Breadcrumb Trail,9,46,365,2009-01-01T00:00:00+00:00,2010-01-01T00:00:00+00:00,1990,post-rock,"math rock, indie rock, indie",United States
user_000046,Isis,20 Minutes / 40 Years,7,44,365,2009-01-01T00:00:00+00:00,2010-01-01T00:00:00+00:00,2009,Post-Metal,"Sludge, post-rock, Progressive metal",United States
user_000046,Deadboy & The Elephantmen,"Stop, I'M Already Dead",5,40,365,2009-01-01T00:00:00+00:00,2010-01-01T00:00:00+00:00,2005,rock,"indie rock, alternative, dax riggs",United States
user_000046,Down,Dog Tired,4,40,365,2009-01-01T00:00:00+00:00,2010-01-01T00:00:00+00:00,2002,stoner metal,"Southern metal, Stoner Rock, heavy metal",United States
user_000046,Virus,Stalkers Of The Drift,9,36,365,2009-01-01T00:00:00+00:00,2010-01-01T00:00:00+00:00,2008,Avant-garde Metal,"Progressive metal, Avant-Garde, Progressive rock",Russian Federation
user_000053,Doom,Cellz,5,66,365,2009-01-01T00:00:00+00:00,2010-01-01T00:00:00+00:00,2009,Crust,"crust punk, Hip-Hop, punk",United States
user_000053,N.E.R.D.,Anti Matter,4,37,365,2009-01-01T00:00:00+00:00,2010-01-01T00:00:00+00:00,2019,Hip-Hop,"rap, alternative, rock","Korea, Republic of"
user_000053,Britney Spears,Circus,3,27,365,2009-01-01T00:00:00+00:00,2010-01-01T00:00:00+00:00,2009,pop,"dance, Britney Spears, circus",United States
user_000053,Common,Come Close,12,27,365,2009-01-01T00:00:00+00:00,2010-01-01T00:00:00+00:00,2016,Hip-Hop,"rap, hip hop, soul",United States
user_000053,Madlib,Mystic Bounce,12,26,365,2009-01-01T00:00:00+00:00,2010-01-01T00:00:00+00:00,2003,Hip-Hop,"jazz, funk, rap",United States
user_000053,John Legend,Each Day Gets Better,13,23,365,2009-01-01T00:00:00+00:00,2010-01-01T00:00:00+00:00,2006,soul,"rnb, Neo-Soul, singer-songwriter",United States
user_000053,Ludacris,Ludacris-Mvp,3,22,365,2009-01-01T00:00:00+00:00,2010-01-01T00:00:00+00:00,2008,Hip-Hop,"rap, Dirty South, hip hop",United States
user_000053,Yoanna,Ma Plume,4,19,365,2009-01-01T00:00:00+00:00,2010-01-01T00:00:00+00:00,2008,singer-songwriter,"chanson, accordion, funny",Switzerland
user_000053,Nicolay,Let It Shine For Me,17,18,365,2009-01-01T00:00:00+00:00,2010-01-01T00:00:00+00:00,2006,Hip-Hop,"instrumental hip-hop, producer, rap",Netherlands
user_000053,Zero 7,Your Place,11,18,365,2009-01-01T00:00:00+00:00,2010-01-01T00:00:00+00:00,2021,chillout,"downtempo, electronic, trip-hop",United Kingdom
user_000053,Bonobo,If You Stayed Over (Reprise),9,16,365,2009-01-01T00:00:00+00:00,2010-01-01T00:00:00+00:00,2010,downtempo,"electronic, trip-hop, chillout",United Kingdom
user_000053,Dj Koze,Bֳ₪ume Strahlen Stress Aus,10,16,365,2009-01-01T00:00:00+00:00,2010-01-01T00:00:00+00:00,2005,minimal,"electronic, techno, minimal techno",Germany
user_000053,King Britt,They Call Me Mr. Tibbs Main Title (King Britt Vocal Reinterpretation Feat. Mr. Lif),10,16,365,2009-01-01T00:00:00+00:00,2010-01-01T00:00:00+00:00,2007,House,"Hip-Hop, funk, acid jazz",United States
user_000053,Santogold,L.E.S. Artistes,3,16,365,2009-01-01T00:00:00+00:00,2010-01-01T00:00:00+00:00,2008,electronic,"indie, alternative, female vocalists",
user_000053,Andrֳ© Heller,Was Mir Der Dichter Luis Rosalez In Etwa Erzֳ₪hlte,15,15,365,2009-01-01T00:00:00+00:00,2010-01-01T00:00:00+00:00,1973,liedermacher,"singer-songwriter, austrian, austropop",Austria
user_000054,Poison,Talk Dirty To Me,53,1192,365,2009-01-01T00:00:00+00:00,2010-01-01T00:00:00+00:00,2008,hard rock,"hair metal, 80s, rock",United States
user_000054,Judas Priest,Eat Me Alive,43,917,365,2009-01-01T00:00:00+00:00,2010-01-01T00:00:00+00:00,2021,heavy metal,"metal, hard rock, NWOBHM",United Kingdom
user_000054,Whitesnake,Here I Go Again,54,827,365,2009-01-01T00:00:00+00:00,2010-01-01T00:00:00+00:00,2006,hard rock,"classic rock, 80s, rock",United Kingdom
user_000054,Mֳ¶tley Crֳ¼e,You'Re All I Need,31,663,365,2009-01-01T00:00:00+00:00,2010-01-01T00:00:00+00:00,1991,hard rock,"heavy metal, hair metal, 80s",United States
user_000054,Backyard Babies,Look At You,34,628,365,2009-01-01T00:00:00+00:00,2010-01-01T00:00:00+00:00,2005,hard rock,"rock, punk rock, swedish",Sweden
user_000054,Metallica,Seek & Destroy,19,616,365,2009-01-01T00:00:00+00:00,2010-01-01T00:00:00+00:00,2021,thrash metal,"heavy metal, metal, hard rock",United States
user_000054,Kiss,Beth,19,562,365,2009-01-01T00:00:00+00:00,2010-01-01T00:00:00+00:00,1996,80s,"rock, 70's, rock",United States
user_000054,Guns N' Roses,My Michelle,15,516,365,2009-01-01T00:00:00+00:00,2010-01-01T00:00:00+00:00,1991,hard rock,"rock, classic rock, 80s",United States
user_000054,Motֳ¶rhead,Overkill,17,504,365,2009-01-01T00:00:00+00:00,2010-01-01T00:00:00+00:00,2005,heavy metal,"hard rock, speed metal, metal",United Kingdom
user_000054,Kings Of Leon,Cold Desert,32,502,365,2009-01-01T00:00:00+00:00,2010-01-01T00:00:00+00:00,2009,rock,"indie, indie rock, alternative",United States
user_000054,The Prodigy,Invaders Must Die,49,502,365,2009-01-01T00:00:00+00:00,2010-01-01T00:00:00+00:00,2017,electronic,"techno, industrial, dance",United Kingdom
user_000054,Hank Williams Iii,Not Everybody Likes Us,27,499,365,2009-01-01T00:00:00+00:00,2010-01-01T00:00:00+00:00,2006,country,"Alt-country, hellbilly, psychobilly",United States
user_000054,Wilco,Red-Eyed And Blue,20,473,365,2009-01-01T00:00:00+00:00,2010-01-01T00:00:00+00:00,,Alt-country,"indie, indie rock, rock",United States
user_000054,Lynyrd Skynyrd,That Smell,22,464,365,2009-01-01T00:00:00+00:00,2010-01-01T00:00:00+00:00,2008,Southern Rock,"classic rock, rock, hard rock",United States
user_000054,Ozzy Osbourne,Shot In The Dark,25,438,365,2009-01-01T00:00:00+00:00,2010-01-01T00:00:00+00:00,1993,heavy metal,"hard rock, metal, classic rock",United Kingdom
user_000055,Zeigeist,Fight With Shattered Mirrors,543,990,365,2009-01-01T00:00:00+00:00,2010-01-01T00:00:00+00:00,2008,electronic,"synthpop, swedish, electropop",Sweden
user_000055,Kylie Minogue,Magnetic Electric [Bonus Track],83,539,365,2009-01-01T00:00:00+00:00,2010-01-01T00:00:00+00:00,2007,pop,"dance, female vocalists, australian",Australia
user_000055,Empire Of The Sun,We Are The People,417,442,365,2009-01-01T00:00:00+00:00,2010-01-01T00:00:00+00:00,2013,electronic,"indie, synthpop, pop",Australia
user_000055,Polarkreis 18,Allein Allein,70,414,365,2009-01-01T00:00:00+00:00,2010-01-01T00:00:00+00:00,2024,electronic,"german, indie, indietronica",Germany
user_000055,Lamb,Cotton Wool (A Guy Called Gerald Mix),13,357,365,2009-01-01T00:00:00+00:00,2010-01-01T00:00:00+00:00,1997,trip-hop,"electronic, chillout, female vocalists",United Kingdom
user_000055,Clint Mansell,Death Is The Road To Awe,50,309,365,2009-01-01T00:00:00+00:00,2010-01-01T00:00:00+00:00,2006,instrumental,"ambient, electronic, Classical",United Kingdom
user_000055,Madonna,Miles Away,202,285,365,2009-01-01T00:00:00+00:00,2010-01-01T00:00:00+00:00,2009,pop,"dance, female vocalists, 80s",United States
user_000055,Cyndi Lauper,Into The Nightlife,32,273,365,2009-01-01T00:00:00+00:00,2010-01-01T00:00:00+00:00,2008,pop,"80s, female vocalists, new wave",United States
user_000055,Crystal Castles,Vanished,37,237,365,2009-01-01T00:00:00+00:00,2010-01-01T00:00:00+00:00,2008,poptron,"electronic, 8-bit, electronica",Canada
user_000055,Rֳ¶yksopp,True To Life,17,225,365,2009-01-01T00:00:00+00:00,2010-01-01T00:00:00+00:00,2009,electronic,"chillout, ambient, norwegian",Norway
user_000055,Blonde Redhead,The Dress,86,201,365,2009-01-01T00:00:00+00:00,2010-01-01T00:00:00+00:00,2007,indie,"indie rock, alternative, female vocalists",United States
user_000055,Shirley Bassey,This Is My Life,11,190,365,2009-01-01T00:00:00+00:00,2010-01-01T00:00:00+00:00,2006,jazz,"soul, female vocalists, pop",United States
user_000055,Grafton Primary,Records For The Righteous,17,178,365,2009-01-01T00:00:00+00:00,2010-01-01T00:00:00+00:00,2008,electronic,"australian, electro, synth electro","Korea, Republic of"
user_000055,Juvelen,Hanna,17,139,365,2009-01-01T00:00:00+00:00,2010-01-01T00:00:00+00:00,2007,electronic,"swedish, pop, indie",Sweden
user_000055,Natalie Portman'S Shaved Head,Me + Yr Daughter,12,139,365,2009-01-01T00:00:00+00:00,2010-01-01T00:00:00+00:00,2009,electronic,"synthpop, indie, electro",United States
user_000056,Robots In Disguise,I'M Hit,49,78,365,2009-01-01T00:00:00+00:00,2010-01-01T00:00:00+00:00,2008,Electroclash,"electronic, female vocalists, electropop",United Kingdom
user_000056,Alice In Videoland,Better Off,6,32,365,2009-01-01T00:00:00+00:00,2010-01-01T00:00:00+00:00,2005,Electroclash,"electronic, synthpop, swedish",Sweden
user_000056,Aqua,Good Morning Sunshine,3,14,365,2009-01-01T00:00:00+00:00,2010-01-01T00:00:00+00:00,2023,pop,"dance, eurodance, 90s",Denmark
user_000056,Fischerspooner,We Need A War,2,13,365,2009-01-01T00:00:00+00:00,2010-01-01T00:00:00+00:00,2005,electronic,"Electroclash, synthpop, electro",United States
user_000056,Yarabi,I Amar,4,13,365,2009-01-01T00:00:00+00:00,2010-01-01T00:00:00+00:00,2011,dance,"pop, Romanian, male vocalists",Romania
user_000056,Calvin Harris,Certified,2,12,365,2009-01-01T00:00:00+00:00,2010-01-01T00:00:00+00:00,2007,electronic,"dance, electro, Disco",United States
user_000056,Morandi,Love Me,5,12,365,2009-01-01T00:00:00+00:00,2010-01-01T00:00:00+00:00,2011,dance,"pop, electronic, Romanian",Italy
user_000056,Lady Gaga,Boys Boys Boys,3,10,365,2009-01-01T00:00:00+00:00,2010-01-01T00:00:00+00:00,2008,pop,"dance, electronic, female vocalists",United States
user_000056,The Faint,Let The Poison Spill From Your Throat,2,10,365,2009-01-01T00:00:00+00:00,2010-01-01T00:00:00+00:00,2003,electronic,"indie, indie rock, dance",United Kingdom
user_000056,Activ,Lucruri Simple,2,9,365,2009-01-01T00:00:00+00:00,2010-01-01T00:00:00+00:00,2005,pop,"dance, Romanian, electronic",Romania
user_000056,The Retrosic,Bomb,3,8,365,2009-01-01T00:00:00+00:00,2010-01-01T00:00:00+00:00,2006,dark electro,"ebm, industrial, electronic",United Kingdom
user_000056,Assemblage 23,30Kft,2,7,365,2009-01-01T00:00:00+00:00,2010-01-01T00:00:00+00:00,2004,ebm,"futurepop, synthpop, industrial",United States
user_000056,T.A.T.U.,Cosmos (Outer Space),1,7,365,2009-01-01T00:00:00+00:00,2010-01-01T00:00:00+00:00,2020,pop,"russian, electronic, female vocalists",Russian Federation
user_000056,Akcent,Let'S Talk About It,2,6,365,2009-01-01T00:00:00+00:00,2010-01-01T00:00:00+00:00,2007,dance,"pop, electronic, Romanian",Romania
user_000056,Ayria,Counterblow,1,6,365,2009-01-01T00:00:00+00:00,2010-01-01T00:00:00+00:00,2005,ebm,"industrial, electronic, synthpop",Canada
user_000063,Opeth,Godhead'S Lament,12,212,365,2009-01-01T00:00:00+00:00,2010-01-01T00:00:00+00:00,1999,Progressive metal,"progressive death metal, death metal, Melodic Death Metal",Sweden
user_000063,Riverside,Before,9,122,365,2009-01-01T00:00:00+00:00,2010-01-01T00:00:00+00:00,2005,Progressive rock,"Progressive metal, polish, Progressive",Cuba
user_000063,Blackfield,Blackfield,19,121,365,2009-01-01T00:00:00+00:00,2010-01-01T00:00:00+00:00,2007,Progressive rock,"melancholic, rock, alternative",United Kingdom
user_000063,Lao Che,Ty Czֵ‚owiek Jesteֵ›?,6,77,365,2009-01-01T00:00:00+00:00,2010-01-01T00:00:00+00:00,2020,alternative,"polish, alternative rock, rock",Poland
user_000063,Sigur Rֳ³s,Innֳ­ Mֳ©r Syngur Vitleysingur,7,64,365,2009-01-01T00:00:00+00:00,2010-01-01T00:00:00+00:00,2016,post-rock,"ambient, icelandic, alternative",Iceland
user_000063,Korpiklaani,Hunting Song,5,62,365,2009-01-01T00:00:00+00:00,2010-01-01T00:00:00+00:00,2005,folk metal,"viking metal, finnish, metal",Finland
user_000063,Poets Of The Fall,Where Do We Draw The Line,9,55,365,2009-01-01T00:00:00+00:00,2010-01-01T00:00:00+00:00,2008,alternative rock,"rock, finnish, alternative",Finland
user_000063,Hunter,Kiedy Umieram,4,51,365,2009-01-01T00:00:00+00:00,2010-01-01T00:00:00+00:00,2004,heavy metal,"polish, metal, thrash metal",United Kingdom
user_000063,Archive,Again,4,49,365,2009-01-01T00:00:00+00:00,2010-01-01T00:00:00+00:00,2003,trip-hop,"electronic, Progressive rock, alternative",United Kingdom
user_000063,System Of A Down,Atwa,4,45,365,2009-01-01T00:00:00+00:00,2010-01-01T00:00:00+00:00,2001,alternative metal,"metal, rock, System of a Down",United States
user_000063,Trivium,Departure,2,45,365,2009-01-01T00:00:00+00:00,2010-01-01T00:00:00+00:00,2005,metalcore,"thrash metal, metal, heavy metal",United States
user_000063,God Is An Astronaut,Beyond The Dying Light,6,41,365,2009-01-01T00:00:00+00:00,2010-01-01T00:00:00+00:00,2007,post-rock,"instrumental, ambient, experimental",Ireland
user_000063,Metallica,Loverman,4,37,365,2009-01-01T00:00:00+00:00,2010-01-01T00:00:00+00:00,1998,thrash metal,"heavy metal, metal, hard rock",United States
user_000063,In Flames,Come Clarity,6,36,365,2009-01-01T00:00:00+00:00,2010-01-01T00:00:00+00:00,2007,Melodic Death Metal,"death metal, metal, swedish",Sweden
user_000063,Coma,Archipelagi,5,35,365,2009-01-01T00:00:00+00:00,2010-01-01T00:00:00+00:00,2008,rock,"polish, alternative rock, polish rock",Poland
user_000064,Thֳ¥strֳ¶m,Kֳ₪rlek ֳ„r Fֳ¶r Dom,79,557,365,2009-01-01T00:00:00+00:00,2010-01-01T00:00:00+00:00,2009,swedish,"singer-songwriter, rock, punk",Sweden
user_000064,Ben Folds,You Don'T Know Me (Feat. Regina Spektor),43,204,365,2009-01-01T00:00:00+00:00,2010-01-01T00:00:00+00:00,2025,singer-songwriter,"piano rock, indie, alternative",United States
user_000064,Dr. Horrible,Brand New Day,19,193,365,2009-01-01T00:00:00+00:00,2010-01-01T00:00:00+00:00,1998,funny,"musical, lovethisartist",United States
user_000064,Volbeat,Maybellene I Hofteholder,62,177,365,2009-01-01T00:00:00+00:00,2010-01-01T00:00:00+00:00,2008,heavy metal,"metal, rockabilly, elvis metal",Denmark
user_000064,Kaiser Chiefs,Ruby,25,151,365,2009-01-01T00:00:00+00:00,2010-01-01T00:00:00+00:00,2009,indie,"indie rock, rock, british",United Kingdom
user_000064,Muse,Hysteria,22,106,365,2009-01-01T00:00:00+00:00,2010-01-01T00:00:00+00:00,2006,alternative rock,"rock, Progressive rock, alternative",United Kingdom
user_000064,The Pillows,Little Busters,20,104,365,2009-01-01T00:00:00+00:00,2010-01-01T00:00:00+00:00,2001,J-rock,"japanese, rock, anime",United Kingdom
user_000064,Stefan Sundstrֳ¶m,Onda Barn,11,90,365,2009-01-01T00:00:00+00:00,2010-01-01T00:00:00+00:00,1997,swedish,"singer-songwriter, rock, folk",Germany
user_000064,The Who,Behind Blue Eyes,27,88,365,2009-01-01T00:00:00+00:00,2010-01-01T00:00:00+00:00,2009,classic rock,"rock, british, 60s",United Kingdom
user_000064,Johnossi,18 Karat Gold,39,86,365,2009-01-01T00:00:00+00:00,2010-01-01T00:00:00+00:00,2008,swedish,"indie rock, indie, rock",Sweden
user_000064,Ebba Grֳ¶n,Die Mauer,9,81,365,2009-01-01T00:00:00+00:00,2010-01-01T00:00:00+00:00,1998,punk,"swedish, Swedish Punk, punk rock",Sweden
user_000064,Flogging Molly,The Light Of A Fading Star,11,78,365,2009-01-01T00:00:00+00:00,2010-01-01T00:00:00+00:00,2004,irish,"punk, folk, punk rock",United States
user_000064,Eldkvarn,Brֳ¶llopssֳ¥ng #1,12,71,365,2009-01-01T00:00:00+00:00,2010-01-01T00:00:00+00:00,2008,swedish,"rock, folk-rock, singer-songwriter",Sweden
user_000064,Morrissey,Let Me Kiss You,11,71,365,2009-01-01T00:00:00+00:00,2010-01-01T00:00:00+00:00,2013,indie,"british, alternative, rock",United Kingdom
user_000064,Rammstein,Rosenrot,17,70,365,2009-01-01T00:00:00+00:00,2010-01-01T00:00:00+00:00,2005,industrial metal,"metal, german, industrial",Germany
user_000065,Death Cab For Cutie,A Diamond And A Tether,9,191,365,2009-01-01T00:00:00+00:00,2010-01-01T00:00:00+00:00,2009,indie,"indie rock, alternative, rock",United States
user_000065,Peter Bjorn And John,Lay It Down,11,150,365,2009-01-01T00:00:00+00:00,2010-01-01T00:00:00+00:00,2009,indie,"swedish, indie pop, indie rock",Sweden
user_000065,Bloc Party,Mercury,13,128,365,2009-01-01T00:00:00+00:00,2010-01-01T00:00:00+00:00,2008,indie,"indie rock, british, alternative",United Kingdom
user_000065,The Decemberists,Days Of Elaine,5,118,365,2009-01-01T00:00:00+00:00,2010-01-01T00:00:00+00:00,2008,indie,"folk, indie rock, alternative",United States
user_000065,Daedelus,My Beau,9,111,365,2009-01-01T00:00:00+00:00,2010-01-01T00:00:00+00:00,2007,electronic,"experimental, idm, ninja tune",United States
user_000065,Jay Brannan,Death Waltz,11,92,365,2009-01-01T00:00:00+00:00,2010-01-01T00:00:00+00:00,2008,acoustic,"singer-songwriter, indie, male vocalists",United States
user_000065,Band Of Horses,Is There A Ghost,12,86,365,2009-01-01T00:00:00+00:00,2010-01-01T00:00:00+00:00,2009,indie,"indie rock, alternative, Alt-country",United States
user_000065,Thomas Newman,April,8,85,365,2009-01-01T00:00:00+00:00,2010-01-01T00:00:00+00:00,2008,instrumental,"ambient, Classical, chillout",United States
user_000065,The Cure,A Forest,7,79,365,2009-01-01T00:00:00+00:00,2010-01-01T00:00:00+00:00,2021,new wave,"post-punk, 80s, alternative",United Kingdom
user_000065,Chromeo,100 Percent,8,75,365,2009-01-01T00:00:00+00:00,2010-01-01T00:00:00+00:00,2007,electronic,"funk, dance, electro",Canada
user_000065,Daft Punk,Digital Love,6,59,365,2009-01-01T00:00:00+00:00,2010-01-01T00:00:00+00:00,1986,electronic,"dance, poptron, House",France
user_000065,Arcade Fire,Une Annֳ©e Sans Lumiֳ¨re,6,57,365,2009-01-01T00:00:00+00:00,2010-01-01T00:00:00+00:00,2005,indie rock,"indie, alternative, Canadian",Australia
user_000065,Jenny Lewis,Handle With Care,5,57,365,2009-01-01T00:00:00+00:00,2010-01-01T00:00:00+00:00,2006,indie,"female vocalists, singer-songwriter, folk",United States
user_000065,Menomena,Muscle'N Flo,8,55,365,2009-01-01T00:00:00+00:00,2010-01-01T00:00:00+00:00,2007,experimental,"indie, indie rock, post-rock",
user_000065,Stars,Reunion (Jason Collett),5,55,365,2009-01-01T00:00:00+00:00,2010-01-01T00:00:00+00:00,2005,indie,"indie pop, Canadian, indie rock",United States
user_000066,Reik,Que Vida La Mia,3,12,365,2009-01-01T00:00:00+00:00,2010-01-01T00:00:00+00:00,2006,pop,"latin pop, latin, spanish",Mexico
user_000066,Amos Lee,"Keep It Loose, Keep It Tight",2,11,365,2009-01-01T00:00:00+00:00,2010-01-01T00:00:00+00:00,2005,singer-songwriter,"folk, soul, acoustic",United States
user_000066,The Album Leaf,Malmo,3,8,365,2009-01-01T00:00:00+00:00,2010-01-01T00:00:00+00:00,2003,post-rock,"ambient, instrumental, electronic",United Kingdom
user_000066,George Winston,Living In The Country,1,5,365,2009-01-01T00:00:00+00:00,2010-01-01T00:00:00+00:00,1998,piano,"new age, instrumental, Classical",United Kingdom
user_000066,Cherry Ghost,Mountain Bird,2,4,365,2009-01-01T00:00:00+00:00,2010-01-01T00:00:00+00:00,2011,indie,"british, indie rock, alternative",Argentina
user_000066,Alan,One,1,3,365,2009-01-01T00:00:00+00:00,2010-01-01T00:00:00+00:00,2009,j-pop,"chinese, female vocalists, C-pop",United States
user_000066,The Maccabees,About Your Dress,2,3,365,2009-01-01T00:00:00+00:00,2010-01-01T00:00:00+00:00,2007,indie,"indie rock, british, alternative",United Kingdom
user_000066,Utada,Easy Breezy,1,3,365,2009-01-01T00:00:00+00:00,2010-01-01T00:00:00+00:00,2004,pop,"japanese, j-pop, female vocalists",
user_000066,Jyongri,Possession,2,2,365,2009-01-01T00:00:00+00:00,2010-01-01T00:00:00+00:00,2007,j-pop,"japanese, female vocalists, pop",Japan
user_000066,Sweetbox,Everything'S Gonna Be Alright (Radio Version 85 Bpm),2,2,365,2009-01-01T00:00:00+00:00,2010-01-01T00:00:00+00:00,1999,pop,"female vocalists, german, rnb",Germany
user_000066,The Cribs,Moving Pictures,1,2,365,2009-01-01T00:00:00+00:00,2010-01-01T00:00:00+00:00,2007,indie rock,"indie, british, alternative",United Kingdom
user_000066,Ani Difranco,Both Hands (2007 Version),1,1,365,2009-01-01T00:00:00+00:00,2010-01-01T00:00:00+00:00,2007,folk,"singer-songwriter, female vocalists, indie",United States
user_000066,As One,Rumours,1,1,365,2009-01-01T00:00:00+00:00,2010-01-01T00:00:00+00:00,2005,Korean,"electronic, techno, k-pop",United Kingdom
user_000066,Attic Lights,Never Get Sick Of The Sea,1,1,365,2009-01-01T00:00:00+00:00,2010-01-01T00:00:00+00:00,2008,indie,"Scottish, pop, indie rock",United Kingdom
user_000066,Belanova,Niֳ±o,1,1,365,2009-01-01T00:00:00+00:00,2010-01-01T00:00:00+00:00,2006,electropop,"pop, mexican, electronic",Mexico
user_000067,Coldplay,Viva La Vida,100,256,365,2009-01-01T00:00:00+00:00,2010-01-01T00:00:00+00:00,2009,alternative,"rock, Coldplay, alternative rock",United Kingdom
user_000067,Jupiter One,Mystery Man,64,163,365,2009-01-01T00:00:00+00:00,2010-01-01T00:00:00+00:00,2008,indie,"indie rock, indie pop, alternative",United States
user_000067,The Bravery,Believe,54,151,365,2009-01-01T00:00:00+00:00,2010-01-01T00:00:00+00:00,2018,indie rock,"indie, rock, alternative",United Kingdom
user_000067,The Killers,Human,20,144,365,2009-01-01T00:00:00+00:00,2010-01-01T00:00:00+00:00,2009,indie rock,"indie, rock, The Killers",United Kingdom
user_000067,Death Cab For Cutie,I Will Possess Your Heart,31,130,365,2009-01-01T00:00:00+00:00,2010-01-01T00:00:00+00:00,2009,indie,"indie rock, alternative, rock",United States
user_000067,Stars,Your Ex-Lover Is Dead (Final Fantasy Remix),30,128,365,2009-01-01T00:00:00+00:00,2010-01-01T00:00:00+00:00,2004,indie,"indie pop, Canadian, indie rock",United States
user_000067,Metric,The Police And The Private,12,127,365,2009-01-01T00:00:00+00:00,2010-01-01T00:00:00+00:00,2005,indie,"indie rock, female vocalists, Canadian",Canada
user_000067,Muse,Supermassive Black Hole,21,115,365,2009-01-01T00:00:00+00:00,2010-01-01T00:00:00+00:00,2006,alternative rock,"rock, alternative, british",United Kingdom
user_000067,Barenaked Ladies,One Week,19,96,365,2009-01-01T00:00:00+00:00,2010-01-01T00:00:00+00:00,2001,rock,"alternative, Canadian, alternative rock",Canada
user_000067,Vanessa Daou,Love Lives In The Dark,5,84,365,2009-01-01T00:00:00+00:00,2010-01-01T00:00:00+00:00,2008,trip-hop,"chillout, female vocalists, jazz",United States
user_000067,Anna Schaad,The Journey,10,81,365,2009-01-01T00:00:00+00:00,2010-01-01T00:00:00+00:00,2022,celtic,"folk, under 2000 listeners, Fusion",Germany
user_000067,The East Village Opera Company,Flower Duet Redux (Lakmֳ©),6,76,365,2009-01-01T00:00:00+00:00,2010-01-01T00:00:00+00:00,2005,Classical,"rock, opera, new york",United Kingdom
user_000067,Editors,An End Has A Start,15,70,365,2009-01-01T00:00:00+00:00,2010-01-01T00:00:00+00:00,,indie rock,"indie, british, alternative",Netherlands
user_000067,Queen,Killer Queen,22,67,365,2009-01-01T00:00:00+00:00,2010-01-01T00:00:00+00:00,1993,classic rock,"rock, hard rock, glam rock",United Kingdom
user_000067,Saint Etienne,A Good Thing,8,59,365,2009-01-01T00:00:00+00:00,2010-01-01T00:00:00+00:00,2008,electronic,"indie pop, pop, female vocalists",United Kingdom
user_000068,Die Fantastischen Vier,Tag Am Meer (Unplugged),135,3249,365,2009-01-01T00:00:00+00:00,2010-01-01T00:00:00+00:00,2003,german,"Hip-Hop, hip hop, deutsch",Germany
user_000068,The Seldom Scene,Will The Circle Be Unbroken,68,2231,365,2009-01-01T00:00:00+00:00,2010-01-01T00:00:00+00:00,1988,bluegrass,"country, folk-country, progressive bluegrass",United States
user_000068,Fettes Brot,Viele Wege Fֳ¼hren Nach Rom,84,1833,365,2009-01-01T00:00:00+00:00,2010-01-01T00:00:00+00:00,2002,hip hop,"german, Hip-Hop, deutsch",Germany
user_000068,Dixie Chicks,Top Of The World,52,1322,365,2009-01-01T00:00:00+00:00,2010-01-01T00:00:00+00:00,2002,country,"female vocalists, folk, bluegrass",United States
user_000068,Johnny Cash,I Still Miss Someone,56,1141,365,2009-01-01T00:00:00+00:00,2010-01-01T00:00:00+00:00,1964,country,"folk, singer-songwriter, classic rock",United States
user_000068,Seeed,Ding,33,763,365,2009-01-01T00:00:00+00:00,2010-01-01T00:00:00+00:00,2006,reggae,"dancehall, german, german reggae",Germany
user_000068,Versbox,Ich Bin Frei,20,705,365,2009-01-01T00:00:00+00:00,2010-01-01T00:00:00+00:00,2003,hip hop,"political, polit rap, german",Germany
user_000068,Jan Delay,Rebecca & Svenja,29,501,365,2009-01-01T00:00:00+00:00,2010-01-01T00:00:00+00:00,2001,german,"funk, reggae, Hip-Hop",Germany
user_000068,Falco,Auf Der Flucht,33,478,365,2009-01-01T00:00:00+00:00,2010-01-01T00:00:00+00:00,2017,pop,"80s, new wave, austrian",Austria
user_000068,Dolly Parton,Before The Next Teardrop Falls,14,440,365,2009-01-01T00:00:00+00:00,2010-01-01T00:00:00+00:00,1996,country,"female vocalists, singer-songwriter, folk",United States
user_000068,Dendemann,Check Mal Die Rhetorik Ab,29,400,365,2009-01-01T00:00:00+00:00,2010-01-01T00:00:00+00:00,2006,hip hop,"german, Hip-Hop, rap",Germany
user_000068,Aleksi Aubry-Carlson,Main Theme,61,359,365,2009-01-01T00:00:00+00:00,2010-01-01T00:00:00+00:00,2019,instrumental,"Classical, Game Music, All",United Kingdom
user_000068,Johnny Cash & June Carter Cash,Brand New Dance,32,339,365,2009-01-01T00:00:00+00:00,2010-01-01T00:00:00+00:00,2006,country,"folk, classic country, 70s",United States
user_000068,The Alan Parsons Project,Pipeline (Instrumental),5,281,365,2009-01-01T00:00:00+00:00,2010-01-01T00:00:00+00:00,2013,Progressive rock,"classic rock, rock, 80s",United Kingdom
user_000068,Stereo Mcs,Connected,16,246,365,2009-01-01T00:00:00+00:00,2010-01-01T00:00:00+00:00,2002,electronic,"dance, Hip-Hop, electronica",Argentina
user_000069,Killswitch Engage,Break The Silence,41,483,365,2009-01-01T00:00:00+00:00,2010-01-01T00:00:00+00:00,2006,metalcore,"metal, Melodic Death Metal, hardcore",United States
user_000069,Disturbed,The Night,68,456,365,2009-01-01T00:00:00+00:00,2010-01-01T00:00:00+00:00,2008,Nu Metal,"metal, hard rock, alternative",United States
user_000069,Coldplay,Violet Hill,59,211,365,2009-01-01T00:00:00+00:00,2010-01-01T00:00:00+00:00,2008,rock,"alternative, britpop, alternative rock",United Kingdom
user_000069,Metallica,Cyanide,47,211,365,2009-01-01T00:00:00+00:00,2010-01-01T00:00:00+00:00,2009,thrash metal,"heavy metal, metal, hard rock",United States
user_000069,Our Last Night,Timing Is Everything,31,204,365,2009-01-01T00:00:00+00:00,2010-01-01T00:00:00+00:00,2008,post-hardcore,"screamo, emocore, hardcore",United States
user_000069,A Day To Remember,A Shot In The Dark,16,51,365,2009-01-01T00:00:00+00:00,2010-01-01T00:00:00+00:00,2009,post-hardcore,"pop punk, hardcore, screamo",United States
user_000069,Jay-Z,D'Evils,9,51,365,2009-01-01T00:00:00+00:00,2010-01-01T00:00:00+00:00,1998,Hip-Hop,"rap, hip hop, east coast rap",United States
user_000069,Dragonforce,Lost Souls In Endless Time,12,48,365,2009-01-01T00:00:00+00:00,2010-01-01T00:00:00+00:00,2005,Power metal,"speed metal, metal, Extreme Power Metal",United Kingdom
user_000069,Jedi Mind Tricks,Rise Of The Machines (Feat. Ras Kass),6,42,365,2009-01-01T00:00:00+00:00,2010-01-01T00:00:00+00:00,2003,Hip-Hop,"underground hip-hop, rap, hip hop",United States
user_000069,The Notorious B.I.G.,Ten Crack Commandments,8,34,365,2009-01-01T00:00:00+00:00,2010-01-01T00:00:00+00:00,1997,Hip-Hop,"rap, Gangsta Rap, east coast rap",United States
user_000069,Ghostface Killah,Assassination Day,2,32,365,2009-01-01T00:00:00+00:00,2010-01-01T00:00:00+00:00,1996,Hip-Hop,"rap, wu-tang, hip hop",United States
user_000069,Death Cab For Cutie,Soul Meets Body,7,31,365,2009-01-01T00:00:00+00:00,2010-01-01T00:00:00+00:00,2011,indie,"indie rock, alternative, rock",United States
user_000069,Gang Starr,All 4 Tha Ca$H,6,30,365,2009-01-01T00:00:00+00:00,2010-01-01T00:00:00+00:00,1999,Hip-Hop,"rap, underground hip-hop, hip hop",United States
user_000069,Guns N' Roses,Riad N' The Bedouins,5,29,365,2009-01-01T00:00:00+00:00,2010-01-01T00:00:00+00:00,2008,hard rock,"rock, classic rock, 80s",United States
user_000069,Az,Ho Happy Jackie,3,27,365,2009-01-01T00:00:00+00:00,2010-01-01T00:00:00+00:00,1995,Hip-Hop,"rap, new york, east coast rap",United States
user_000072,Tiziano Ferro,Alla Mia Etֳ ,46,254,365,2009-01-01T00:00:00+00:00,2010-01-01T00:00:00+00:00,2015,italian,"pop, male vocalists, italian pop",Italy
user_000072,Amy Winehouse,Tears Dry On Their Own,30,163,365,2009-01-01T00:00:00+00:00,2010-01-01T00:00:00+00:00,2007,soul,"jazz, british, pop",United Kingdom
user_000072,Cat Power,Maybe Not,28,161,365,2009-01-01T00:00:00+00:00,2010-01-01T00:00:00+00:00,2023,indie,"female vocalists, singer-songwriter, folk",United States
user_000072,Alanis Morissette,Not As We,38,144,365,2009-01-01T00:00:00+00:00,2010-01-01T00:00:00+00:00,2008,female vocalists,"rock, alternative, singer-songwriter",Canada
user_000072,Augustana,I Still Ain'T Over You,26,131,365,2009-01-01T00:00:00+00:00,2010-01-01T00:00:00+00:00,2007,piano rock,"alternative, indie, alternative rock",United States
user_000072,Garou,You And I,42,128,365,2009-01-01T00:00:00+00:00,2010-01-01T00:00:00+00:00,2008,french,"pop, soft rock, male vocalists",Spain
user_000072,Keane,Black Burning Heart,10,122,365,2009-01-01T00:00:00+00:00,2010-01-01T00:00:00+00:00,2008,britpop,"indie, british, alternative",United Kingdom
user_000072,Ryan Star,Brand New Day,26,112,365,2009-01-01T00:00:00+00:00,2010-01-01T00:00:00+00:00,2010,alternative rock,"rock, singer-songwriter, alternative",United States
user_000072,Civil Twilight,Human,76,103,365,2009-01-01T00:00:00+00:00,2010-01-01T00:00:00+00:00,2009,alternative,"alternative rock, indie rock, indie",South Africa
user_000072,Jason Mraz,I'M Yours,16,97,365,2009-01-01T00:00:00+00:00,2010-01-01T00:00:00+00:00,2007,acoustic,"happy, singer-songwriter, Love",United States
user_000072,Nek,Walking Away (Feat. Craig David),11,92,365,2009-01-01T00:00:00+00:00,2010-01-01T00:00:00+00:00,2009,italian,"pop, rock, male vocalists",Italy
user_000072,Laura Pausini,Primavera In Anticipo (It Is My Song) (Feat. James Blunt),20,86,365,2009-01-01T00:00:00+00:00,2010-01-01T00:00:00+00:00,2008,pop,"italian, female vocalists, italian pop",Italy
user_000072,Grant Lee Buffalo,Happiness,59,82,365,2009-01-01T00:00:00+00:00,2010-01-01T00:00:00+00:00,2001,alternative,"rock, americana, singer-songwriter",United States
user_000072,Sigur Rֳ³s,Heima,13,73,365,2009-01-01T00:00:00+00:00,2010-01-01T00:00:00+00:00,2008,post-rock,"ambient, icelandic, alternative",Iceland
user_000072,Tori Amos,Sleeps With Butterflies,4,69,365,2009-01-01T00:00:00+00:00,2010-01-01T00:00:00+00:00,2006,female vocalists,"singer-songwriter, alternative, piano",United States
user_000074,Radiohead,Up On The Ladder,23,543,365,2009-01-01T00:00:00+00:00,2010-01-01T00:00:00+00:00,2010,rock,"alternative, alternative rock, indie",United Kingdom
user_000074,Tori Amos,Welcome To England,41,455,365,2009-01-01T00:00:00+00:00,2010-01-01T00:00:00+00:00,2009,female vocalists,"singer-songwriter, alternative, piano",United States
user_000074,Moderat,A New Error,49,443,365,2009-01-01T00:00:00+00:00,2010-01-01T00:00:00+00:00,2009,electronic,"idm, techno, glitch",Germany
user_000074,Thom Yorke,And It Rained All Night (Burial Remix),44,280,365,2009-01-01T00:00:00+00:00,2010-01-01T00:00:00+00:00,2006,electronic,"experimental, alternative, indie",United Kingdom
user_000074,Rֳ¶yksopp,The Girl And The Robot,54,248,365,2009-01-01T00:00:00+00:00,2010-01-01T00:00:00+00:00,2009,electronic,"chillout, ambient, norwegian",Norway
user_000074,Antony And The Johnsons,Kiss My Name,33,217,365,2009-01-01T00:00:00+00:00,2010-01-01T00:00:00+00:00,2009,singer-songwriter,"chamber pop, indie, alternative",United Kingdom
user_000074,Hauschka,Freibad,23,196,365,2009-01-01T00:00:00+00:00,2010-01-01T00:00:00+00:00,2008,piano,"ambient, instrumental, contemporary classical",Germany
user_000074,Ludovico Einaudi,Farewell To The Past,17,187,365,2009-01-01T00:00:00+00:00,2010-01-01T00:00:00+00:00,2002,piano,"Classical, contemporary classical, instrumental",Italy
user_000074,Alif Tree,Solitude'S Song,10,186,365,2009-01-01T00:00:00+00:00,2010-01-01T00:00:00+00:00,2013,trip-hop,"downtempo, nu-jazz, electronic",France
user_000074,John Parish & Polly Jean Harvey,Black Hearted Love,30,157,365,2009-01-01T00:00:00+00:00,2010-01-01T00:00:00+00:00,2009,alternative,"rock, female vocalists, singer-songwriter",United States
user_000074,Vangelis,Blush Response,15,144,365,2009-01-01T00:00:00+00:00,2010-01-01T00:00:00+00:00,2000,electronic,"new age, ambient, instrumental",Greece
user_000074,Rachel'S,Systems/Layers,6,132,365,2009-01-01T00:00:00+00:00,2010-01-01T00:00:00+00:00,2003,post-rock,"instrumental, ambient, Classical",United Kingdom
user_000074,Boards Of Canada,Wildlife Analysis,9,131,365,2009-01-01T00:00:00+00:00,2010-01-01T00:00:00+00:00,1996,ambient,"electronic, idm, chillout",United Kingdom
user_000074,Lady Gaga,Just Dance,20,127,365,2009-01-01T00:00:00+00:00,2010-01-01T00:00:00+00:00,2012,dance,"pop, Lady Gaga, electronic",United States
user_000074,Bjֳ¶rk,All Is Full Of Love,4,120,365,2009-01-01T00:00:00+00:00,2010-01-01T00:00:00+00:00,2002,electronic,"experimental, alternative, female vocalists",Iceland
user_000075,Cat Power,Ice Water,31,279,365,2009-01-01T00:00:00+00:00,2010-01-01T00:00:00+00:00,2017,indie,"female vocalists, singer-songwriter, folk",United States
user_000075,Josֳ© Gonzֳ¡lez,Heartbeats,17,229,365,2009-01-01T00:00:00+00:00,2010-01-01T00:00:00+00:00,2008,acoustic,"chillout, indie, Mellow",Sweden
user_000075,Pearl Jam,Breath,4,138,365,2009-01-01T00:00:00+00:00,2010-01-01T00:00:00+00:00,1993,Grunge,"rock, alternative rock, 90s",United States
user_000075,The Black Heart Procession,The Letter,19,133,365,2009-01-01T00:00:00+00:00,2010-01-01T00:00:00+00:00,2006,indie,"indie rock, post-rock, alternative",United States
user_000075,Bonnie 'Prince' Billy,Wolf Among Wolves,17,117,365,2009-01-01T00:00:00+00:00,2010-01-01T00:00:00+00:00,2012,folk,"singer-songwriter, Alt-country, indie",United States
user_000075,The Afghan Whigs,Omerta,23,91,365,2009-01-01T00:00:00+00:00,2010-01-01T00:00:00+00:00,1998,alternative rock,"rock, alternative, indie rock",United Kingdom
user_000075,John Frusciante,Scratches,7,90,365,2009-01-01T00:00:00+00:00,2010-01-01T00:00:00+00:00,2004,experimental,"alternative, singer-songwriter, rock",United States
user_000075,Mazzy Star,Blue Flower,6,90,365,2009-01-01T00:00:00+00:00,2010-01-01T00:00:00+00:00,1993,dream pop,"shoegaze, female vocalists, indie",United States
user_000075,This Will Destroy You,Happiness: We'Re All In It Together,16,70,365,2009-01-01T00:00:00+00:00,2010-01-01T00:00:00+00:00,2005,post-rock,"instrumental, ambient, experimental",United States
user_000075,Woven Hand,Deerskin Doll,8,69,365,2009-01-01T00:00:00+00:00,2010-01-01T00:00:00+00:00,2012,Alt-country,"folk, folk rock, singer-songwriter",United States
user_000075,Dave Matthews Band,Grey Street,20,68,365,2009-01-01T00:00:00+00:00,2010-01-01T00:00:00+00:00,2014,rock,"alternative, alternative rock, Acoustic Rock",United States
user_000075,The Twilight Singers,Esta Noche,6,68,365,2009-01-01T00:00:00+00:00,2010-01-01T00:00:00+00:00,2011,alternative rock,"alternative, indie rock, rock",United States
user_000075,Alice In Chains,Real Thing,17,62,365,2009-01-01T00:00:00+00:00,2010-01-01T00:00:00+00:00,2016,Grunge,"alternative rock, rock, hard rock",United States
user_000075,The God Machine,Boy By The Roadside,5,60,365,2009-01-01T00:00:00+00:00,2010-01-01T00:00:00+00:00,1994,alternative rock,"alternative metal, alternative, Stoner Rock",United States
user_000075,16 Horsepower,Silver Saddle,11,59,365,2009-01-01T00:00:00+00:00,2010-01-01T00:00:00+00:00,2001,Alt-country,"folk, americana, country",United States
user_000079,Tori Amos,Dragon,25,577,365,2009-01-01T00:00:00+00:00,2010-01-01T00:00:00+00:00,2010,female vocalists,"singer-songwriter, alternative, piano",United States
user_000079,Metric,Gimme Sympathy,17,253,365,2009-01-01T00:00:00+00:00,2010-01-01T00:00:00+00:00,2009,indie,"indie rock, female vocalists, Canadian",Canada
user_000079,Bjֳ¶rk,Cocoon,4,152,365,2009-01-01T00:00:00+00:00,2010-01-01T00:00:00+00:00,,electronic,"experimental, alternative, female vocalists",Iceland
user_000079,Nick Cave & The Bad Seeds,Today'S Lesson,6,152,365,2009-01-01T00:00:00+00:00,2010-01-01T00:00:00+00:00,2014,post-punk,"rock, alternative, singer-songwriter",Australia
user_000079,Kristin Hersh,Deep Wilson,3,145,365,2009-01-01T00:00:00+00:00,2010-01-01T00:00:00+00:00,2003,female vocalists,"singer-songwriter, indie, alternative",United States
user_000079,Garbage,Bad Boyfriend,8,92,365,2009-01-01T00:00:00+00:00,2010-01-01T00:00:00+00:00,2005,rock,"alternative, alternative rock, female vocalists",United States
user_000079,Morrissey,Black Cloud,9,89,365,2009-01-01T00:00:00+00:00,2010-01-01T00:00:00+00:00,2009,indie,"british, alternative, rock",United Kingdom
user_000079,The Geraldine Fibbers,Get Thee Gone,6,85,365,2009-01-01T00:00:00+00:00,2010-01-01T00:00:00+00:00,1994,Alt-country,"indie, rock, indie rock",United States
user_000079,Camille,Money Note,10,79,365,2009-01-01T00:00:00+00:00,2010-01-01T00:00:00+00:00,2008,french,"female vocalists, singer-songwriter, chanson francaise",France
user_000079,Mark Lanegan,Carry Home,2,68,365,2009-01-01T00:00:00+00:00,2010-01-01T00:00:00+00:00,1999,singer-songwriter,"rock, Grunge, blues",United States
user_000079,Butthole Surfers,Graveyard,4,67,365,2009-01-01T00:00:00+00:00,2010-01-01T00:00:00+00:00,1989,noise rock,"alternative, psychedelic, punk",United States
user_000079,Claire Diterzi,T.O.C,4,65,365,2009-01-01T00:00:00+00:00,2010-01-01T00:00:00+00:00,2006,french,"female vocalists, chanson francaise, singer-songwriter",France
user_000079,Maria Mckee,(You Don'T Know) How Glad I Am,4,62,365,2009-01-01T00:00:00+00:00,2010-01-01T00:00:00+00:00,2005,country,"female vocalists, singer-songwriter, rock",United States
user_000079,Kate Bush,A Coral Room,4,61,365,2009-01-01T00:00:00+00:00,2010-01-01T00:00:00+00:00,2005,female vocalists,"singer-songwriter, pop, alternative",United Kingdom
user_000079,Sun Kil Moon,Carry Me Ohio,6,61,365,2009-01-01T00:00:00+00:00,2010-01-01T00:00:00+00:00,2003,singer-songwriter,"folk, beautiful, Alt-country",United States
user_000082,Bat For Lashes,Trophy,32,255,365,2009-01-01T00:00:00+00:00,2010-01-01T00:00:00+00:00,2009,indie,"female vocalists, alternative, folk",United Kingdom
user_000082,My Brightest Diamond,Something Of An End,27,146,365,2009-01-01T00:00:00+00:00,2010-01-01T00:00:00+00:00,2006,female vocalists,"indie, singer-songwriter, folk",United States
user_000082,Soap&Skin,Thanatos,41,143,365,2009-01-01T00:00:00+00:00,2010-01-01T00:00:00+00:00,2009,experimental,"piano, female vocalists, singer-songwriter",Austria
user_000082,Emilֳ­ana Torrini,Thinking Out Loud,23,140,365,2009-01-01T00:00:00+00:00,2010-01-01T00:00:00+00:00,2005,icelandic,"female vocalists, trip-hop, singer-songwriter",Iceland
user_000082,Beirut,Nantes,18,103,365,2009-01-01T00:00:00+00:00,2010-01-01T00:00:00+00:00,2007,folk,"indie, indie folk, singer-songwriter",United States
user_000082,Ladyhawke,Magic,28,94,365,2009-01-01T00:00:00+00:00,2010-01-01T00:00:00+00:00,2012,electronic,"indie, female vocalists, new wave",New Zealand
user_000082,Nouvelle Vague,Don'T Go,5,85,365,2009-01-01T00:00:00+00:00,2010-01-01T00:00:00+00:00,2008,Bossa Nova,"french, chillout, female vocalists",France
user_000082,Iamx,Nature Of Inviting,5,63,365,2009-01-01T00:00:00+00:00,2010-01-01T00:00:00+00:00,2009,electronic,"synthpop, alternative, Electroclash",Germany
user_000082,Sufjan Stevens,All The Trees Of The Field Will Clap Their Hands,8,63,365,2009-01-01T00:00:00+00:00,2010-01-01T00:00:00+00:00,2004,folk,"indie, singer-songwriter, alternative",United States
user_000082,Devendra Banhart,Heard Somebody Say,3,51,365,2009-01-01T00:00:00+00:00,2010-01-01T00:00:00+00:00,2005,folk,"singer-songwriter, freak folk, indie",United States
user_000082,Fever Ray,Coconut,5,46,365,2009-01-01T00:00:00+00:00,2010-01-01T00:00:00+00:00,2009,electronic,"ambient, swedish, female vocalists",United States
user_000082,Angus And Julia Stone,Private Lawns,21,44,365,2009-01-01T00:00:00+00:00,2010-01-01T00:00:00+00:00,2006,folk,"indie, acoustic, australian",Australia
user_000082,Antony And The Johnsons,Hope There'S Someone,7,43,365,2009-01-01T00:00:00+00:00,2010-01-01T00:00:00+00:00,2005,singer-songwriter,"chamber pop, indie, alternative",United Kingdom
user_000082,Louise Attaque,J'T'Emmֳ¨ne Au Vent,2,39,365,2009-01-01T00:00:00+00:00,2010-01-01T00:00:00+00:00,1997,french,"rock, chanson francaise, rock francais",France
user_000082,Ladytron,Cease2Xist,3,38,365,2009-01-01T00:00:00+00:00,2010-01-01T00:00:00+00:00,2002,electronic,"Electroclash, synthpop, electropop",United Kingdom
user_000083,Pearl Jam,Better Man,15,327,365,2009-01-01T00:00:00+00:00,2010-01-01T00:00:00+00:00,1995,Grunge,"rock, alternative rock, 90s",United States
user_000083,Morphine,All Wrong,11,238,365,2009-01-01T00:00:00+00:00,2010-01-01T00:00:00+00:00,1993,jazz,"alternative, blues, rock",United States
user_000083,Less Than Jake,Look What Happened,13,175,365,2009-01-01T00:00:00+00:00,2010-01-01T00:00:00+00:00,2000,ska punk,"ska, punk, punk rock",United States
user_000083,Johann Sebastian Bach,Cello Suite No. 1: Prelude,23,121,365,2009-01-01T00:00:00+00:00,2010-01-01T00:00:00+00:00,1997,Classical,"baroque, instrumental, german",Germany
user_000083,Carter Burwell,Bella'S Lullaby,9,116,365,2009-01-01T00:00:00+00:00,2010-01-01T00:00:00+00:00,2009,instrumental,"ambient, composers, movie score",United States
user_000083,Nirvana,Lithium,9,93,365,2009-01-01T00:00:00+00:00,2010-01-01T00:00:00+00:00,1994,Grunge,"rock, 90s, alternative",United States
user_000083,Hans Zimmer,Sorrow,15,74,365,2009-01-01T00:00:00+00:00,2010-01-01T00:00:00+00:00,2000,instrumental,"Classical, composer, german",United States
user_000083,Black Sabbath,Rock & Roll Doctor,3,68,365,2009-01-01T00:00:00+00:00,2010-01-01T00:00:00+00:00,1991,heavy metal,"hard rock, classic rock, metal",United Kingdom
user_000083,Whitesnake,Crying In The Rain,2,67,365,2009-01-01T00:00:00+00:00,2010-01-01T00:00:00+00:00,1982,hard rock,"classic rock, 80s, rock",United Kingdom
user_000083,Res Corporales,Petminutishest,10,66,365,2009-01-01T00:00:00+00:00,2010-01-01T00:00:00+00:00,2007,Love it,,United States
user_000083,Alice In Chains,Man In The Box,5,65,365,2009-01-01T00:00:00+00:00,2010-01-01T00:00:00+00:00,2013,Grunge,"rock, 90s, hard rock",United States
user_000083,Postgirobygget,Bohemen Leve,7,64,365,2009-01-01T00:00:00+00:00,2010-01-01T00:00:00+00:00,1996,norwegian,"rock, norsk, pop rock",
user_000083,Violent Femmes,Add It Up,7,63,365,2009-01-01T00:00:00+00:00,2010-01-01T00:00:00+00:00,2002,alternative,"alternative rock, indie, rock",United States
user_000083,Pj Harvey,O Stella,17,58,365,2009-01-01T00:00:00+00:00,2010-01-01T00:00:00+00:00,1993,female vocalists,"alternative, singer-songwriter, rock",United Kingdom
user_000083,Ac/Dc,Big Gun,6,48,365,2009-01-01T00:00:00+00:00,2010-01-01T00:00:00+00:00,2011,hard rock,"classic rock, rock, heavy metal",Australia
user_000084,Britney Spears,If U Seek Amy,290,1749,365,2009-01-01T00:00:00+00:00,2010-01-01T00:00:00+00:00,2021,pop,"dance, Britney Spears, F-U-C-K me",United States
user_000084,Lady Gaga,Lovegame,125,429,365,2009-01-01T00:00:00+00:00,2010-01-01T00:00:00+00:00,2017,dance,"pop, Lady Gaga, electropop",United States
user_000084,Kanye West,Heartless,36,226,365,2009-01-01T00:00:00+00:00,2010-01-01T00:00:00+00:00,2008,hip hop,"Kanye West, Hip-Hop, rap",United Kingdom
user_000084,3Oh!3,Don'T Trust Me,79,200,365,2009-01-01T00:00:00+00:00,2010-01-01T00:00:00+00:00,2008,electronic,"Hip-Hop, Crunk, electronica",United States
user_000084,Shiny Toy Guns,Ghost Town,24,143,365,2009-01-01T00:00:00+00:00,2010-01-01T00:00:00+00:00,2008,electronic,"indie, rock, electronica",United States
user_000084,The Black Eyed Peas,Boom Boom Pow,42,143,365,2009-01-01T00:00:00+00:00,2010-01-01T00:00:00+00:00,2012,dance,"hip hop, pop, Hip-Hop",United States
user_000084,The Ting Tings,We Walk,54,141,365,2009-01-01T00:00:00+00:00,2010-01-01T00:00:00+00:00,2008,indie,"electronic, british, electropop",United Kingdom
user_000084,Metro Station,Shake It,38,106,365,2009-01-01T00:00:00+00:00,2010-01-01T00:00:00+00:00,2009,dance,"electronic, indie, powerpop",United States
user_000084,Cut Copy,Lights And Music,14,79,365,2009-01-01T00:00:00+00:00,2010-01-01T00:00:00+00:00,2008,electronic,"indie, australian, electro",Australia
user_000084,Flo Rida,Low (Feat. T-Pain),33,78,365,2009-01-01T00:00:00+00:00,2010-01-01T00:00:00+00:00,2008,Hip-Hop,"Flo Rida, rap, dance",United States
user_000084,Matt Pokora,Catch Me If You Can,15,77,365,2009-01-01T00:00:00+00:00,2010-01-01T00:00:00+00:00,2008,rnb,"pop, Hip-Hop, french",France
user_000084,Ne-Yo,Closer,69,69,365,2009-01-01T00:00:00+00:00,2010-01-01T00:00:00+00:00,2008,rnb,"Ne-Yo, dance, pop",United States
user_000084,P!Nk,Sober,22,54,365,2009-01-01T00:00:00+00:00,2010-01-01T00:00:00+00:00,2021,pop,"pop rock, female vocalists, rock",United States
user_000084,The Pussycat Dolls,Bottle Pop (Feat. Snoop Dogg),42,49,365,2009-01-01T00:00:00+00:00,2010-01-01T00:00:00+00:00,2009,pop,"rnb, dance, female vocalists",United States
user_000084,Paramore,Decode,10,38,365,2009-01-01T00:00:00+00:00,2010-01-01T00:00:00+00:00,2008,rock,"twilight, Paramore, alternative",United States
user_000085,Kanda Kodֵ¾a I Nebojֵ¡a,S.A.T.,49,303,365,2009-01-01T00:00:00+00:00,2010-01-01T00:00:00+00:00,1998,reggae,"serbian, dub, alternative",Serbia
user_000085,Eyesburn,Agony,21,229,365,2009-01-01T00:00:00+00:00,2010-01-01T00:00:00+00:00,2003,reggae,"hardcore, crossover, serbian",Serbia
user_000085,Mano Negra,Love And Hate,10,220,365,2009-01-01T00:00:00+00:00,2010-01-01T00:00:00+00:00,1994,ska,"alternative, latin, rock",France
user_000085,Flobots,Handlebars,21,168,365,2009-01-01T00:00:00+00:00,2010-01-01T00:00:00+00:00,2008,Hip-Hop,"political, indie, hip hop",United States
user_000085,Dubioza Kolektiv,Marijuana,11,162,365,2009-01-01T00:00:00+00:00,2010-01-01T00:00:00+00:00,2006,dub,"reggae, Bosnian, ska",Bosnia and Herzegovina
user_000085,Rage Against The Machine,People Of The Sun,5,101,365,2009-01-01T00:00:00+00:00,2010-01-01T00:00:00+00:00,1996,alternative rock,"rock, alternative, political",United States
user_000085,The Mars Volta,Inertiatic Esp,23,90,365,2009-01-01T00:00:00+00:00,2010-01-01T00:00:00+00:00,2003,Progressive rock,"experimental, rock, alternative",United States
user_000085,The Offspring,Burn It Up,3,80,365,2009-01-01T00:00:00+00:00,2010-01-01T00:00:00+00:00,1995,punk rock,"punk, rock, alternative rock",United States
user_000085,Antenat,Buldoֵ¾er,7,78,365,2009-01-01T00:00:00+00:00,2010-01-01T00:00:00+00:00,2008,reggae,"ska, dub, Sub Reggae",
user_000085,Manu Chao,A Cosa_Rip_By_Fuckin_Rockerazo! 2007,4,71,365,2009-01-01T00:00:00+00:00,2010-01-01T00:00:00+00:00,2007,reggae,"latin, ska, world",France
user_000085,Drum'N'Zez,Palacinka,20,65,365,2009-01-01T00:00:00+00:00,2010-01-01T00:00:00+00:00,2007,reggae,"ska, world, Serbia",Serbia
user_000085,Le Peuple De L'Herbe,Dopebeats,4,61,365,2009-01-01T00:00:00+00:00,2010-01-01T00:00:00+00:00,2007,dub,"electronic, french, Drum and bass",France
user_000085,Rise Against,06-Rise_Against-Prayer_Of_The_Refugee_Www.File24Ever.Com,3,47,365,2009-01-01T00:00:00+00:00,2010-01-01T00:00:00+00:00,2007,punk rock,"melodic hardcore, punk, hardcore",United States
user_000085,Queens Of The Stone Age,A Song For The Dead,2,46,365,2009-01-01T00:00:00+00:00,2010-01-01T00:00:00+00:00,2002,Stoner Rock,"alternative rock, rock, hard rock",United States
user_000085,Amadou & Mariam,Sabali,5,44,365,2009-01-01T00:00:00+00:00,2010-01-01T00:00:00+00:00,2008,african,"world, mali, africa",Mali
user_000086,The Doors,Strange Days,8,92,365,2009-01-01T00:00:00+00:00,2010-01-01T00:00:00+00:00,2006,classic rock,"Psychedelic Rock, rock, 60s",United States
user_000086,Isobel Campbell & Mark Lanegan,Deus Ibi Est,6,78,365,2009-01-01T00:00:00+00:00,2010-01-01T00:00:00+00:00,2006,folk,"singer-songwriter, indie, alternative",United States
user_000086,Franz Ferdinand,Ulysses (Album Version),6,64,365,2009-01-01T00:00:00+00:00,2010-01-01T00:00:00+00:00,2009,indie rock,"indie, rock, alternative",Austria
user_000086,Carla Bruni,Le Plus Beau Du Quartier,6,52,365,2009-01-01T00:00:00+00:00,2010-01-01T00:00:00+00:00,2002,french,"female vocalists, singer-songwriter, chanson",France
user_000086,The Dresden Dolls,Bad Habit,3,48,365,2009-01-01T00:00:00+00:00,2010-01-01T00:00:00+00:00,,punk cabaret,"cabaret, alternative, female vocalists",United States
user_000086,Nick Cave & The Bad Seeds,Papa Won'T Leave You Henry,3,40,365,2009-01-01T00:00:00+00:00,2010-01-01T00:00:00+00:00,2013,post-punk,"rock, alternative, singer-songwriter",Australia
user_000086,Santogold,Lights Out,5,39,365,2009-01-01T00:00:00+00:00,2010-01-01T00:00:00+00:00,2008,electronic,"indie, alternative, female vocalists",
user_000086,Squirrel Nut Zippers,Hell,4,36,365,2009-01-01T00:00:00+00:00,2010-01-01T00:00:00+00:00,1998,swing,"jazz, Retro Swing, Retro",United States
user_000086,David Bowie,Time,5,35,365,2009-01-01T00:00:00+00:00,2010-01-01T00:00:00+00:00,2015,glam rock,"rock, classic rock, 80s",Germany
user_000086,Hot Chip,Out At The Pictures,4,33,365,2009-01-01T00:00:00+00:00,2010-01-01T00:00:00+00:00,2008,electronic,"indie, electropop, electronica",United Kingdom
user_000086,The Velvet Underground,After Hours,3,33,365,2009-01-01T00:00:00+00:00,2010-01-01T00:00:00+00:00,2020,psychedelic,"rock, classic rock, proto-punk",United States
user_000086,Grinderman,Grinderman,4,32,365,2009-01-01T00:00:00+00:00,2010-01-01T00:00:00+00:00,2007,Garage Rock,"rock, alternative rock, alternative",United Kingdom
user_000086,Beck,Loser,3,30,365,2009-01-01T00:00:00+00:00,2010-01-01T00:00:00+00:00,2016,alternative,"90s, indie, rock",Germany
user_000086,The Whitest Boy Alive,Burning,4,30,365,2009-01-01T00:00:00+00:00,2010-01-01T00:00:00+00:00,2006,indie,"electronic, indie pop, norwegian",Germany
user_000086,Feist,One Two Three Four,4,29,365,2009-01-01T00:00:00+00:00,2010-01-01T00:00:00+00:00,2008,female vocalists,"indie, singer-songwriter, Canadian",Canada
user_000087,Morphine,A Head With Wings,17,465,365,2009-01-01T00:00:00+00:00,2010-01-01T00:00:00+00:00,2000,jazz,"alternative, blues, rock",United States
user_000087,Lamb Of God,11Th Hour,11,304,365,2009-01-01T00:00:00+00:00,2010-01-01T00:00:00+00:00,2005,groove metal,"metalcore, thrash metal, metal",United States
user_000087,Mindless Self Indulgence,Diabolical,12,297,365,2009-01-01T00:00:00+00:00,2010-01-01T00:00:00+00:00,1999,industrial,"industrial jungle pussy punk, electronic, punk",United States
user_000087,Babyshambles,Fuck Forever,15,267,365,2009-01-01T00:00:00+00:00,2010-01-01T00:00:00+00:00,2005,british,"indie, indie rock, rock",United Kingdom
user_000087,Serj Tankian,Empty Walls,22,245,365,2009-01-01T00:00:00+00:00,2010-01-01T00:00:00+00:00,2007,alternative metal,"alternative rock, alternative, rock",Ukraine
user_000087,Elektryczne Gitary,Jestem Z Miasta,13,181,365,2009-01-01T00:00:00+00:00,2010-01-01T00:00:00+00:00,2014,rock,"polish, alternative rock, polish rock",Poland
user_000087,Renton,Hey Girl,21,173,365,2009-01-01T00:00:00+00:00,2010-01-01T00:00:00+00:00,2008,polish,"indie rock, indie, alternative",Poland
user_000087,The Offspring,All I Want,10,171,365,2009-01-01T00:00:00+00:00,2010-01-01T00:00:00+00:00,2021,punk rock,"punk, rock, alternative rock",United States
user_000087,Prototypes,Danse Sur La Merde,28,143,365,2009-01-01T00:00:00+00:00,2010-01-01T00:00:00+00:00,2004,french,"indie, electronic, pop",France
user_000087,Oasis,Wonderwall,7,141,365,2009-01-01T00:00:00+00:00,2010-01-01T00:00:00+00:00,1996,britpop,"rock, 90s, alternative",United Kingdom
user_000087,Pantera,Cowboys From Hell,12,117,365,2009-01-01T00:00:00+00:00,2010-01-01T00:00:00+00:00,1993,thrash metal,"groove metal, metal, heavy metal",Colombia
user_000087,Exodus,44 Magnum Opus,6,57,365,2009-01-01T00:00:00+00:00,2010-01-01T00:00:00+00:00,2005,thrash metal,"speed metal, metal, heavy metal",United States
user_000087,Anti-Flag,Mind The G.A.T.T.,3,40,365,2009-01-01T00:00:00+00:00,2010-01-01T00:00:00+00:00,2003,punk rock,"punk, political punk, political",United States
user_000087,Dֵ¼em,Maֵ‚a Aleja Rֳ³ֵ¼,3,38,365,2009-01-01T00:00:00+00:00,2010-01-01T00:00:00+00:00,2000,blues,"blues rock, polish, rock",Poland
user_000087,The Prodigy,Death Of The Prodigy Dancers,2,37,365,2009-01-01T00:00:00+00:00,2010-01-01T00:00:00+00:00,1992,electronic,"techno, industrial, dance",United Kingdom
