model,user_id,time_window_days,profile_type,total_claims,unsupported_claims,unsupported_claim_rate,claimed_genres,unsupported_genres,claimed_countries,unsupported_countries,claimed_years,unsupported_years,claimed_artists,unsupported_artists,genre_token_coverage
gemini,user_000001,30,user_facing,15,5,0.3333333333333333,11,3,2,0,0,0,2,2,0.21621621621621623
gemini,user_000001,30,rec_optimized,22,1,0.045454545454545456,15,1,1,0,0,0,6,0,0.40540540540540543
gemini,user_000001,90,user_facing,12,2,0.16666666666666666,9,1,2,0,0,0,1,1,0.21428571428571427
gemini,user_000001,90,rec_optimized,35,4,0.11428571428571428,26,3,3,0,0,0,6,1,0.6428571428571429
gemini,user_000001,180,user_facing,14,3,0.21428571428571427,11,1,1,0,0,0,2,2,0.3076923076923077
gemini,user_000001,180,rec_optimized,33,6,0.18181818181818182,24,5,1,0,0,0,8,1,0.5128205128205128
gemini,user_000001,365,user_facing,13,2,0.15384615384615385,8,0,3,0,0,0,2,2,0.20512820512820512
gemini,user_000001,365,rec_optimized,36,6,0.16666666666666666,26,5,3,0,0,0,7,1,0.5897435897435898
gemini,user_000002,30,user_facing,12,4,0.3333333333333333,10,2,0,0,0,0,2,2,0.25925925925925924
gemini,user_000002,30,rec_optimized,28,6,0.21428571428571427,12,1,4,0,2,2,10,3,0.37037037037037035
gemini,user_000002,90,user_facing,17,7,0.4117647058823529,11,4,3,0,0,0,3,3,0.2962962962962963
gemini,user_000002,90,rec_optimized,44,13,0.29545454545454547,33,11,1,0,0,0,10,2,0.7777777777777778
gemini,user_000002,180,user_facing,17,5,0.29411764705882354,12,3,0,0,0,0,5,2,0.3333333333333333
gemini,user_000002,180,rec_optimized,42,10,0.23809523809523808,29,7,0,0,0,0,13,3,0.7037037037037037
gemini,user_000002,365,user_facing,15,5,0.3333333333333333,13,3,0,0,0,0,2,2,0.37037037037037035
gemini,user_000002,365,rec_optimized,35,8,0.22857142857142856,27,6,0,0,0,0,8,2,0.6666666666666666
gemini,user_000003,30,user_facing,13,1,0.07692307692307693,9,0,1,0,0,0,3,1,0.21875
gemini,user_000003,30,rec_optimized,39,7,0.1794871794871795,27,5,1,0,0,0,11,2,0.625
gemini,user_000003,90,user_facing,16,1,0.0625,10,0,0,0,0,0,6,1,0.3103448275862069
gemini,user_000003,90,rec_optimized,30,1,0.03333333333333333,18,0,2,0,0,0,10,1,0.5517241379310345
gemini,user_000003,180,user_facing,17,3,0.17647058823529413,11,1,4,0,0,0,2,2,0.3103448275862069
gemini,user_000003,180,rec_optimized,25,1,0.04,17,0,2,0,0,0,6,1,0.4827586206896552
gemini,user_000003,365,user_facing,13,1,0.07692307692307693,10,1,0,0,0,0,3,0,0.27586206896551724
gemini,user_000003,365,rec_optimized,24,2,0.08333333333333333,15,1,2,0,0,0,7,1,0.41379310344827586
gemini,user_000004,30,user_facing,17,5,0.29411764705882354,12,3,3,0,0,0,2,2,0.45454545454545453
gemini,user_000004,30,rec_optimized,31,10,0.3225806451612903,24,8,2,0,0,0,5,2,0.8181818181818182
gemini,user_000004,90,user_facing,10,2,0.2,7,1,2,0,0,0,1,1,0.2857142857142857
gemini,user_000004,90,rec_optimized,27,8,0.2962962962962963,20,7,2,0,1,0,4,1,0.4642857142857143
gemini,user_000004,180,user_facing,9,2,0.2222222222222222,7,1,1,0,0,0,1,1,0.2857142857142857
gemini,user_000004,180,rec_optimized,28,8,0.2857142857142857,21,7,2,0,1,0,4,1,0.5
gemini,user_000004,365,user_facing,10,3,0.3,5,1,1,0,2,0,2,2,0.21428571428571427
gemini,user_000004,365,rec_optimized,28,7,0.25,16,5,1,0,2,1,9,1,0.42857142857142855
gemini,user_000005,30,user_facing,12,2,0.16666666666666666,8,1,0,0,0,0,4,1,0.26666666666666666
gemini,user_000005,30,rec_optimized,23,4,0.17391304347826086,22,4,0,0,0,0,1,0,0.5666666666666667
gemini,user_000005,90,user_facing,12,3,0.25,8,2,0,0,0,0,4,1,0.25
gemini,user_000005,90,rec_optimized,31,4,0.12903225806451613,20,4,0,0,0,0,11,0,0.59375
gemini,user_000005,180,user_facing,17,5,0.29411764705882354,10,3,0,0,0,0,7,2,0.21621621621621623
gemini,user_000005,180,rec_optimized,40,12,0.3,30,10,5,0,0,0,5,2,0.6486486486486487
gemini,user_000005,365,user_facing,18,7,0.3888888888888889,15,4,0,0,0,0,3,3,0.3783783783783784
gemini,user_000005,365,rec_optimized,27,3,0.1111111111111111,16,2,2,0,0,0,9,1,0.4594594594594595
gemini,user_000008,30,user_facing,14,5,0.35714285714285715,6,2,0,0,0,0,8,3,0.15625
gemini,user_000008,30,rec_optimized,32,11,0.34375,24,9,1,0,0,0,7,2,0.46875
gemini,user_000008,90,user_facing,13,3,0.23076923076923078,8,2,0,0,0,0,5,1,0.1388888888888889
gemini,user_000008,90,rec_optimized,28,7,0.25,18,5,2,0,1,0,7,2,0.3333333333333333
gemini,user_000008,180,user_facing,18,5,0.2777777777777778,13,4,0,0,0,0,5,1,0.24324324324324326
gemini,user_000008,180,rec_optimized,38,10,0.2631578947368421,27,9,3,0,0,0,8,1,0.4864864864864865
gemini,user_000008,365,user_facing,10,3,0.3,7,1,1,0,0,0,2,2,0.16216216216216217
gemini,user_000008,365,rec_optimized,37,8,0.21621621621621623,23,7,3,0,5,0,6,1,0.43243243243243246
gemini,user_000009,30,user_facing,15,4,0.26666666666666666,11,2,2,0,0,0,2,2,0.2
gemini,user_000009,30,rec_optimized,27,6,0.2222222222222222,22,5,2,0,0,0,3,1,0.43333333333333335
gemini,user_000009,90,user_facing,16,4,0.25,10,2,4,0,0,0,2,2,0.16129032258064516
gemini,user_000009,90,rec_optimized,27,3,0.1111111111111111,14,2,4,0,0,0,9,1,0.25806451612903225
gemini,user_000009,180,user_facing,13,2,0.15384615384615385,8,1,1,0,0,0,4,1,0.16
gemini,user_000009,180,rec_optimized,29,5,0.1724137931034483,19,5,1,0,0,0,9,0,0.4
gemini,user_000009,365,user_facing,24,5,0.20833333333333334,18,3,4,0,0,0,2,2,0.36
gemini,user_000009,365,rec_optimized,37,8,0.21621621621621623,28,7,2,0,0,0,7,1,0.6
gemini,user_000012,30,user_facing,13,4,0.3076923076923077,9,2,2,0,0,0,2,2,0.21212121212121213
gemini,user_000012,30,rec_optimized,21,4,0.19047619047619047,14,3,3,0,0,0,4,1,0.3333333333333333
gemini,user_000012,90,user_facing,14,3,0.21428571428571427,9,1,3,0,0,0,2,2,0.18181818181818182
gemini,user_000012,90,rec_optimized,36,6,0.16666666666666666,26,5,1,0,0,0,9,1,0.4772727272727273
gemini,user_000012,180,user_facing,19,5,0.2631578947368421,13,4,1,0,0,0,5,1,0.23809523809523808
gemini,user_000012,180,rec_optimized,42,14,0.3333333333333333,34,12,0,0,0,0,8,2,0.5
gemini,user_000012,365,user_facing,15,4,0.26666666666666666,10,2,3,0,0,0,2,2,0.16666666666666666
gemini,user_000012,365,rec_optimized,44,13,0.29545454545454547,33,12,0,0,0,0,11,1,0.4523809523809524
gemini,user_000015,30,user_facing,14,5,0.35714285714285715,13,4,0,0,0,0,1,1,0.32142857142857145
gemini,user_000015,30,rec_optimized,39,8,0.20512820512820512,31,7,0,0,1,0,7,1,0.8571428571428571
gemini,user_000015,90,user_facing,19,5,0.2631578947368421,12,4,6,0,0,0,1,1,0.2962962962962963
gemini,user_000015,90,rec_optimized,29,8,0.27586206896551724,25,7,0,0,0,0,4,1,0.5925925925925926
gemini,user_000015,180,user_facing,13,3,0.23076923076923078,12,2,0,0,0,0,1,1,0.38461538461538464
gemini,user_000015,180,rec_optimized,24,4,0.16666666666666666,19,4,0,0,0,0,5,0,0.46153846153846156
gemini,user_000015,365,user_facing,15,4,0.26666666666666666,14,3,0,0,0,0,1,1,0.34615384615384615
gemini,user_000015,365,rec_optimized,29,4,0.13793103448275862,21,4,0,0,0,0,8,0,0.5769230769230769
gemini,user_000016,30,user_facing,14,4,0.2857142857142857,13,3,0,0,0,0,1,1,0.2857142857142857
gemini,user_000016,30,rec_optimized,35,8,0.22857142857142856,22,7,0,0,0,0,13,1,0.42857142857142855
gemini,user_000016,90,user_facing,10,1,0.1,10,1,0,0,0,0,0,0,0.2916666666666667
gemini,user_000016,90,rec_optimized,25,4,0.16,12,3,1,0,0,0,12,1,0.2916666666666667
gemini,user_000016,180,user_facing,12,5,0.4166666666666667,10,3,0,0,0,0,2,2,0.2608695652173913
gemini,user_000016,180,rec_optimized,19,4,0.21052631578947367,11,3,1,0,0,0,7,1,0.30434782608695654
gemini,user_000016,365,user_facing,10,2,0.2,10,2,0,0,0,0,0,0,0.2608695652173913
gemini,user_000016,365,rec_optimized,23,4,0.17391304347826086,11,3,1,0,0,0,11,1,0.2608695652173913
gemini,user_000017,30,user_facing,9,1,0.1111111111111111,6,0,2,0,0,0,1,1,0.30434782608695654
gemini,user_000017,30,rec_optimized,24,5,0.20833333333333334,16,4,2,0,0,0,6,1,0.6086956521739131
gemini,user_000017,90,user_facing,12,3,0.25,6,1,1,0,0,0,5,2,0.2631578947368421
gemini,user_000017,90,rec_optimized,21,6,0.2857142857142857,9,4,1,0,0,0,11,2,0.3684210526315789
gemini,user_000017,180,user_facing,11,3,0.2727272727272727,7,1,2,0,0,0,2,2,0.4
gemini,user_000017,180,rec_optimized,23,6,0.2608695652173913,9,3,2,0,0,0,12,3,0.4
gemini,user_000017,365,user_facing,14,2,0.14285714285714285,10,1,1,0,0,0,3,1,0.5333333333333333
gemini,user_000017,365,rec_optimized,23,4,0.17391304347826086,10,1,1,0,0,0,12,3,0.5333333333333333
gemini,user_000020,30,user_facing,15,4,0.26666666666666666,9,2,2,0,2,0,2,2,0.2857142857142857
gemini,user_000020,30,rec_optimized,40,8,0.2,22,6,1,0,0,0,17,2,0.7619047619047619
gemini,user_000020,90,user_facing,11,2,0.18181818181818182,7,0,2,0,0,0,2,2,0.21739130434782608
gemini,user_000020,90,rec_optimized,35,7,0.2,27,6,2,0,0,0,6,1,0.8695652173913043
gemini,user_000020,180,user_facing,11,1,0.09090909090909091,6,0,1,0,2,0,2,1,0.21739130434782608
gemini,user_000020,180,rec_optimized,33,6,0.18181818181818182,23,5,2,0,4,0,4,1,0.6956521739130435
gemini,user_000020,365,user_facing,12,2,0.16666666666666666,9,1,1,0,0,0,2,1,0.30434782608695654
gemini,user_000020,365,rec_optimized,34,9,0.2647058823529412,28,8,2,0,0,0,4,1,0.8260869565217391
gemini,user_000021,30,user_facing,18,6,0.3333333333333333,17,5,0,0,0,0,1,1,0.375
gemini,user_000021,30,rec_optimized,40,15,0.375,34,13,1,0,0,0,5,2,0.75
gemini,user_000021,90,user_facing,21,6,0.2857142857142857,17,4,0,0,2,0,2,2,0.42105263157894735
gemini,user_000021,90,rec_optimized,36,8,0.2222222222222222,29,6,1,0,2,0,4,2,0.8947368421052632
gemini,user_000021,180,user_facing,20,6,0.3,19,5,0,0,0,0,1,1,0.5454545454545454
gemini,user_000021,180,rec_optimized,42,9,0.21428571428571427,34,8,2,0,5,0,1,1,1.0
gemini,user_000021,365,user_facing,21,7,0.3333333333333333,20,6,0,0,0,0,1,1,0.4090909090909091
gemini,user_000021,365,rec_optimized,29,5,0.1724137931034483,22,5,2,0,0,0,5,0,0.5454545454545454
gemini,user_000022,30,user_facing,17,8,0.47058823529411764,13,6,2,0,0,0,2,2,0.1724137931034483
gemini,user_000022,30,rec_optimized,38,11,0.2894736842105263,32,10,3,0,0,0,3,1,0.7931034482758621
gemini,user_000022,90,user_facing,18,9,0.5,15,7,1,0,0,0,2,2,0.1935483870967742
gemini,user_000022,90,rec_optimized,32,14,0.4375,30,13,1,0,0,0,1,1,0.5806451612903226
gemini,user_000022,180,user_facing,16,7,0.4375,6,2,5,0,2,2,3,3,0.10344827586206896
gemini,user_000022,180,rec_optimized,39,14,0.358974358974359,32,12,3,0,0,0,4,2,0.6896551724137931
gemini,user_000022,365,user_facing,11,3,0.2727272727272727,8,2,2,0,0,0,1,1,0.1724137931034483
gemini,user_000022,365,rec_optimized,43,14,0.32558139534883723,33,12,2,0,0,0,8,2,0.7241379310344828
gemini,user_000023,30,user_facing,16,2,0.125,10,1,0,0,0,0,6,1,0.25
gemini,user_000023,30,rec_optimized,29,4,0.13793103448275862,17,2,1,0,0,0,11,2,0.4
gemini,user_000023,90,user_facing,15,1,0.06666666666666667,10,1,0,0,0,0,5,0,0.23684210526315788
gemini,user_000023,90,rec_optimized,28,4,0.14285714285714285,15,1,1,0,0,0,12,3,0.42105263157894735
gemini,user_000023,180,user_facing,7,1,0.14285714285714285,7,1,0,0,0,0,0,0,0.20930232558139536
gemini,user_000023,180,rec_optimized,29,6,0.20689655172413793,21,4,1,0,0,0,7,2,0.5116279069767442
gemini,user_000023,365,user_facing,13,3,0.23076923076923078,10,1,1,0,0,0,2,2,0.20930232558139536
gemini,user_000023,365,rec_optimized,30,5,0.16666666666666666,20,3,1,0,0,0,9,2,0.46511627906976744
gemini,user_000024,30,user_facing,14,5,0.35714285714285715,14,5,0,0,0,0,0,0,0.4666666666666667
gemini,user_000024,30,rec_optimized,24,7,0.2916666666666667,16,7,1,0,0,0,7,0,0.4666666666666667
gemini,user_000024,90,user_facing,14,5,0.35714285714285715,9,2,1,0,0,0,4,3,0.26666666666666666
gemini,user_000024,90,rec_optimized,39,14,0.358974358974359,26,13,1,0,8,0,4,1,0.8666666666666667
gemini,user_000024,180,user_facing,9,2,0.2222222222222222,3,0,0,0,0,0,6,2,0.15384615384615385
gemini,user_000024,180,rec_optimized,25,7,0.28,15,6,2,0,3,0,5,1,0.5384615384615384
gemini,user_000024,365,user_facing,10,3,0.3,5,0,2,0,0,0,3,3,0.23076923076923078
gemini,user_000024,365,rec_optimized,32,13,0.40625,24,12,2,0,0,0,6,1,1.0
gemini,user_000025,30,user_facing,15,3,0.2,10,0,2,0,0,0,3,3,0.2571428571428571
gemini,user_000025,30,rec_optimized,29,5,0.1724137931034483,19,3,2,0,0,0,8,2,0.4
gemini,user_000025,90,user_facing,20,4,0.2,13,2,0,0,0,0,7,2,0.2857142857142857
gemini,user_000025,90,rec_optimized,34,8,0.23529411764705882,22,6,4,0,1,0,7,2,0.42857142857142855
gemini,user_000025,180,user_facing,15,4,0.26666666666666666,13,2,0,0,0,0,2,2,0.2857142857142857
gemini,user_000025,180,rec_optimized,26,4,0.15384615384615385,17,3,0,0,0,0,9,1,0.34285714285714286
gemini,user_000025,365,user_facing,14,3,0.21428571428571427,9,0,2,0,0,0,3,3,0.22857142857142856
gemini,user_000025,365,rec_optimized,43,13,0.3023255813953488,28,11,2,0,3,0,10,2,0.45714285714285713
gemini,user_000029,30,user_facing,10,2,0.2,5,0,1,0,0,0,4,2,0.2
gemini,user_000029,30,rec_optimized,23,5,0.21739130434782608,13,1,2,0,1,0,7,4,0.52
gemini,user_000029,90,user_facing,16,4,0.25,7,0,2,0,0,0,7,4,0.2727272727272727
gemini,user_000029,90,rec_optimized,22,3,0.13636363636363635,9,0,2,0,0,0,11,3,0.3181818181818182
gemini,user_000029,180,user_facing,14,3,0.21428571428571427,7,0,2,0,2,0,3,3,0.2608695652173913
gemini,user_000029,180,rec_optimized,34,5,0.14705882352941177,17,1,3,0,0,0,14,4,0.7391304347826086
gemini,user_000029,365,user_facing,16,4,0.25,7,0,2,0,0,0,7,4,0.2608695652173913
gemini,user_000029,365,rec_optimized,21,3,0.14285714285714285,7,0,2,0,0,0,12,3,0.2608695652173913
gemini,user_000030,30,user_facing,14,4,0.2857142857142857,7,1,3,0,1,0,3,3,0.19047619047619047
gemini,user_000030,30,rec_optimized,52,16,0.3076923076923077,40,14,3,0,1,0,8,2,0.6190476190476191
gemini,user_000030,90,user_facing,12,4,0.3333333333333333,10,2,0,0,0,0,2,2,0.2857142857142857
gemini,user_000030,90,rec_optimized,27,7,0.25925925925925924,20,5,0,0,0,0,7,2,0.6071428571428571
gemini,user_000030,180,user_facing,8,2,0.25,5,0,1,0,0,0,2,2,0.21428571428571427
gemini,user_000030,180,rec_optimized,37,8,0.21621621621621623,21,5,3,1,0,0,13,2,0.6428571428571429
gemini,user_000030,365,user_facing,14,5,0.35714285714285715,11,2,0,0,0,0,3,3,0.32142857142857145
gemini,user_000030,365,rec_optimized,29,7,0.2413793103448276,22,5,2,0,0,0,5,2,0.6785714285714286
gemini,user_000031,30,user_facing,16,5,0.3125,12,3,0,0,0,0,4,2,0.2682926829268293
gemini,user_000031,30,rec_optimized,26,8,0.3076923076923077,22,7,1,0,0,0,3,1,0.3902439024390244
gemini,user_000031,90,user_facing,8,1,0.125,5,0,0,0,0,0,3,1,0.175
gemini,user_000031,90,rec_optimized,29,6,0.20689655172413793,20,5,2,0,0,0,7,1,0.4
gemini,user_000031,180,user_facing,30,9,0.3,18,7,2,0,0,0,10,2,0.36585365853658536
gemini,user_000031,180,rec_optimized,38,8,0.21052631578947367,27,8,0,0,0,0,11,0,0.5365853658536586
gemini,user_000031,365,user_facing,7,1,0.14285714285714285,3,0,1,0,0,0,3,1,0.12195121951219512
gemini,user_000031,365,rec_optimized,31,6,0.1935483870967742,23,5,1,0,0,0,7,1,0.4878048780487805
gemini,user_000033,30,user_facing,21,9,0.42857142857142855,18,8,2,0,0,0,1,1,0.39285714285714285
gemini,user_000033,30,rec_optimized,45,13,0.28888888888888886,33,11,3,0,0,0,9,2,0.8571428571428571
gemini,user_000033,90,user_facing,15,3,0.2,11,2,3,0,0,0,1,1,0.34615384615384615
gemini,user_000033,90,rec_optimized,36,9,0.25,24,8,3,0,0,0,9,1,0.6538461538461539
gemini,user_000033,180,user_facing,13,4,0.3076923076923077,6,2,3,0,0,0,4,2,0.19230769230769232
gemini,user_000033,180,rec_optimized,47,19,0.40425531914893614,38,18,3,0,0,0,6,1,0.8461538461538461
gemini,user_000033,365,user_facing,10,3,0.3,5,1,3,0,0,0,2,2,0.19230769230769232
gemini,user_000033,365,rec_optimized,43,16,0.37209302325581395,33,15,3,0,0,0,7,1,0.7692307692307693
gemini,user_000035,30,user_facing,11,1,0.09090909090909091,9,0,1,0,0,0,1,1,0.2222222222222222
gemini,user_000035,30,rec_optimized,36,7,0.19444444444444445,28,7,1,0,0,0,7,0,0.5833333333333334
gemini,user_000035,90,user_facing,7,0,0.0,6,0,1,0,0,0,0,0,0.21052631578947367
gemini,user_000035,90,rec_optimized,31,4,0.12903225806451613,25,4,1,0,0,0,5,0,0.631578947368421
gemini,user_000035,180,user_facing,12,2,0.16666666666666666,10,1,1,0,0,0,1,1,0.2857142857142857
gemini,user_000035,180,rec_optimized,27,4,0.14814814814814814,25,3,1,0,0,0,1,1,0.7142857142857143
gemini,user_000035,365,user_facing,12,2,0.16666666666666666,8,1,1,0,2,0,1,1,0.22857142857142856
gemini,user_000035,365,rec_optimized,32,4,0.125,25,4,1,0,3,0,3,0,0.6857142857142857
gemini,user_000036,30,user_facing,14,3,0.21428571428571427,11,1,1,0,0,0,2,2,0.18421052631578946
gemini,user_000036,30,rec_optimized,28,6,0.21428571428571427,21,5,2,0,0,0,5,1,0.3684210526315789
gemini,user_000036,90,user_facing,14,1,0.07142857142857142,8,0,3,0,0,0,3,1,0.21052631578947367
gemini,user_000036,90,rec_optimized,35,6,0.17142857142857143,30,6,3,0,0,0,2,0,0.5789473684210527
gemini,user_000036,180,user_facing,19,2,0.10526315789473684,11,0,3,0,0,0,5,2,0.2702702702702703
gemini,user_000036,180,rec_optimized,29,1,0.034482758620689655,21,1,4,0,0,0,4,0,0.5405405405405406
gemini,user_000036,365,user_facing,6,1,0.16666666666666666,6,1,0,0,0,0,0,0,0.10810810810810811
gemini,user_000036,365,rec_optimized,25,0,0.0,18,0,3,0,0,0,4,0,0.4594594594594595
gemini,user_000037,30,user_facing,11,1,0.09090909090909091,5,0,4,0,1,0,1,1,0.16216216216216217
gemini,user_000037,30,rec_optimized,38,5,0.13157894736842105,31,5,2,0,1,0,4,0,0.8108108108108109
gemini,user_000037,90,user_facing,12,2,0.16666666666666666,5,0,5,0,0,0,2,2,0.20588235294117646
gemini,user_000037,90,rec_optimized,31,6,0.1935483870967742,23,4,2,0,0,0,6,2,0.6470588235294118
gemini,user_000037,180,user_facing,10,2,0.2,3,0,5,0,0,0,2,2,0.125
gemini,user_000037,180,rec_optimized,37,7,0.1891891891891892,24,5,3,0,0,0,10,2,0.6875
gemini,user_000037,365,user_facing,10,2,0.2,7,0,1,0,0,0,2,2,0.25
gemini,user_000037,365,rec_optimized,24,5,0.20833333333333334,17,3,1,0,0,0,6,2,0.5
gemini,user_000038,30,user_facing,7,2,0.2857142857142857,7,2,0,0,0,0,0,0,0.29411764705882354
gemini,user_000038,30,rec_optimized,21,1,0.047619047619047616,8,1,2,0,3,0,8,0,0.4117647058823529
gemini,user_000038,90,user_facing,15,6,0.4,14,5,0,0,0,0,1,1,0.4
gemini,user_000038,90,rec_optimized,24,4,0.16666666666666666,18,4,0,0,0,0,6,0,0.7
gemini,user_000038,180,user_facing,12,4,0.3333333333333333,9,3,0,0,2,0,1,1,0.35
gemini,user_000038,180,rec_optimized,34,5,0.14705882352941177,15,4,6,0,2,1,11,0,0.6
gemini,user_000038,365,user_facing,6,0,0.0,5,0,1,0,0,0,0,0,0.3
gemini,user_000038,365,rec_optimized,28,3,0.10714285714285714,15,3,2,0,0,0,11,0,0.65
gemini,user_000040,30,user_facing,12,3,0.25,7,1,3,0,0,0,2,2,0.2
gemini,user_000040,30,rec_optimized,39,14,0.358974358974359,36,14,3,0,0,0,0,0,0.8333333333333334
gemini,user_000040,90,user_facing,16,6,0.375,11,4,3,0,0,0,2,2,0.22580645161290322
gemini,user_000040,90,rec_optimized,39,10,0.2564102564102564,27,8,6,1,0,0,6,1,0.7096774193548387
gemini,user_000040,180,user_facing,13,5,0.38461538461538464,9,3,2,0,0,0,2,2,0.2727272727272727
gemini,user_000040,180,rec_optimized,28,4,0.14285714285714285,20,4,0,0,0,0,8,0,0.8181818181818182
gemini,user_000040,365,user_facing,15,5,0.3333333333333333,12,4,2,0,0,0,1,1,0.4090909090909091
gemini,user_000040,365,rec_optimized,38,9,0.23684210526315788,26,7,0,0,0,0,12,2,0.9545454545454546
gemini,user_000041,30,user_facing,8,1,0.125,7,0,0,0,0,0,1,1,0.29411764705882354
gemini,user_000041,30,rec_optimized,21,2,0.09523809523809523,15,2,2,0,0,0,4,0,0.47058823529411764
gemini,user_000041,90,user_facing,9,1,0.1111111111111111,5,0,3,0,0,0,1,1,0.14285714285714285
gemini,user_000041,90,rec_optimized,21,1,0.047619047619047616,10,0,3,0,0,0,8,1,0.3142857142857143
gemini,user_000041,180,user_facing,10,0,0.0,4,0,0,0,0,0,6,0,0.15384615384615385
gemini,user_000041,180,rec_optimized,19,1,0.05263157894736842,7,0,4,0,0,0,8,1,0.3076923076923077
gemini,user_000041,365,user_facing,10,1,0.1,8,0,1,0,0,0,1,1,0.3076923076923077
gemini,user_000041,365,rec_optimized,21,1,0.047619047619047616,9,0,1,0,2,0,9,1,0.34615384615384615
gemini,user_000044,30,user_facing,15,5,0.3333333333333333,14,4,0,0,0,0,1,1,0.23684210526315788
gemini,user_000044,30,rec_optimized,35,5,0.14285714285714285,23,5,2,0,0,0,10,0,0.5526315789473685
gemini,user_000044,90,user_facing,19,7,0.3684210526315789,14,5,3,0,0,0,2,2,0.24242424242424243
gemini,user_000044,90,rec_optimized,33,7,0.21212121212121213,24,6,1,0,0,0,8,1,0.5757575757575758
gemini,user_000044,180,user_facing,20,6,0.3,15,4,3,0,0,0,2,2,0.2727272727272727
gemini,user_000044,180,rec_optimized,22,2,0.09090909090909091,12,1,0,0,0,0,10,1,0.3333333333333333
gemini,user_000044,365,user_facing,18,6,0.3333333333333333,16,5,1,0,0,0,1,1,0.2727272727272727
gemini,user_000044,365,rec_optimized,33,4,0.12121212121212122,20,3,1,0,0,0,12,1,0.5151515151515151
gemini,user_000046,30,user_facing,15,1,0.06666666666666667,11,1,1,0,0,0,3,0,0.2
gemini,user_000046,30,rec_optimized,48,12,0.25,43,11,1,0,0,0,4,1,0.7142857142857143
gemini,user_000046,90,user_facing,20,4,0.2,19,3,0,0,0,0,1,1,0.46153846153846156
gemini,user_000046,90,rec_optimized,42,9,0.21428571428571427,26,5,2,0,0,0,14,4,0.5769230769230769
gemini,user_000046,180,user_facing,18,6,0.3333333333333333,10,3,5,0,0,0,3,3,0.23076923076923078
gemini,user_000046,180,rec_optimized,32,4,0.125,21,2,2,0,0,0,9,2,0.5769230769230769
gemini,user_000046,365,user_facing,21,4,0.19047619047619047,17,3,0,0,0,0,4,1,0.34615384615384615
gemini,user_000046,365,rec_optimized,54,11,0.2037037037037037,35,7,5,0,0,0,14,4,0.8461538461538461
gemini,user_000053,30,user_facing,15,0,0.0,4,0,4,0,0,0,7,0,0.12121212121212122
gemini,user_000053,30,rec_optimized,26,3,0.11538461538461539,11,1,4,0,0,0,11,2,0.2727272727272727
gemini,user_000053,90,user_facing,10,2,0.2,9,1,0,0,0,0,1,1,0.21428571428571427
gemini,user_000053,90,rec_optimized,25,3,0.12,18,1,2,0,0,0,5,2,0.4523809523809524
gemini,user_000053,180,user_facing,15,5,0.3333333333333333,12,2,0,0,0,0,3,3,0.275
gemini,user_000053,180,rec_optimized,30,5,0.16666666666666666,22,3,1,0,0,0,7,2,0.525
gemini,user_000053,365,user_facing,11,3,0.2727272727272727,9,1,0,0,0,0,2,2,0.225
gemini,user_000053,365,rec_optimized,34,6,0.17647058823529413,26,4,3,0,0,0,5,2,0.55
gemini,user_000054,30,user_facing,14,4,0.2857142857142857,14,4,0,0,0,0,0,0,0.36
gemini,user_000054,30,rec_optimized,29,3,0.10344827586206896,15,2,2,0,0,0,12,1,0.48
gemini,user_000054,90,user_facing,11,2,0.18181818181818182,8,1,2,0,0,0,1,1,0.25
gemini,user_000054,90,rec_optimized,25,6,0.24,19,4,2,0,0,0,4,2,0.5833333333333334
gemini,user_000054,180,user_facing,9,2,0.2222222222222222,5,0,2,0,0,0,2,2,0.2
gemini,user_000054,180,rec_optimized,26,4,0.15384615384615385,15,2,2,0,0,0,9,2,0.52
gemini,user_000054,365,user_facing,14,4,0.2857142857142857,12,2,0,0,0,0,2,2,0.4
gemini,user_000054,365,rec_optimized,24,4,0.16666666666666666,15,2,2,0,0,0,7,2,0.52
gemini,user_000055,30,user_facing,11,2,0.18181818181818182,7,0,2,0,0,0,2,2,0.18421052631578946
gemini,user_000055,30,rec_optimized,30,4,0.13333333333333333,19,2,3,0,1,0,7,2,0.47368421052631576
gemini,user_000055,90,user_facing,11,2,0.18181818181818182,8,1,2,0,0,0,1,1,0.25
gemini,user_000055,90,rec_optimized,28,5,0.17857142857142858,23,4,1,0,0,0,4,1,0.6875
gemini,user_000055,180,user_facing,14,2,0.14285714285714285,8,1,3,0,0,0,3,1,0.25
gemini,user_000055,180,rec_optimized,21,1,0.047619047619047616,18,1,2,0,0,0,1,0,0.59375
gemini,user_000055,365,user_facing,10,2,0.2,6,1,3,0,0,0,1,1,0.1875
gemini,user_000055,365,rec_optimized,36,8,0.2222222222222222,31,7,3,0,1,0,1,1,0.84375
gemini,user_000056,30,user_facing,9,1,0.1111111111111111,9,1,0,0,0,0,0,0,0.24242424242424243
gemini,user_000056,30,rec_optimized,31,2,0.06451612903225806,20,1,2,0,0,0,9,1,0.5757575757575758
gemini,user_000056,90,user_facing,9,2,0.2222222222222222,5,0,2,0,0,0,2,2,0.20689655172413793
gemini,user_000056,90,rec_optimized,30,7,0.23333333333333334,23,6,2,0,0,0,5,1,0.6551724137931034
gemini,user_000056,180,user_facing,8,1,0.125,6,0,1,0,0,0,1,1,0.3181818181818182
gemini,user_000056,180,rec_optimized,25,3,0.12,10,1,3,0,0,0,12,2,0.45454545454545453
gemini,user_000056,365,user_facing,12,2,0.16666666666666666,8,0,2,0,0,0,2,2,0.4090909090909091
gemini,user_000056,365,rec_optimized,32,9,0.28125,25,6,4,0,0,0,3,3,0.9090909090909091
gemini,user_000063,30,user_facing,23,5,0.21739130434782608,16,3,5,0,0,0,2,2,0.3225806451612903
gemini,user_000063,30,rec_optimized,36,6,0.16666666666666666,24,5,3,0,0,0,9,1,0.4838709677419355
gemini,user_000063,90,user_facing,14,1,0.07142857142857142,9,0,3,0,0,0,2,1,0.19230769230769232
gemini,user_000063,90,rec_optimized,41,9,0.21951219512195122,34,6,1,0,0,0,6,3,0.9230769230769231
gemini,user_000063,180,user_facing,14,2,0.14285714285714285,8,0,4,0,0,0,2,2,0.21428571428571427
gemini,user_000063,180,rec_optimized,37,4,0.10810810810810811,24,2,4,0,0,0,9,2,0.6428571428571429
gemini,user_000063,365,user_facing,15,2,0.13333333333333333,9,0,4,0,0,0,2,2,0.25
gemini,user_000063,365,rec_optimized,37,7,0.1891891891891892,26,5,4,0,0,0,7,2,0.5714285714285714
gemini,user_000064,30,user_facing,17,6,0.35294117647058826,13,4,2,0,0,0,2,2,0.25925925925925924
gemini,user_000064,30,rec_optimized,41,12,0.2926829268292683,32,11,3,0,0,0,6,1,0.6296296296296297
gemini,user_000064,90,user_facing,12,2,0.16666666666666666,9,0,1,0,0,0,2,2,0.2692307692307692
gemini,user_000064,90,rec_optimized,34,7,0.20588235294117646,22,6,2,0,2,0,8,1,0.46153846153846156
gemini,user_000064,180,user_facing,15,1,0.06666666666666667,11,0,0,0,0,0,4,1,0.3076923076923077
gemini,user_000064,180,rec_optimized,41,8,0.1951219512195122,27,7,2,0,0,0,12,1,0.5769230769230769
gemini,user_000064,365,user_facing,10,1,0.1,9,0,0,0,0,0,1,1,0.2692307692307692
gemini,user_000064,365,rec_optimized,36,8,0.2222222222222222,30,8,0,0,0,0,6,0,0.6538461538461539
gemini,user_000065,30,user_facing,8,1,0.125,5,0,2,0,0,0,1,1,0.15625
gemini,user_000065,30,rec_optimized,43,13,0.3023255813953488,31,12,1,0,1,0,10,1,0.65625
gemini,user_000065,90,user_facing,12,3,0.25,7,1,3,0,0,0,2,2,0.17647058823529413
gemini,user_000065,90,rec_optimized,35,10,0.2857142857142857,23,8,3,0,0,0,9,2,0.47058823529411764
gemini,user_000065,180,user_facing,17,5,0.29411764705882354,13,3,2,0,0,0,2,2,0.2857142857142857
gemini,user_000065,180,rec_optimized,39,14,0.358974358974359,32,13,2,0,0,0,5,1,0.6
gemini,user_000065,365,user_facing,15,4,0.26666666666666666,9,2,4,0,0,0,2,2,0.17142857142857143
gemini,user_000065,365,rec_optimized,36,10,0.2777777777777778,27,9,3,0,0,0,6,1,0.5428571428571428
gemini,user_000066,30,user_facing,13,4,0.3076923076923077,12,3,0,0,0,0,1,1,0.38095238095238093
gemini,user_000066,30,rec_optimized,26,5,0.19230769230769232,16,4,1,0,0,0,9,1,0.5238095238095238
gemini,user_000066,90,user_facing,9,2,0.2222222222222222,8,1,0,0,0,0,1,1,0.20588235294117646
gemini,user_000066,90,rec_optimized,37,13,0.35135135135135137,30,13,1,0,0,0,6,0,0.5294117647058824
gemini,user_000066,180,user_facing,10,3,0.3,6,1,0,0,0,0,4,2,0.17647058823529413
gemini,user_000066,180,rec_optimized,36,10,0.2777777777777778,26,9,0,0,0,0,10,1,0.5294117647058824
gemini,user_000066,365,user_facing,14,6,0.42857142857142855,11,4,1,0,0,0,2,2,0.23529411764705882
gemini,user_000066,365,rec_optimized,33,10,0.30303030303030304,22,9,1,0,0,0,10,1,0.4411764705882353
gemini,user_000067,30,user_facing,11,2,0.18181818181818182,6,0,3,0,0,0,2,2,0.2727272727272727
gemini,user_000067,30,rec_optimized,24,5,0.20833333333333334,16,3,2,0,0,0,6,2,0.6363636363636364
gemini,user_000067,90,user_facing,13,2,0.15384615384615385,8,0,3,0,0,0,2,2,0.28
gemini,user_000067,90,rec_optimized,36,4,0.1111111111111111,18,2,3,0,2,0,13,2,0.6
gemini,user_000067,180,user_facing,15,2,0.13333333333333333,7,0,2,0,0,0,6,2,0.2413793103448276
gemini,user_000067,180,rec_optimized,25,3,0.12,14,2,2,0,0,0,9,1,0.3793103448275862
gemini,user_000067,365,user_facing,14,2,0.14285714285714285,6,0,2,0,0,0,6,2,0.1724137931034483
gemini,user_000067,365,rec_optimized,22,3,0.13636363636363635,14,2,1,0,0,0,7,1,0.41379310344827586
gemini,user_000068,30,user_facing,19,6,0.3157894736842105,16,4,1,0,0,0,2,2,0.3142857142857143
gemini,user_000068,30,rec_optimized,34,10,0.29411764705882354,27,8,5,0,0,0,2,2,0.5428571428571428
gemini,user_000068,90,user_facing,11,1,0.09090909090909091,5,0,0,0,0,0,6,1,0.17647058823529413
gemini,user_000068,90,rec_optimized,28,4,0.14285714285714285,21,4,1,0,0,0,6,0,0.5
gemini,user_000068,180,user_facing,11,1,0.09090909090909091,6,0,0,0,0,0,5,1,0.20588235294117646
gemini,user_000068,180,rec_optimized,23,1,0.043478260869565216,16,1,0,0,0,0,7,0,0.47058823529411764
gemini,user_000068,365,user_facing,12,1,0.08333333333333333,5,0,0,0,0,0,7,1,0.17647058823529413
gemini,user_000068,365,rec_optimized,26,4,0.15384615384615385,18,4,0,0,0,0,8,0,0.38235294117647056
gemini,user_000069,30,user_facing,12,2,0.16666666666666666,6,1,2,0,0,0,4,1,0.15625
gemini,user_000069,30,rec_optimized,39,9,0.23076923076923078,27,6,2,0,1,0,9,3,0.59375
gemini,user_000069,90,user_facing,11,1,0.09090909090909091,10,0,0,0,0,0,1,1,0.3793103448275862
gemini,user_000069,90,rec_optimized,26,3,0.11538461538461539,16,2,2,0,4,0,4,1,0.5172413793103449
gemini,user_000069,180,user_facing,9,1,0.1111111111111111,8,0,0,0,0,0,1,1,0.29411764705882354
gemini,user_000069,180,rec_optimized,41,6,0.14634146341463414,24,5,2,0,4,0,11,1,0.5294117647058824
gemini,user_000069,365,user_facing,13,4,0.3076923076923077,12,3,0,0,0,0,1,1,0.3235294117647059
gemini,user_000069,365,rec_optimized,33,6,0.18181818181818182,21,6,1,0,6,0,5,0,0.4411764705882353
gemini,user_000072,30,user_facing,18,4,0.2222222222222222,13,2,3,0,0,0,2,2,0.4
gemini,user_000072,30,rec_optimized,30,5,0.16666666666666666,16,4,3,0,0,0,11,1,0.44
gemini,user_000072,90,user_facing,8,1,0.125,4,0,3,0,0,0,1,1,0.21428571428571427
gemini,user_000072,90,rec_optimized,36,11,0.3055555555555556,24,8,4,0,0,0,8,3,0.5357142857142857
gemini,user_000072,180,user_facing,10,4,0.4,7,1,0,0,0,0,3,3,0.24
gemini,user_000072,180,rec_optimized,35,9,0.2571428571428571,27,7,0,0,3,0,5,2,0.72
gemini,user_000072,365,user_facing,11,2,0.18181818181818182,10,1,0,0,0,0,1,1,0.32
gemini,user_000072,365,rec_optimized,35,10,0.2857142857142857,24,7,1,0,0,0,10,3,0.6
gemini,user_000074,30,user_facing,11,1,0.09090909090909091,10,0,0,0,0,0,1,1,0.2894736842105263
gemini,user_000074,30,rec_optimized,22,1,0.045454545454545456,11,0,1,0,0,0,10,1,0.3157894736842105
gemini,user_000074,90,user_facing,11,2,0.18181818181818182,7,0,2,0,0,0,2,2,0.24242424242424243
gemini,user_000074,90,rec_optimized,27,4,0.14814814814814814,16,2,3,0,1,0,7,2,0.45454545454545453
gemini,user_000074,180,user_facing,12,2,0.16666666666666666,7,0,0,0,0,0,5,2,0.25
gemini,user_000074,180,rec_optimized,45,13,0.28888888888888886,35,10,0,0,0,0,10,3,0.90625
gemini,user_000074,365,user_facing,13,1,0.07692307692307693,9,0,3,0,0,0,1,1,0.34375
gemini,user_000074,365,rec_optimized,38,11,0.2894736842105263,31,9,3,0,0,0,4,2,0.8125
gemini,user_000075,30,user_facing,11,1,0.09090909090909091,8,0,0,0,0,0,3,1,0.20833333333333334
gemini,user_000075,30,rec_optimized,28,5,0.17857142857142858,21,5,3,0,0,0,4,0,0.5833333333333334
gemini,user_000075,90,user_facing,17,4,0.23529411764705882,12,3,1,0,0,0,4,1,0.2962962962962963
gemini,user_000075,90,rec_optimized,38,12,0.3157894736842105,31,11,1,0,0,0,6,1,0.7777777777777778
gemini,user_000075,180,user_facing,15,3,0.2,13,2,1,0,0,0,1,1,0.3076923076923077
gemini,user_000075,180,rec_optimized,27,4,0.14814814814814814,21,4,1,0,0,0,5,0,0.5769230769230769
gemini,user_000075,365,user_facing,19,5,0.2631578947368421,15,4,0,0,0,0,4,1,0.3076923076923077
gemini,user_000075,365,rec_optimized,30,5,0.16666666666666666,23,5,1,0,0,0,6,0,0.6153846153846154
gemini,user_000079,30,user_facing,19,7,0.3684210526315789,17,6,0,0,0,0,2,1,0.4
gemini,user_000079,30,rec_optimized,30,9,0.3,24,9,1,0,0,0,5,0,0.5333333333333333
gemini,user_000079,90,user_facing,18,4,0.2222222222222222,11,3,0,0,0,0,7,1,0.27586206896551724
gemini,user_000079,90,rec_optimized,40,12,0.3,35,12,0,0,0,0,5,0,0.7931034482758621
gemini,user_000079,180,user_facing,10,1,0.1,10,1,0,0,0,0,0,0,0.38461538461538464
gemini,user_000079,180,rec_optimized,44,10,0.22727272727272727,29,8,3,0,0,0,12,2,0.8461538461538461
gemini,user_000079,365,user_facing,13,3,0.23076923076923078,7,1,4,0,0,0,2,2,0.23076923076923078
gemini,user_000079,365,rec_optimized,33,7,0.21212121212121213,20,4,4,0,0,0,9,3,0.6538461538461539
gemini,user_000082,30,user_facing,12,4,0.3333333333333333,8,1,1,0,0,0,3,3,0.30303030303030304
gemini,user_000082,30,rec_optimized,25,3,0.12,14,1,2,0,0,0,9,2,0.5454545454545454
gemini,user_000082,90,user_facing,12,3,0.25,6,0,0,0,0,0,6,3,0.22580645161290322
gemini,user_000082,90,rec_optimized,32,5,0.15625,14,2,6,0,0,0,12,3,0.45161290322580644
gemini,user_000082,180,user_facing,12,1,0.08333333333333333,8,0,1,0,2,0,1,1,0.2727272727272727
gemini,user_000082,180,rec_optimized,31,2,0.06451612903225806,15,0,1,0,2,0,13,2,0.5151515151515151
gemini,user_000082,365,user_facing,15,3,0.2,8,0,4,0,0,0,3,3,0.30303030303030304
gemini,user_000082,365,rec_optimized,35,8,0.22857142857142856,25,6,3,0,0,0,7,2,0.696969696969697
gemini,user_000083,30,user_facing,18,3,0.16666666666666666,17,2,0,0,0,0,1,1,0.325
gemini,user_000083,30,rec_optimized,38,8,0.21052631578947367,30,6,1,0,0,0,7,2,0.55
gemini,user_000083,90,user_facing,8,2,0.25,7,1,0,0,0,0,1,1,0.17142857142857143
gemini,user_000083,90,rec_optimized,30,5,0.16666666666666666,20,3,0,0,0,0,10,2,0.42857142857142855
gemini,user_000083,180,user_facing,12,2,0.16666666666666666,6,1,0,0,0,0,6,1,0.15625
gemini,user_000083,180,rec_optimized,32,7,0.21875,23,5,0,0,0,0,9,2,0.5
gemini,user_000083,365,user_facing,10,2,0.2,9,1,0,0,0,0,1,1,0.25
gemini,user_000083,365,rec_optimized,39,9,0.23076923076923078,33,8,0,0,0,0,6,1,0.71875
gemini,user_000084,30,user_facing,10,1,0.1,5,0,0,0,2,0,3,1,0.15151515151515152
gemini,user_000084,30,rec_optimized,33,3,0.09090909090909091,17,1,2,0,3,1,11,1,0.5151515151515151
gemini,user_000084,90,user_facing,19,4,0.21052631578947367,12,1,2,0,0,0,5,3,0.34375
gemini,user_000084,90,rec_optimized,33,4,0.12121212121212122,26,3,2,0,2,0,3,1,0.6875
gemini,user_000084,180,user_facing,12,1,0.08333333333333333,9,1,0,0,0,0,3,0,0.2702702702702703
gemini,user_000084,180,rec_optimized,29,2,0.06896551724137931,20,2,1,0,1,0,7,0,0.6756756756756757
gemini,user_000084,365,user_facing,14,2,0.14285714285714285,10,1,0,0,1,0,3,1,0.2972972972972973
gemini,user_000084,365,rec_optimized,21,1,0.047619047619047616,12,1,1,0,1,0,7,0,0.40540540540540543
gemini,user_000085,30,user_facing,15,1,0.06666666666666667,8,0,1,0,0,0,6,1,0.3793103448275862
gemini,user_000085,30,rec_optimized,25,2,0.08,16,2,1,0,0,0,8,0,0.5517241379310345
gemini,user_000085,90,user_facing,15,2,0.13333333333333333,13,1,1,0,0,0,1,1,0.4166666666666667
gemini,user_000085,90,rec_optimized,31,3,0.0967741935483871,20,2,6,0,0,0,5,1,0.6666666666666666
gemini,user_000085,180,user_facing,14,3,0.21428571428571427,12,2,1,0,0,0,1,1,0.3225806451612903
gemini,user_000085,180,rec_optimized,32,7,0.21875,28,7,1,0,0,0,3,0,0.6774193548387096
gemini,user_000085,365,user_facing,17,3,0.17647058823529413,13,2,3,0,0,0,1,1,0.3548387096774194
gemini,user_000085,365,rec_optimized,37,6,0.16216216216216217,25,6,4,0,0,0,8,0,0.6129032258064516
gemini,user_000086,30,user_facing,17,4,0.23529411764705882,13,3,0,0,0,0,4,1,0.21621621621621623
gemini,user_000086,30,rec_optimized,42,10,0.23809523809523808,32,9,2,0,0,0,8,1,0.6486486486486487
gemini,user_000086,90,user_facing,18,3,0.16666666666666666,13,2,4,0,0,0,1,1,0.3333333333333333
gemini,user_000086,90,rec_optimized,26,4,0.15384615384615385,15,2,1,0,0,0,10,2,0.43333333333333335
gemini,user_000086,180,user_facing,13,1,0.07692307692307693,9,0,3,0,0,0,1,1,0.3
gemini,user_000086,180,rec_optimized,49,13,0.2653061224489796,37,10,3,0,0,0,9,3,0.8333333333333334
gemini,user_000086,365,user_facing,9,0,0.0,9,0,0,0,0,0,0,0,0.3
gemini,user_000086,365,rec_optimized,41,10,0.24390243902439024,34,9,6,0,0,0,1,1,0.8
gemini,user_000087,30,user_facing,16,4,0.25,10,1,2,0,0,0,4,3,0.22857142857142856
gemini,user_000087,30,rec_optimized,33,4,0.12121212121212122,23,2,3,0,0,0,7,2,0.5714285714285714
gemini,user_000087,90,user_facing,12,2,0.16666666666666666,7,0,3,0,0,0,2,2,0.17647058823529413
gemini,user_000087,90,rec_optimized,43,12,0.27906976744186046,38,10,3,0,0,0,2,2,0.7352941176470589
gemini,user_000087,180,user_facing,10,1,0.1,6,0,3,0,0,0,1,1,0.2
gemini,user_000087,180,rec_optimized,32,3,0.09375,23,2,3,0,0,0,6,1,0.6
gemini,user_000087,365,user_facing,15,1,0.06666666666666667,14,0,0,0,0,0,1,1,0.36
gemini,user_000087,365,rec_optimized,33,9,0.2727272727272727,29,7,2,0,0,0,2,2,0.64
llama,user_000001,30,user_facing,5,3,0.6,4,2,1,1,0,0,0,0,0.08108108108108109
llama,user_000001,30,rec_optimized,13,3,0.23076923076923078,12,2,1,1,0,0,0,0,0.2702702702702703
llama,user_000001,90,user_facing,16,4,0.25,11,3,1,0,0,0,4,1,0.23809523809523808
llama,user_000001,90,rec_optimized,15,5,0.3333333333333333,12,3,2,1,0,0,1,1,0.2619047619047619
llama,user_000001,180,user_facing,11,1,0.09090909090909091,7,1,1,0,0,0,3,0,0.15384615384615385
llama,user_000001,180,rec_optimized,24,7,0.2916666666666667,22,6,1,0,0,0,1,1,0.46153846153846156
llama,user_000001,365,user_facing,15,6,0.4,12,4,1,0,0,0,2,2,0.20512820512820512
llama,user_000001,365,rec_optimized,23,6,0.2608695652173913,21,5,1,0,0,0,1,1,0.48717948717948717
llama,user_000002,30,user_facing,19,4,0.21052631578947367,15,3,0,0,0,0,4,1,0.2962962962962963
llama,user_000002,30,rec_optimized,14,3,0.21428571428571427,13,2,0,0,0,0,1,1,0.25925925925925924
llama,user_000002,90,user_facing,13,2,0.15384615384615385,5,1,0,0,0,0,8,1,0.14814814814814814
llama,user_000002,90,rec_optimized,12,4,0.3333333333333333,12,4,0,0,0,0,0,0,0.3333333333333333
llama,user_000002,180,user_facing,16,3,0.1875,14,3,0,0,0,0,2,0,0.3333333333333333
llama,user_000002,180,rec_optimized,18,5,0.2777777777777778,18,5,0,0,0,0,0,0,0.4074074074074074
llama,user_000002,365,user_facing,8,1,0.125,4,1,0,0,0,0,4,0,0.14814814814814814
llama,user_000002,365,rec_optimized,14,4,0.2857142857142857,14,4,0,0,0,0,0,0,0.3333333333333333
llama,user_000003,30,user_facing,11,2,0.18181818181818182,7,1,0,0,0,0,4,1,0.15625
llama,user_000003,30,rec_optimized,10,1,0.1,8,1,0,0,0,0,2,0,0.1875
llama,user_000003,90,user_facing,8,1,0.125,4,0,0,0,0,0,4,1,0.13793103448275862
llama,user_000003,90,rec_optimized,7,0,0.0,7,0,0,0,0,0,0,0,0.1724137931034483
llama,user_000003,180,user_facing,15,0,0.0,8,0,0,0,0,0,7,0,0.20689655172413793
llama,user_000003,180,rec_optimized,17,3,0.17647058823529413,16,2,0,0,0,0,1,1,0.3793103448275862
llama,user_000003,365,user_facing,9,1,0.1111111111111111,7,1,0,0,0,0,2,0,0.1724137931034483
llama,user_000003,365,rec_optimized,14,2,0.14285714285714285,11,2,0,0,0,0,3,0,0.2413793103448276
llama,user_000004,30,user_facing,8,3,0.375,5,2,0,0,0,0,3,1,0.13636363636363635
llama,user_000004,30,rec_optimized,16,9,0.5625,15,8,0,0,0,0,1,1,0.36363636363636365
llama,user_000004,90,user_facing,4,1,0.25,2,0,0,0,0,0,2,1,0.10714285714285714
llama,user_000004,90,rec_optimized,12,3,0.25,8,2,0,0,0,0,4,1,0.2857142857142857
llama,user_000004,180,user_facing,16,7,0.4375,12,6,0,0,0,0,4,1,0.17857142857142858
llama,user_000004,180,rec_optimized,24,9,0.375,18,8,0,0,0,0,6,1,0.39285714285714285
llama,user_000004,365,user_facing,4,1,0.25,4,1,0,0,0,0,0,0,0.17857142857142858
llama,user_000004,365,rec_optimized,15,5,0.3333333333333333,14,4,0,0,0,0,1,1,0.39285714285714285
llama,user_000005,30,user_facing,7,4,0.5714285714285714,6,3,0,0,0,0,1,1,0.1
llama,user_000005,30,rec_optimized,20,6,0.3,20,6,0,0,0,0,0,0,0.5
llama,user_000005,90,user_facing,7,0,0.0,3,0,0,0,0,0,4,0,0.125
llama,user_000005,90,rec_optimized,19,11,0.5789473684210527,19,11,0,0,0,0,0,0,0.25
llama,user_000005,180,user_facing,10,2,0.2,10,2,0,0,0,0,0,0,0.2702702702702703
llama,user_000005,180,rec_optimized,16,1,0.0625,13,1,0,0,0,0,3,0,0.40540540540540543
llama,user_000005,365,user_facing,9,3,0.3333333333333333,6,2,0,0,0,0,3,1,0.13513513513513514
llama,user_000005,365,rec_optimized,22,4,0.18181818181818182,18,4,0,0,0,0,4,0,0.43243243243243246
llama,user_000008,30,user_facing,3,1,0.3333333333333333,3,1,0,0,0,0,0,0,0.125
llama,user_000008,30,rec_optimized,25,7,0.28,10,4,0,0,0,0,15,3,0.21875
llama,user_000008,90,user_facing,10,3,0.3,9,2,0,0,0,0,1,1,0.16666666666666666
llama,user_000008,90,rec_optimized,16,4,0.25,16,4,0,0,0,0,0,0,0.2777777777777778
llama,user_000008,180,user_facing,8,2,0.25,7,1,0,0,0,0,1,1,0.13513513513513514
llama,user_000008,180,rec_optimized,29,9,0.3103448275862069,20,7,0,0,0,0,9,2,0.32432432432432434
llama,user_000008,365,user_facing,11,2,0.18181818181818182,9,2,0,0,0,0,2,0,0.16216216216216217
llama,user_000008,365,rec_optimized,11,2,0.18181818181818182,11,2,0,0,0,0,0,0,0.21621621621621623
llama,user_000009,30,user_facing,7,2,0.2857142857142857,7,2,0,0,0,0,0,0,0.16666666666666666
llama,user_000009,30,rec_optimized,22,9,0.4090909090909091,15,9,0,0,0,0,7,0,0.2
llama,user_000009,90,user_facing,1,1,1.0,1,1,0,0,0,0,0,0,0.0
llama,user_000009,90,rec_optimized,24,9,0.375,23,8,0,0,0,0,1,1,0.3548387096774194
llama,user_000009,180,user_facing,9,5,0.5555555555555556,9,5,0,0,0,0,0,0,0.12
llama,user_000009,180,rec_optimized,10,1,0.1,10,1,0,0,0,0,0,0,0.28
llama,user_000009,365,user_facing,18,5,0.2777777777777778,16,5,0,0,0,0,2,0,0.32
llama,user_000009,365,rec_optimized,20,5,0.25,20,5,0,0,0,0,0,0,0.44
llama,user_000012,30,user_facing,10,3,0.3,10,3,0,0,0,0,0,0,0.21212121212121213
llama,user_000012,30,rec_optimized,20,7,0.35,17,7,0,0,0,0,3,0,0.3333333333333333
llama,user_000012,90,user_facing,3,0,0.0,3,0,0,0,0,0,0,0,0.06818181818181818
llama,user_000012,90,rec_optimized,42,19,0.4523809523809524,38,17,1,0,0,0,3,2,0.5227272727272727
llama,user_000012,180,user_facing,8,1,0.125,8,1,0,0,0,0,0,0,0.11904761904761904
llama,user_000012,180,rec_optimized,20,5,0.25,18,3,0,0,0,0,2,2,0.3333333333333333
llama,user_000012,365,user_facing,6,1,0.16666666666666666,3,1,0,0,0,0,3,0,0.047619047619047616
llama,user_000012,365,rec_optimized,24,8,0.3333333333333333,18,6,2,0,2,0,2,2,0.2619047619047619
llama,user_000015,30,user_facing,16,3,0.1875,11,2,4,0,0,0,1,1,0.32142857142857145
llama,user_000015,30,rec_optimized,27,6,0.2222222222222222,19,5,4,0,0,0,4,1,0.39285714285714285
llama,user_000015,90,user_facing,7,3,0.42857142857142855,4,2,0,0,0,0,3,1,0.07407407407407407
llama,user_000015,90,rec_optimized,12,4,0.3333333333333333,10,4,0,0,0,0,2,0,0.2222222222222222
llama,user_000015,180,user_facing,14,4,0.2857142857142857,8,4,2,0,0,0,4,0,0.19230769230769232
llama,user_000015,180,rec_optimized,16,5,0.3125,13,4,2,0,0,0,1,1,0.34615384615384615
llama,user_000015,365,user_facing,7,0,0.0,7,0,0,0,0,0,0,0,0.23076923076923078
llama,user_000015,365,rec_optimized,21,6,0.2857142857142857,20,5,0,0,0,0,1,1,0.46153846153846156
llama,user_000016,30,user_facing,4,1,0.25,4,1,0,0,0,0,0,0,0.10714285714285714
llama,user_000016,30,rec_optimized,20,7,0.35,20,7,0,0,0,0,0,0,0.42857142857142855
llama,user_000016,90,user_facing,13,2,0.15384615384615385,8,2,0,0,0,0,5,0,0.16666666666666666
llama,user_000016,90,rec_optimized,17,4,0.23529411764705882,12,4,0,0,0,0,5,0,0.25
llama,user_000016,180,user_facing,12,1,0.08333333333333333,7,1,0,0,0,0,5,0,0.17391304347826086
llama,user_000016,180,rec_optimized,9,1,0.1111111111111111,7,0,1,0,0,0,1,1,0.21739130434782608
llama,user_000016,365,user_facing,12,2,0.16666666666666666,8,2,0,0,0,0,4,0,0.17391304347826086
llama,user_000016,365,rec_optimized,14,4,0.2857142857142857,11,4,0,0,0,0,3,0,0.21739130434782608
llama,user_000017,30,user_facing,7,0,0.0,5,0,0,0,0,0,2,0,0.21739130434782608
llama,user_000017,30,rec_optimized,10,1,0.1,8,0,1,0,0,0,1,1,0.43478260869565216
llama,user_000017,90,user_facing,16,5,0.3125,13,5,0,0,0,0,3,0,0.5789473684210527
llama,user_000017,90,rec_optimized,13,2,0.15384615384615385,9,2,0,0,0,0,4,0,0.42105263157894735
llama,user_000017,180,user_facing,11,2,0.18181818181818182,9,2,0,0,0,0,2,0,0.4
llama,user_000017,180,rec_optimized,10,2,0.2,7,1,0,0,1,1,2,0,0.3333333333333333
llama,user_000017,365,user_facing,17,6,0.35294117647058826,17,6,0,0,0,0,0,0,0.6666666666666666
llama,user_000017,365,rec_optimized,30,7,0.23333333333333334,14,5,0,0,0,0,16,2,0.5333333333333333
llama,user_000020,30,user_facing,6,0,0.0,5,0,1,0,0,0,0,0,0.2857142857142857
llama,user_000020,30,rec_optimized,13,1,0.07692307692307693,12,1,1,0,0,0,0,0,0.5238095238095238
llama,user_000020,90,user_facing,8,2,0.25,5,2,1,0,0,0,2,0,0.17391304347826086
llama,user_000020,90,rec_optimized,11,5,0.45454545454545453,9,4,1,0,0,0,1,1,0.30434782608695654
llama,user_000020,180,user_facing,4,0,0.0,3,0,1,0,0,0,0,0,0.17391304347826086
llama,user_000020,180,rec_optimized,27,5,0.18518518518518517,10,4,1,0,0,0,16,1,0.30434782608695654
llama,user_000020,365,user_facing,20,1,0.05,8,1,1,0,0,0,11,0,0.34782608695652173
llama,user_000020,365,rec_optimized,13,4,0.3076923076923077,12,4,1,0,0,0,0,0,0.34782608695652173
llama,user_000021,30,user_facing,18,7,0.3888888888888889,15,6,2,0,0,0,1,1,0.2916666666666667
llama,user_000021,30,rec_optimized,22,9,0.4090909090909091,17,7,1,0,2,0,2,2,0.3333333333333333
llama,user_000021,90,user_facing,8,1,0.125,8,1,0,0,0,0,0,0,0.21052631578947367
llama,user_000021,90,rec_optimized,10,0,0.0,8,0,0,0,0,0,2,0,0.3157894736842105
llama,user_000021,180,user_facing,9,3,0.3333333333333333,9,3,0,0,0,0,0,0,0.22727272727272727
llama,user_000021,180,rec_optimized,25,9,0.36,22,7,1,0,0,0,2,2,0.45454545454545453
llama,user_000021,365,user_facing,11,1,0.09090909090909091,7,1,0,0,0,0,4,0,0.18181818181818182
llama,user_000021,365,rec_optimized,24,4,0.16666666666666666,20,4,0,0,0,0,4,0,0.5454545454545454
llama,user_000022,30,user_facing,6,2,0.3333333333333333,3,1,0,0,0,0,3,1,0.13793103448275862
llama,user_000022,30,rec_optimized,12,5,0.4166666666666667,12,5,0,0,0,0,0,0,0.3103448275862069
llama,user_000022,90,user_facing,15,6,0.4,14,5,0,0,0,0,1,1,0.3225806451612903
llama,user_000022,90,rec_optimized,27,14,0.5185185185185185,27,14,0,0,0,0,0,0,0.41935483870967744
llama,user_000022,180,user_facing,25,10,0.4,18,8,3,0,2,0,2,2,0.3448275862068966
llama,user_000022,180,rec_optimized,35,15,0.42857142857142855,27,12,0,0,0,0,8,3,0.5172413793103449
llama,user_000022,365,user_facing,8,2,0.25,7,1,0,0,0,0,1,1,0.2413793103448276
llama,user_000022,365,rec_optimized,27,13,0.48148148148148145,27,13,0,0,0,0,0,0,0.4482758620689655
llama,user_000023,30,user_facing,9,3,0.3333333333333333,8,2,0,0,0,0,1,1,0.15
llama,user_000023,30,rec_optimized,18,4,0.2222222222222222,14,2,0,0,0,0,4,2,0.325
llama,user_000023,90,user_facing,10,4,0.4,7,3,0,0,0,0,3,1,0.13157894736842105
llama,user_000023,90,rec_optimized,16,5,0.3125,14,3,0,0,0,0,2,2,0.34210526315789475
llama,user_000023,180,user_facing,9,2,0.2222222222222222,8,1,0,0,0,0,1,1,0.20930232558139536
llama,user_000023,180,rec_optimized,12,5,0.4166666666666667,9,3,0,0,1,1,2,1,0.20930232558139536
llama,user_000023,365,user_facing,2,0,0.0,2,0,0,0,0,0,0,0,0.046511627906976744
llama,user_000023,365,rec_optimized,10,2,0.2,5,2,0,0,0,0,5,0,0.11627906976744186
llama,user_000024,30,user_facing,10,4,0.4,10,4,0,0,0,0,0,0,0.3333333333333333
llama,user_000024,30,rec_optimized,15,5,0.3333333333333333,12,4,0,0,0,0,3,1,0.5333333333333333
llama,user_000024,90,user_facing,16,6,0.375,9,3,0,0,3,1,4,2,0.3333333333333333
llama,user_000024,90,rec_optimized,24,14,0.5833333333333334,21,12,0,0,0,0,3,2,0.4666666666666667
llama,user_000024,180,user_facing,16,7,0.4375,13,7,0,0,0,0,3,0,0.38461538461538464
llama,user_000024,180,rec_optimized,23,14,0.6086956521739131,21,12,0,0,0,0,2,2,0.6153846153846154
llama,user_000024,365,user_facing,9,3,0.3333333333333333,9,3,0,0,0,0,0,0,0.38461538461538464
llama,user_000024,365,rec_optimized,15,5,0.3333333333333333,15,5,0,0,0,0,0,0,0.6923076923076923
llama,user_000025,30,user_facing,15,7,0.4666666666666667,10,5,0,0,0,0,5,2,0.14285714285714285
llama,user_000025,30,rec_optimized,11,3,0.2727272727272727,11,3,0,0,0,0,0,0,0.17142857142857143
llama,user_000025,90,user_facing,27,9,0.3333333333333333,22,7,0,0,0,0,5,2,0.34285714285714286
llama,user_000025,90,rec_optimized,0,0,0.0,0,0,0,0,0,0,0,0,0.0
llama,user_000025,180,user_facing,13,2,0.15384615384615385,9,2,0,0,0,0,4,0,0.17142857142857143
llama,user_000025,180,rec_optimized,14,2,0.14285714285714285,14,2,0,0,0,0,0,0,0.2857142857142857
llama,user_000025,365,user_facing,10,2,0.2,9,1,0,0,0,0,1,1,0.2
llama,user_000025,365,rec_optimized,23,4,0.17391304347826086,8,3,0,0,0,0,15,1,0.17142857142857143
llama,user_000029,30,user_facing,2,1,0.5,2,1,0,0,0,0,0,0,0.12
llama,user_000029,30,rec_optimized,13,5,0.38461538461538464,11,3,0,0,0,0,2,2,0.28
llama,user_000029,90,user_facing,8,2,0.25,5,1,2,0,0,0,1,1,0.18181818181818182
llama,user_000029,90,rec_optimized,12,4,0.3333333333333333,11,3,0,0,0,0,1,1,0.3181818181818182
llama,user_000029,180,user_facing,17,5,0.29411764705882354,9,3,0,0,0,0,8,2,0.21739130434782608
llama,user_000029,180,rec_optimized,20,11,0.55,19,10,0,0,0,0,1,1,0.30434782608695654
llama,user_000029,365,user_facing,9,1,0.1111111111111111,8,0,0,0,0,0,1,1,0.30434782608695654
llama,user_000029,365,rec_optimized,9,1,0.1111111111111111,8,0,0,0,0,0,1,1,0.2608695652173913
llama,user_000030,30,user_facing,23,9,0.391304347826087,21,7,0,0,0,0,2,2,0.35714285714285715
llama,user_000030,30,rec_optimized,0,0,0.0,0,0,0,0,0,0,0,0,0.0
llama,user_000030,90,user_facing,6,2,0.3333333333333333,6,2,0,0,0,0,0,0,0.14285714285714285
llama,user_000030,90,rec_optimized,21,13,0.6190476190476191,20,12,0,0,0,0,1,1,0.2857142857142857
llama,user_000030,180,user_facing,33,12,0.36363636363636365,23,9,0,0,0,0,10,3,0.5714285714285714
llama,user_000030,180,rec_optimized,0,0,0.0,0,0,0,0,0,0,0,0,0.0
llama,user_000030,365,user_facing,8,4,0.5,8,4,0,0,0,0,0,0,0.14285714285714285
llama,user_000030,365,rec_optimized,14,5,0.35714285714285715,12,5,2,0,0,0,0,0,0.32142857142857145
llama,user_000031,30,user_facing,9,4,0.4444444444444444,8,3,0,0,0,0,1,1,0.17073170731707318
llama,user_000031,30,rec_optimized,32,12,0.375,23,11,0,0,0,0,9,1,0.34146341463414637
llama,user_000031,90,user_facing,1,1,1.0,0,0,0,0,0,0,1,1,0.05
llama,user_000031,90,rec_optimized,19,8,0.42105263157894735,19,8,0,0,0,0,0,0,0.3
llama,user_000031,180,user_facing,10,4,0.4,10,4,0,0,0,0,0,0,0.2682926829268293
llama,user_000031,180,rec_optimized,26,13,0.5,25,12,0,0,0,0,1,1,0.36585365853658536
llama,user_000031,365,user_facing,16,5,0.3125,16,5,0,0,0,0,0,0,0.3170731707317073
llama,user_000031,365,rec_optimized,22,11,0.5,20,9,0,0,0,0,2,2,0.3170731707317073
llama,user_000033,30,user_facing,1,1,1.0,1,1,0,0,0,0,0,0,0.0
llama,user_000033,30,rec_optimized,21,9,0.42857142857142855,20,9,0,0,0,0,1,0,0.42857142857142855
llama,user_000033,90,user_facing,8,3,0.375,7,3,0,0,0,0,1,0,0.19230769230769232
llama,user_000033,90,rec_optimized,19,6,0.3157894736842105,19,6,0,0,0,0,0,0,0.5769230769230769
llama,user_000033,180,user_facing,5,2,0.4,4,2,1,0,0,0,0,0,0.11538461538461539
llama,user_000033,180,rec_optimized,18,8,0.4444444444444444,15,7,1,0,0,0,2,1,0.3076923076923077
llama,user_000033,365,user_facing,12,5,0.4166666666666667,11,5,0,0,0,0,1,0,0.2692307692307692
llama,user_000033,365,rec_optimized,13,5,0.38461538461538464,12,4,0,0,0,0,1,1,0.34615384615384615
llama,user_000035,30,user_facing,14,5,0.35714285714285715,13,4,0,0,0,0,1,1,0.2777777777777778
llama,user_000035,30,rec_optimized,13,3,0.23076923076923078,12,3,1,0,0,0,0,0,0.2777777777777778
llama,user_000035,90,user_facing,14,2,0.14285714285714285,10,1,1,0,2,0,1,1,0.2631578947368421
llama,user_000035,90,rec_optimized,14,5,0.35714285714285715,10,2,0,0,2,1,2,2,0.23684210526315788
llama,user_000035,180,user_facing,10,3,0.3,7,1,1,0,0,0,2,2,0.17142857142857143
llama,user_000035,180,rec_optimized,13,3,0.23076923076923078,10,1,1,0,0,0,2,2,0.3142857142857143
llama,user_000035,365,user_facing,8,1,0.125,3,0,1,0,0,0,4,1,0.11428571428571428
llama,user_000035,365,rec_optimized,19,3,0.15789473684210525,11,2,1,0,1,0,6,1,0.2571428571428571
llama,user_000036,30,user_facing,17,6,0.35294117647058826,11,4,0,0,0,0,6,2,0.18421052631578946
llama,user_000036,30,rec_optimized,18,7,0.3888888888888889,16,5,0,0,0,0,2,2,0.23684210526315788
llama,user_000036,90,user_facing,3,2,0.6666666666666666,2,1,0,0,0,0,1,1,0.02631578947368421
llama,user_000036,90,rec_optimized,19,3,0.15789473684210525,14,2,3,1,0,0,2,0,0.2631578947368421
llama,user_000036,180,user_facing,7,1,0.14285714285714285,6,0,0,0,0,0,1,1,0.16216216216216217
llama,user_000036,180,rec_optimized,11,1,0.09090909090909091,10,0,1,1,0,0,0,0,0.24324324324324326
llama,user_000036,365,user_facing,4,3,0.75,4,3,0,0,0,0,0,0,0.02702702702702703
llama,user_000036,365,rec_optimized,10,2,0.2,9,1,0,0,0,0,1,1,0.1891891891891892
llama,user_000037,30,user_facing,10,3,0.3,7,3,0,0,0,0,3,0,0.13513513513513514
llama,user_000037,30,rec_optimized,10,1,0.1,6,1,2,0,2,0,0,0,0.1891891891891892
llama,user_000037,90,user_facing,13,5,0.38461538461538464,11,5,0,0,0,0,2,0,0.23529411764705882
llama,user_000037,90,rec_optimized,15,7,0.4666666666666667,15,7,0,0,0,0,0,0,0.3235294117647059
llama,user_000037,180,user_facing,9,2,0.2222222222222222,5,2,0,0,0,0,4,0,0.125
llama,user_000037,180,rec_optimized,37,15,0.40540540540540543,34,15,0,0,2,0,1,0,0.71875
llama,user_000037,365,user_facing,13,3,0.23076923076923078,7,1,0,0,0,0,6,2,0.21875
llama,user_000037,365,rec_optimized,11,2,0.18181818181818182,7,1,0,0,0,0,4,1,0.28125
llama,user_000038,30,user_facing,7,1,0.14285714285714285,6,0,0,0,0,0,1,1,0.35294117647058826
llama,user_000038,30,rec_optimized,12,2,0.16666666666666666,12,2,0,0,0,0,0,0,0.5882352941176471
llama,user_000038,90,user_facing,12,5,0.4166666666666667,7,4,5,1,0,0,0,0,0.15
llama,user_000038,90,rec_optimized,14,4,0.2857142857142857,9,3,5,1,0,0,0,0,0.3
llama,user_000038,180,user_facing,3,1,0.3333333333333333,3,1,0,0,0,0,0,0,0.15
llama,user_000038,180,rec_optimized,9,2,0.2222222222222222,9,2,0,0,0,0,0,0,0.4
llama,user_000038,365,user_facing,6,1,0.16666666666666666,4,1,0,0,0,0,2,0,0.15
llama,user_000038,365,rec_optimized,11,3,0.2727272727272727,11,3,0,0,0,0,0,0,0.45
llama,user_000040,30,user_facing,7,2,0.2857142857142857,5,1,1,0,0,0,1,1,0.13333333333333333
llama,user_000040,30,rec_optimized,18,6,0.3333333333333333,13,3,0,0,2,0,3,3,0.36666666666666664
llama,user_000040,90,user_facing,6,2,0.3333333333333333,3,2,0,0,0,0,3,0,0.03225806451612903
llama,user_000040,90,rec_optimized,17,5,0.29411764705882354,16,4,1,1,0,0,0,0,0.41935483870967744
llama,user_000040,180,user_facing,9,3,0.3333333333333333,8,2,0,0,0,0,1,1,0.36363636363636365
llama,user_000040,180,rec_optimized,14,5,0.35714285714285715,14,5,0,0,0,0,0,0,0.45454545454545453
llama,user_000040,365,user_facing,14,5,0.35714285714285715,14,5,0,0,0,0,0,0,0.45454545454545453
llama,user_000040,365,rec_optimized,19,5,0.2631578947368421,17,5,1,0,0,0,1,0,0.5909090909090909
llama,user_000041,30,user_facing,5,1,0.2,5,1,0,0,0,0,0,0,0.14705882352941177
llama,user_000041,30,rec_optimized,13,5,0.38461538461538464,13,5,0,0,0,0,0,0,0.29411764705882354
llama,user_000041,90,user_facing,2,1,0.5,1,0,0,0,0,0,1,1,0.02857142857142857
llama,user_000041,90,rec_optimized,8,2,0.25,6,1,1,0,0,0,1,1,0.17142857142857143
llama,user_000041,180,user_facing,7,1,0.14285714285714285,2,0,4,0,0,0,1,1,0.07692307692307693
llama,user_000041,180,rec_optimized,9,2,0.2222222222222222,8,2,0,0,1,0,0,0,0.23076923076923078
llama,user_000041,365,user_facing,0,0,0.0,0,0,0,0,0,0,0,0,0.0
llama,user_000041,365,rec_optimized,37,7,0.1891891891891892,23,7,5,0,0,0,9,0,0.6538461538461539
llama,user_000044,30,user_facing,21,6,0.2857142857142857,16,3,0,0,0,0,5,3,0.3684210526315789
llama,user_000044,30,rec_optimized,16,2,0.125,13,2,0,0,0,0,3,0,0.34210526315789475
llama,user_000044,90,user_facing,7,0,0.0,4,0,0,0,0,0,3,0,0.15151515151515152
llama,user_000044,90,rec_optimized,30,12,0.4,26,12,0,0,0,0,4,0,0.42424242424242425
llama,user_000044,180,user_facing,12,3,0.25,5,2,0,0,0,0,7,1,0.18181818181818182
llama,user_000044,180,rec_optimized,26,6,0.23076923076923078,23,6,3,0,0,0,0,0,0.45454545454545453
llama,user_000044,365,user_facing,13,1,0.07692307692307693,5,1,2,0,0,0,6,0,0.15151515151515152
llama,user_000044,365,rec_optimized,9,4,0.4444444444444444,9,4,0,0,0,0,0,0,0.18181818181818182
llama,user_000046,30,user_facing,5,1,0.2,2,1,0,0,0,0,3,0,0.05714285714285714
llama,user_000046,30,rec_optimized,11,1,0.09090909090909091,11,1,0,0,0,0,0,0,0.17142857142857143
llama,user_000046,90,user_facing,8,1,0.125,7,0,0,0,0,0,1,1,0.23076923076923078
llama,user_000046,90,rec_optimized,30,4,0.13333333333333333,21,2,0,0,0,0,9,2,0.5384615384615384
llama,user_000046,180,user_facing,12,6,0.5,10,4,0,0,0,0,2,2,0.19230769230769232
llama,user_000046,180,rec_optimized,14,3,0.21428571428571427,14,3,0,0,0,0,0,0,0.34615384615384615
llama,user_000046,365,user_facing,10,1,0.1,10,1,0,0,0,0,0,0,0.2692307692307692
llama,user_000046,365,rec_optimized,17,3,0.17647058823529413,17,3,0,0,0,0,0,0,0.4230769230769231
llama,user_000053,30,user_facing,4,1,0.25,3,0,0,0,0,0,1,1,0.09090909090909091
llama,user_000053,30,rec_optimized,13,2,0.15384615384615385,12,1,0,0,0,0,1,1,0.2727272727272727
llama,user_000053,90,user_facing,3,0,0.0,3,0,0,0,0,0,0,0,0.07142857142857142
llama,user_000053,90,rec_optimized,15,7,0.4666666666666667,11,3,0,0,0,0,4,4,0.19047619047619047
llama,user_000053,180,user_facing,9,4,0.4444444444444444,7,2,0,0,0,0,2,2,0.125
llama,user_000053,180,rec_optimized,21,8,0.38095238095238093,19,6,0,0,0,0,2,2,0.35
llama,user_000053,365,user_facing,10,5,0.5,8,3,0,0,0,0,2,2,0.125
llama,user_000053,365,rec_optimized,24,8,0.3333333333333333,16,5,0,0,0,0,8,3,0.25
llama,user_000054,30,user_facing,11,2,0.18181818181818182,6,2,0,0,0,0,5,0,0.16
llama,user_000054,30,rec_optimized,10,3,0.3,10,3,0,0,0,0,0,0,0.28
llama,user_000054,90,user_facing,8,1,0.125,8,1,0,0,0,0,0,0,0.25
llama,user_000054,90,rec_optimized,16,6,0.375,16,6,0,0,0,0,0,0,0.375
llama,user_000054,180,user_facing,11,2,0.18181818181818182,6,0,0,0,0,0,5,2,0.24
llama,user_000054,180,rec_optimized,17,6,0.35294117647058826,13,5,0,0,0,0,4,1,0.36
llama,user_000054,365,user_facing,12,1,0.08333333333333333,7,1,0,0,0,0,5,0,0.24
llama,user_000054,365,rec_optimized,12,4,0.3333333333333333,7,1,2,0,2,2,1,1,0.24
llama,user_000055,30,user_facing,13,1,0.07692307692307693,3,1,0,0,0,0,10,0,0.05263157894736842
llama,user_000055,30,rec_optimized,15,3,0.2,11,2,2,0,1,0,1,1,0.2631578947368421
llama,user_000055,90,user_facing,5,0,0.0,3,0,0,0,0,0,2,0,0.09375
llama,user_000055,90,rec_optimized,7,1,0.14285714285714285,7,1,0,0,0,0,0,0,0.21875
llama,user_000055,180,user_facing,4,2,0.5,3,1,0,0,0,0,1,1,0.0625
llama,user_000055,180,rec_optimized,12,3,0.25,9,2,2,0,0,0,1,1,0.3125
llama,user_000055,365,user_facing,9,1,0.1111111111111111,7,1,2,0,0,0,0,0,0.1875
llama,user_000055,365,rec_optimized,14,3,0.21428571428571427,11,2,2,0,0,0,1,1,0.3125
llama,user_000056,30,user_facing,2,1,0.5,1,0,0,0,0,0,1,1,0.030303030303030304
llama,user_000056,30,rec_optimized,19,4,0.21052631578947367,19,4,0,0,0,0,0,0,0.42424242424242425
llama,user_000056,90,user_facing,10,0,0.0,9,0,1,0,0,0,0,0,0.3448275862068966
llama,user_000056,90,rec_optimized,15,1,0.06666666666666667,14,1,1,0,0,0,0,0,0.4827586206896552
llama,user_000056,180,user_facing,10,3,0.3,6,2,0,0,0,0,4,1,0.22727272727272727
llama,user_000056,180,rec_optimized,12,1,0.08333333333333333,9,1,0,0,0,0,3,0,0.4090909090909091
llama,user_000056,365,user_facing,8,0,0.0,3,0,4,0,0,0,1,0,0.13636363636363635
llama,user_000056,365,rec_optimized,10,2,0.2,7,1,1,0,0,0,2,1,0.3181818181818182
llama,user_000063,30,user_facing,12,6,0.5,12,6,0,0,0,0,0,0,0.22580645161290322
llama,user_000063,30,rec_optimized,21,6,0.2857142857142857,21,6,0,0,0,0,0,0,0.41935483870967744
llama,user_000063,90,user_facing,8,1,0.125,8,1,0,0,0,0,0,0,0.19230769230769232
llama,user_000063,90,rec_optimized,30,9,0.3,19,6,0,0,0,0,11,3,0.3076923076923077
llama,user_000063,180,user_facing,8,1,0.125,5,1,0,0,0,0,3,0,0.14285714285714285
llama,user_000063,180,rec_optimized,22,6,0.2727272727272727,22,6,0,0,0,0,0,0,0.42857142857142855
llama,user_000063,365,user_facing,3,2,0.6666666666666666,2,1,0,0,0,0,1,1,0.10714285714285714
llama,user_000063,365,rec_optimized,19,6,0.3157894736842105,19,6,0,0,0,0,0,0,0.32142857142857145
llama,user_000064,30,user_facing,6,2,0.3333333333333333,5,1,0,0,0,0,1,1,0.14814814814814814
llama,user_000064,30,rec_optimized,15,3,0.2,14,3,1,0,0,0,0,0,0.3333333333333333
llama,user_000064,90,user_facing,25,11,0.44,21,10,0,0,0,0,4,1,0.3076923076923077
llama,user_000064,90,rec_optimized,0,0,0.0,0,0,0,0,0,0,0,0,0.0
llama,user_000064,180,user_facing,16,5,0.3125,11,4,0,0,0,0,5,1,0.19230769230769232
llama,user_000064,180,rec_optimized,15,5,0.3333333333333333,14,4,1,1,0,0,0,0,0.34615384615384615
llama,user_000064,365,user_facing,3,1,0.3333333333333333,3,1,0,0,0,0,0,0,0.15384615384615385
llama,user_000064,365,rec_optimized,18,4,0.2222222222222222,17,3,0,0,0,0,1,1,0.4230769230769231
llama,user_000065,30,user_facing,25,14,0.56,21,10,1,1,1,1,2,2,0.34375
llama,user_000065,30,rec_optimized,0,0,0.0,0,0,0,0,0,0,0,0,0.0
llama,user_000065,90,user_facing,6,2,0.3333333333333333,5,2,0,0,0,0,1,0,0.11764705882352941
llama,user_000065,90,rec_optimized,10,4,0.4,9,3,0,0,0,0,1,1,0.23529411764705882
llama,user_000065,180,user_facing,33,8,0.24242424242424243,25,8,0,0,0,0,8,0,0.5142857142857142
llama,user_000065,180,rec_optimized,21,7,0.3333333333333333,21,7,0,0,0,0,0,0,0.42857142857142855
llama,user_000065,365,user_facing,0,0,0.0,0,0,0,0,0,0,0,0,0.0
llama,user_000065,365,rec_optimized,29,13,0.4482758620689655,29,13,0,0,0,0,0,0,0.5142857142857142
llama,user_000066,30,user_facing,13,4,0.3076923076923077,11,4,0,0,0,0,2,0,0.23809523809523808
llama,user_000066,30,rec_optimized,17,7,0.4117647058823529,16,7,1,0,0,0,0,0,0.3333333333333333
llama,user_000066,90,user_facing,17,4,0.23529411764705882,13,4,1,0,0,0,3,0,0.2647058823529412
llama,user_000066,90,rec_optimized,12,3,0.25,12,3,0,0,0,0,0,0,0.23529411764705882
llama,user_000066,180,user_facing,5,2,0.4,3,2,2,0,0,0,0,0,0.029411764705882353
llama,user_000066,180,rec_optimized,19,7,0.3684210526315789,18,7,0,0,0,0,1,0,0.3235294117647059
llama,user_000066,365,user_facing,16,8,0.5,16,8,0,0,0,0,0,0,0.20588235294117646
llama,user_000066,365,rec_optimized,19,8,0.42105263157894735,19,8,0,0,0,0,0,0,0.3235294117647059
llama,user_000067,30,user_facing,6,3,0.5,6,3,0,0,0,0,0,0,0.13636363636363635
llama,user_000067,30,rec_optimized,6,3,0.5,6,3,0,0,0,0,0,0,0.09090909090909091
llama,user_000067,90,user_facing,22,5,0.22727272727272727,15,5,0,0,0,0,7,0,0.36
llama,user_000067,90,rec_optimized,0,0,0.0,0,0,0,0,0,0,0,0,0.0
llama,user_000067,180,user_facing,6,4,0.6666666666666666,6,4,0,0,0,0,0,0,0.10344827586206896
llama,user_000067,180,rec_optimized,17,8,0.47058823529411764,14,6,1,0,0,0,2,2,0.3103448275862069
llama,user_000067,365,user_facing,9,1,0.1111111111111111,9,1,0,0,0,0,0,0,0.2413793103448276
llama,user_000067,365,rec_optimized,17,5,0.29411764705882354,17,5,0,0,0,0,0,0,0.3793103448275862
llama,user_000068,30,user_facing,3,1,0.3333333333333333,2,0,0,0,0,0,1,1,0.08571428571428572
llama,user_000068,30,rec_optimized,20,10,0.5,17,7,0,0,0,0,3,3,0.2857142857142857
llama,user_000068,90,user_facing,13,1,0.07692307692307693,6,1,0,0,0,0,7,0,0.11764705882352941
llama,user_000068,90,rec_optimized,9,3,0.3333333333333333,9,3,0,0,0,0,0,0,0.14705882352941177
llama,user_000068,180,user_facing,5,0,0.0,4,0,1,0,0,0,0,0,0.14705882352941177
llama,user_000068,180,rec_optimized,14,2,0.14285714285714285,5,0,1,0,3,2,5,0,0.14705882352941177
llama,user_000068,365,user_facing,20,2,0.1,14,1,0,0,0,0,6,1,0.35294117647058826
llama,user_000068,365,rec_optimized,0,0,0.0,0,0,0,0,0,0,0,0,0.0
llama,user_000069,30,user_facing,4,0,0.0,4,0,0,0,0,0,0,0,0.125
llama,user_000069,30,rec_optimized,19,6,0.3157894736842105,19,6,0,0,0,0,0,0,0.34375
llama,user_000069,90,user_facing,8,0,0.0,8,0,0,0,0,0,0,0,0.27586206896551724
llama,user_000069,90,rec_optimized,18,5,0.2777777777777778,18,5,0,0,0,0,0,0,0.3793103448275862
llama,user_000069,180,user_facing,14,3,0.21428571428571427,8,2,0,0,0,0,6,1,0.17647058823529413
llama,user_000069,180,rec_optimized,13,5,0.38461538461538464,12,4,0,0,0,0,1,1,0.23529411764705882
llama,user_000069,365,user_facing,9,2,0.2222222222222222,9,2,0,0,0,0,0,0,0.20588235294117646
llama,user_000069,365,rec_optimized,11,4,0.36363636363636365,10,3,0,0,0,0,1,1,0.20588235294117646
llama,user_000072,30,user_facing,22,8,0.36363636363636365,17,8,0,0,0,0,5,0,0.24
llama,user_000072,30,rec_optimized,25,8,0.32,22,8,1,0,0,0,2,0,0.52
llama,user_000072,90,user_facing,8,2,0.25,8,2,0,0,0,0,0,0,0.14285714285714285
llama,user_000072,90,rec_optimized,16,4,0.25,14,4,2,0,0,0,0,0,0.39285714285714285
llama,user_000072,180,user_facing,11,4,0.36363636363636365,4,2,5,0,0,0,2,2,0.08
llama,user_000072,180,rec_optimized,9,1,0.1111111111111111,9,1,0,0,0,0,0,0,0.28
llama,user_000072,365,user_facing,16,7,0.4375,16,7,0,0,0,0,0,0,0.36
llama,user_000072,365,rec_optimized,0,0,0.0,0,0,0,0,0,0,0,0,0.0
llama,user_000074,30,user_facing,10,3,0.3,7,3,0,0,0,0,3,0,0.13157894736842105
llama,user_000074,30,rec_optimized,13,1,0.07692307692307693,13,1,0,0,0,0,0,0,0.34210526315789475
llama,user_000074,90,user_facing,1,0,0.0,1,0,0,0,0,0,0,0,0.030303030303030304
llama,user_000074,90,rec_optimized,8,0,0.0,8,0,0,0,0,0,0,0,0.2727272727272727
llama,user_000074,180,user_facing,11,3,0.2727272727272727,4,0,1,1,1,0,5,2,0.125
llama,user_000074,180,rec_optimized,9,1,0.1111111111111111,8,0,0,0,0,0,1,1,0.25
llama,user_000074,365,user_facing,9,3,0.3333333333333333,6,2,0,0,0,0,3,1,0.125
llama,user_000074,365,rec_optimized,7,2,0.2857142857142857,6,1,0,0,0,0,1,1,0.15625
llama,user_000075,30,user_facing,5,2,0.4,5,2,0,0,0,0,0,0,0.125
llama,user_000075,30,rec_optimized,17,4,0.23529411764705882,16,4,1,0,0,0,0,0,0.4166666666666667
llama,user_000075,90,user_facing,11,3,0.2727272727272727,8,2,0,0,0,0,3,1,0.18518518518518517
llama,user_000075,90,rec_optimized,27,10,0.37037037037037035,25,9,0,0,0,0,2,1,0.5555555555555556
llama,user_000075,180,user_facing,10,3,0.3,10,3,0,0,0,0,0,0,0.15384615384615385
llama,user_000075,180,rec_optimized,34,13,0.38235294117647056,33,12,0,0,0,0,1,1,0.7692307692307693
llama,user_000075,365,user_facing,22,8,0.36363636363636365,18,7,0,0,0,0,4,1,0.38461538461538464
llama,user_000075,365,rec_optimized,24,10,0.4166666666666667,21,9,0,0,0,0,3,1,0.46153846153846156
llama,user_000079,30,user_facing,5,2,0.4,5,2,0,0,0,0,0,0,0.1
llama,user_000079,30,rec_optimized,27,13,0.48148148148148145,26,12,0,0,0,0,1,1,0.5
llama,user_000079,90,user_facing,1,1,1.0,1,1,0,0,0,0,0,0,0.034482758620689655
llama,user_000079,90,rec_optimized,18,5,0.2777777777777778,17,4,0,0,1,1,0,0,0.4827586206896552
llama,user_000079,180,user_facing,16,4,0.25,11,3,0,0,0,0,5,1,0.38461538461538464
llama,user_000079,180,rec_optimized,23,9,0.391304347826087,22,8,0,0,0,0,1,1,0.5384615384615384
llama,user_000079,365,user_facing,4,1,0.25,3,0,0,0,0,0,1,1,0.15384615384615385
llama,user_000079,365,rec_optimized,30,10,0.3333333333333333,21,8,0,0,0,0,9,2,0.5
llama,user_000082,30,user_facing,5,2,0.4,4,1,0,0,0,0,1,1,0.12121212121212122
llama,user_000082,30,rec_optimized,20,2,0.1,7,1,1,0,0,0,12,1,0.24242424242424243
llama,user_000082,90,user_facing,7,2,0.2857142857142857,6,1,0,0,0,0,1,1,0.16129032258064516
llama,user_000082,90,rec_optimized,11,4,0.36363636363636365,11,4,0,0,0,0,0,0,0.2903225806451613
llama,user_000082,180,user_facing,14,7,0.5,6,4,0,0,0,0,8,3,0.09090909090909091
llama,user_000082,180,rec_optimized,15,7,0.4666666666666667,13,5,0,0,2,2,0,0,0.2727272727272727
llama,user_000082,365,user_facing,17,3,0.17647058823529413,8,1,5,0,0,0,4,2,0.30303030303030304
llama,user_000082,365,rec_optimized,9,0,0.0,9,0,0,0,0,0,0,0,0.3333333333333333
llama,user_000083,30,user_facing,8,2,0.25,7,1,0,0,0,0,1,1,0.175
llama,user_000083,30,rec_optimized,8,1,0.125,6,0,0,0,2,1,0,0,0.15
llama,user_000083,90,user_facing,6,2,0.3333333333333333,5,1,0,0,0,0,1,1,0.11428571428571428
llama,user_000083,90,rec_optimized,10,0,0.0,9,0,0,0,1,0,0,0,0.2571428571428571
llama,user_000083,180,user_facing,9,1,0.1111111111111111,6,1,0,0,0,0,3,0,0.15625
llama,user_000083,180,rec_optimized,12,4,0.3333333333333333,9,2,0,0,0,0,3,2,0.21875
llama,user_000083,365,user_facing,2,1,0.5,2,1,0,0,0,0,0,0,0.03125
llama,user_000083,365,rec_optimized,10,3,0.3,7,2,1,0,0,0,2,1,0.15625
llama,user_000084,30,user_facing,18,2,0.1111111111111111,13,2,0,0,0,0,5,0,0.3333333333333333
llama,user_000084,30,rec_optimized,14,2,0.14285714285714285,8,1,0,0,0,0,6,1,0.3333333333333333
llama,user_000084,90,user_facing,11,2,0.18181818181818182,8,2,0,0,0,0,3,0,0.25
llama,user_000084,90,rec_optimized,15,4,0.26666666666666666,15,4,0,0,0,0,0,0,0.3125
llama,user_000084,180,user_facing,4,1,0.25,3,0,0,0,0,0,1,1,0.10810810810810811
llama,user_000084,180,rec_optimized,25,4,0.16,14,4,0,0,0,0,11,0,0.43243243243243246
llama,user_000084,365,user_facing,4,1,0.25,3,0,0,0,0,0,1,1,0.08108108108108109
llama,user_000084,365,rec_optimized,13,3,0.23076923076923078,13,3,0,0,0,0,0,0,0.2702702702702703
llama,user_000085,30,user_facing,10,2,0.2,10,2,0,0,0,0,0,0,0.27586206896551724
llama,user_000085,30,rec_optimized,14,3,0.21428571428571427,13,3,1,0,0,0,0,0,0.3448275862068966
llama,user_000085,90,user_facing,6,1,0.16666666666666666,3,0,0,0,0,0,3,1,0.08333333333333333
llama,user_000085,90,rec_optimized,16,4,0.25,15,3,0,0,0,0,1,1,0.4166666666666667
llama,user_000085,180,user_facing,8,1,0.125,5,1,3,0,0,0,0,0,0.16129032258064516
llama,user_000085,180,rec_optimized,18,4,0.2222222222222222,17,4,1,0,0,0,0,0,0.3870967741935484
llama,user_000085,365,user_facing,1,0,0.0,1,0,0,0,0,0,0,0,0.06451612903225806
llama,user_000085,365,rec_optimized,8,1,0.125,4,1,0,0,0,0,4,0,0.12903225806451613
llama,user_000086,30,user_facing,9,3,0.3333333333333333,9,3,0,0,0,0,0,0,0.10810810810810811
llama,user_000086,30,rec_optimized,13,4,0.3076923076923077,8,3,0,0,0,0,5,1,0.13513513513513514
llama,user_000086,90,user_facing,12,5,0.4166666666666667,11,4,0,0,0,0,1,1,0.16666666666666666
llama,user_000086,90,rec_optimized,12,2,0.16666666666666666,12,2,0,0,0,0,0,0,0.23333333333333334
llama,user_000086,180,user_facing,2,2,1.0,1,1,0,0,0,0,1,1,0.03333333333333333
llama,user_000086,180,rec_optimized,18,3,0.16666666666666666,18,3,0,0,0,0,0,0,0.4666666666666667
llama,user_000086,365,user_facing,6,1,0.16666666666666666,2,0,0,0,0,0,4,1,0.1
llama,user_000086,365,rec_optimized,27,8,0.2962962962962963,19,6,0,0,0,0,8,2,0.4
llama,user_000087,30,user_facing,10,1,0.1,10,1,0,0,0,0,0,0,0.17142857142857143
llama,user_000087,30,rec_optimized,16,2,0.125,14,1,1,0,0,0,1,1,0.2571428571428571
llama,user_000087,90,user_facing,10,3,0.3,10,3,0,0,0,0,0,0,0.14705882352941177
llama,user_000087,90,rec_optimized,21,8,0.38095238095238093,21,8,0,0,0,0,0,0,0.29411764705882354
llama,user_000087,180,user_facing,9,2,0.2222222222222222,9,2,0,0,0,0,0,0,0.2
llama,user_000087,180,rec_optimized,28,6,0.21428571428571427,25,6,3,0,0,0,0,0,0.52
llama,user_000087,365,user_facing,11,0,0.0,10,0,1,0,0,0,0,0,0.24
llama,user_000087,365,rec_optimized,20,5,0.25,20,5,0,0,0,0,0,0,0.4
deepseek,user_000001,30,user_facing,15,3,0.2,10,2,1,0,0,0,4,1,0.24324324324324326
deepseek,user_000001,30,rec_optimized,33,4,0.12121212121212122,19,3,6,0,7,0,1,1,0.4594594594594595
deepseek,user_000001,90,user_facing,12,3,0.25,10,1,0,0,0,0,2,2,0.23809523809523808
deepseek,user_000001,90,rec_optimized,30,11,0.36666666666666664,25,9,3,0,0,0,2,2,0.40476190476190477
deepseek,user_000001,180,user_facing,12,2,0.16666666666666666,8,1,3,0,0,0,1,1,0.20512820512820512
deepseek,user_000001,180,rec_optimized,30,9,0.3,27,7,1,0,0,0,2,2,0.5641025641025641
deepseek,user_000001,365,user_facing,13,3,0.23076923076923078,10,1,1,0,0,0,2,2,0.2564102564102564
deepseek,user_000001,365,rec_optimized,27,5,0.18518518518518517,24,3,1,0,0,0,2,2,0.5897435897435898
deepseek,user_000002,30,user_facing,17,4,0.23529411764705882,10,1,0,0,0,0,7,3,0.2222222222222222
deepseek,user_000002,30,rec_optimized,40,16,0.4,37,14,0,0,0,0,3,2,0.7777777777777778
deepseek,user_000002,90,user_facing,13,4,0.3076923076923077,11,2,0,0,0,0,2,2,0.37037037037037035
deepseek,user_000002,90,rec_optimized,34,11,0.3235294117647059,25,9,0,0,0,0,9,2,0.4444444444444444
deepseek,user_000002,180,user_facing,22,7,0.3181818181818182,16,4,3,0,0,0,3,3,0.37037037037037035
deepseek,user_000002,180,rec_optimized,33,13,0.3939393939393939,30,12,2,0,0,0,1,1,0.5925925925925926
deepseek,user_000002,365,user_facing,17,5,0.29411764705882354,14,3,1,0,0,0,2,2,0.3333333333333333
deepseek,user_000002,365,rec_optimized,35,12,0.34285714285714286,25,10,0,0,0,0,10,2,0.5185185185185185
deepseek,user_000003,30,user_facing,18,2,0.1111111111111111,11,1,0,0,0,0,7,1,0.28125
deepseek,user_000003,30,rec_optimized,57,12,0.21052631578947367,41,10,0,0,0,0,16,2,0.8125
deepseek,user_000003,90,user_facing,11,2,0.18181818181818182,7,0,2,0,0,0,2,2,0.20689655172413793
deepseek,user_000003,90,rec_optimized,33,3,0.09090909090909091,24,3,0,0,0,0,9,0,0.6551724137931034
deepseek,user_000003,180,user_facing,14,1,0.07142857142857142,10,0,0,0,0,0,4,1,0.2413793103448276
deepseek,user_000003,180,rec_optimized,37,2,0.05405405405405406,21,1,0,0,0,0,16,1,0.5172413793103449
deepseek,user_000003,365,user_facing,17,2,0.11764705882352941,6,0,2,0,0,0,9,2,0.1724137931034483
deepseek,user_000003,365,rec_optimized,28,2,0.07142857142857142,23,1,0,0,0,0,5,1,0.5862068965517241
deepseek,user_000004,30,user_facing,28,14,0.5,18,11,5,0,0,0,5,3,0.36363636363636365
deepseek,user_000004,30,rec_optimized,31,12,0.3870967741935484,22,9,4,0,0,0,5,3,0.6818181818181818
deepseek,user_000004,90,user_facing,17,8,0.47058823529411764,16,7,0,0,0,0,1,1,0.2857142857142857
deepseek,user_000004,90,rec_optimized,23,9,0.391304347826087,22,9,0,0,0,0,1,0,0.4642857142857143
deepseek,user_000004,180,user_facing,21,6,0.2857142857142857,15,6,0,0,0,0,6,0,0.32142857142857145
deepseek,user_000004,180,rec_optimized,32,9,0.28125,27,9,0,0,0,0,5,0,0.6071428571428571
deepseek,user_000004,365,user_facing,9,2,0.2222222222222222,9,2,0,0,0,0,0,0,0.2857142857142857
deepseek,user_000004,365,rec_optimized,28,8,0.2857142857142857,28,8,0,0,0,0,0,0,0.6785714285714286
deepseek,user_000005,30,user_facing,13,2,0.15384615384615385,13,2,0,0,0,0,0,0,0.36666666666666664
deepseek,user_000005,30,rec_optimized,45,12,0.26666666666666666,30,10,0,0,1,0,14,2,0.6666666666666666
deepseek,user_000005,90,user_facing,7,1,0.14285714285714285,6,0,0,0,0,0,1,1,0.21875
deepseek,user_000005,90,rec_optimized,37,10,0.2702702702702703,33,10,2,0,0,0,2,0,0.8125
deepseek,user_000005,180,user_facing,9,2,0.2222222222222222,5,0,0,0,0,0,4,2,0.16216216216216217
deepseek,user_000005,180,rec_optimized,39,13,0.3333333333333333,36,11,1,0,0,0,2,2,0.7567567567567568
deepseek,user_000005,365,user_facing,18,3,0.16666666666666666,8,1,5,0,0,0,5,2,0.21621621621621623
deepseek,user_000005,365,rec_optimized,34,11,0.3235294117647059,25,10,0,0,0,0,9,1,0.4864864864864865
deepseek,user_000008,30,user_facing,8,1,0.125,8,1,0,0,0,0,0,0,0.21875
deepseek,user_000008,30,rec_optimized,24,6,0.25,19,6,5,0,0,0,0,0,0.46875
deepseek,user_000008,90,user_facing,10,3,0.3,6,2,0,0,0,0,4,1,0.1111111111111111
deepseek,user_000008,90,rec_optimized,58,18,0.3103448275862069,41,16,4,0,4,0,9,2,0.75
deepseek,user_000008,180,user_facing,12,3,0.25,12,3,0,0,0,0,0,0,0.21621621621621623
deepseek,user_000008,180,rec_optimized,47,18,0.3829787234042553,37,17,0,0,0,0,10,1,0.5945945945945946
deepseek,user_000008,365,user_facing,1,0,0.0,1,0,0,0,0,0,0,0,0.02702702702702703
deepseek,user_000008,365,rec_optimized,42,19,0.4523809523809524,42,19,0,0,0,0,0,0,0.6486486486486487
deepseek,user_000009,30,user_facing,13,6,0.46153846153846156,11,4,0,0,0,0,2,2,0.16666666666666666
deepseek,user_000009,30,rec_optimized,46,12,0.2608695652173913,41,12,1,0,0,0,4,0,0.8
deepseek,user_000009,90,user_facing,14,2,0.14285714285714285,11,2,0,0,0,0,3,0,0.1935483870967742
deepseek,user_000009,90,rec_optimized,52,14,0.2692307692307692,44,14,7,0,0,0,1,0,0.8387096774193549
deepseek,user_000009,180,user_facing,14,4,0.2857142857142857,14,4,0,0,0,0,0,0,0.28
deepseek,user_000009,180,rec_optimized,37,13,0.35135135135135137,37,13,0,0,0,0,0,0,0.72
deepseek,user_000009,365,user_facing,18,3,0.16666666666666666,13,3,3,0,2,0,0,0,0.28
deepseek,user_000009,365,rec_optimized,43,11,0.2558139534883721,38,11,5,0,0,0,0,0,0.88
deepseek,user_000012,30,user_facing,12,4,0.3333333333333333,8,3,0,0,0,0,4,1,0.18181818181818182
deepseek,user_000012,30,rec_optimized,31,10,0.3225806451612903,30,10,1,0,0,0,0,0,0.6363636363636364
deepseek,user_000012,90,user_facing,5,1,0.2,4,0,0,0,0,0,1,1,0.09090909090909091
deepseek,user_000012,90,rec_optimized,38,10,0.2631578947368421,28,9,2,0,7,0,1,1,0.4090909090909091
deepseek,user_000012,180,user_facing,10,2,0.2,8,1,1,0,0,0,1,1,0.19047619047619047
deepseek,user_000012,180,rec_optimized,41,13,0.3170731707317073,37,12,3,0,0,0,1,1,0.5476190476190477
deepseek,user_000012,365,user_facing,7,2,0.2857142857142857,6,1,0,0,0,0,1,1,0.14285714285714285
deepseek,user_000012,365,rec_optimized,35,8,0.22857142857142856,33,7,1,0,0,0,1,1,0.5476190476190477
deepseek,user_000015,30,user_facing,10,2,0.2,7,2,0,0,0,0,3,0,0.21428571428571427
deepseek,user_000015,30,rec_optimized,45,11,0.24444444444444444,36,10,0,0,0,0,9,1,0.9285714285714286
deepseek,user_000015,90,user_facing,16,5,0.3125,12,4,0,0,0,0,4,1,0.3333333333333333
deepseek,user_000015,90,rec_optimized,38,11,0.2894736842105263,38,11,0,0,0,0,0,0,0.9259259259259259
deepseek,user_000015,180,user_facing,13,2,0.15384615384615385,10,2,0,0,0,0,3,0,0.2692307692307692
deepseek,user_000015,180,rec_optimized,29,8,0.27586206896551724,27,8,0,0,0,0,2,0,0.5769230769230769
deepseek,user_000015,365,user_facing,7,1,0.14285714285714285,4,1,3,0,0,0,0,0,0.15384615384615385
deepseek,user_000015,365,rec_optimized,26,5,0.19230769230769232,26,5,0,0,0,0,0,0,0.6538461538461539
deepseek,user_000016,30,user_facing,9,1,0.1111111111111111,6,1,0,0,0,0,3,0,0.14285714285714285
deepseek,user_000016,30,rec_optimized,34,11,0.3235294117647059,27,11,0,0,0,0,7,0,0.5357142857142857
deepseek,user_000016,90,user_facing,9,1,0.1111111111111111,7,0,1,0,0,0,1,1,0.20833333333333334
deepseek,user_000016,90,rec_optimized,25,6,0.24,16,5,1,0,0,0,8,1,0.4583333333333333
deepseek,user_000016,180,user_facing,8,1,0.125,7,0,0,0,0,0,1,1,0.21739130434782608
deepseek,user_000016,180,rec_optimized,12,1,0.08333333333333333,12,1,0,0,0,0,0,0,0.4782608695652174
deepseek,user_000016,365,user_facing,8,0,0.0,6,0,0,0,2,0,0,0,0.17391304347826086
deepseek,user_000016,365,rec_optimized,19,3,0.15789473684210525,15,3,0,0,0,0,4,0,0.5217391304347826
deepseek,user_000017,30,user_facing,16,5,0.3125,10,3,0,0,0,0,6,2,0.34782608695652173
deepseek,user_000017,30,rec_optimized,37,5,0.13513513513513514,17,4,1,0,11,0,8,1,0.6521739130434783
deepseek,user_000017,90,user_facing,8,2,0.25,4,0,2,0,0,0,2,2,0.21052631578947367
deepseek,user_000017,90,rec_optimized,34,10,0.29411764705882354,20,9,4,0,0,0,10,1,0.7368421052631579
deepseek,user_000017,180,user_facing,15,4,0.26666666666666666,13,3,1,0,0,0,1,1,0.6666666666666666
deepseek,user_000017,180,rec_optimized,31,8,0.25806451612903225,22,7,3,0,0,0,6,1,1.0
deepseek,user_000017,365,user_facing,7,2,0.2857142857142857,5,1,1,0,0,0,1,1,0.26666666666666666
deepseek,user_000017,365,rec_optimized,30,6,0.2,13,2,0,0,2,2,15,2,0.6
deepseek,user_000020,30,user_facing,12,2,0.16666666666666666,10,1,1,0,0,0,1,1,0.38095238095238093
deepseek,user_000020,30,rec_optimized,29,5,0.1724137931034483,19,4,2,0,7,0,1,1,0.7142857142857143
deepseek,user_000020,90,user_facing,10,0,0.0,8,0,1,0,0,0,1,0,0.391304347826087
deepseek,user_000020,90,rec_optimized,28,8,0.2857142857142857,18,6,1,0,0,0,9,2,0.4782608695652174
deepseek,user_000020,180,user_facing,11,3,0.2727272727272727,6,2,1,0,0,0,4,1,0.17391304347826086
deepseek,user_000020,180,rec_optimized,37,4,0.10810810810810811,21,2,4,0,3,0,9,2,0.782608695652174
deepseek,user_000020,365,user_facing,14,3,0.21428571428571427,10,1,1,0,0,0,3,2,0.34782608695652173
deepseek,user_000020,365,rec_optimized,28,3,0.10714285714285714,16,3,1,0,0,0,11,0,0.5217391304347826
deepseek,user_000021,30,user_facing,16,7,0.4375,15,6,0,0,0,0,1,1,0.2916666666666667
deepseek,user_000021,30,rec_optimized,27,10,0.37037037037037035,26,9,0,0,0,0,1,1,0.5833333333333334
deepseek,user_000021,90,user_facing,8,2,0.25,7,1,0,0,0,0,1,1,0.2631578947368421
deepseek,user_000021,90,rec_optimized,31,10,0.3225806451612903,31,10,0,0,0,0,0,0,0.7894736842105263
deepseek,user_000021,180,user_facing,9,2,0.2222222222222222,9,2,0,0,0,0,0,0,0.3181818181818182
deepseek,user_000021,180,rec_optimized,35,9,0.2571428571428571,34,8,0,0,0,0,1,1,1.0
deepseek,user_000021,365,user_facing,7,1,0.14285714285714285,5,1,2,0,0,0,0,0,0.22727272727272727
deepseek,user_000021,365,rec_optimized,45,10,0.2222222222222222,32,8,2,0,4,0,7,2,0.9090909090909091
deepseek,user_000022,30,user_facing,12,3,0.25,12,3,0,0,0,0,0,0,0.3103448275862069
deepseek,user_000022,30,rec_optimized,30,9,0.3,29,9,1,0,0,0,0,0,0.7931034482758621
deepseek,user_000022,90,user_facing,15,9,0.6,11,6,1,0,0,0,3,3,0.12903225806451613
deepseek,user_000022,90,rec_optimized,27,13,0.48148148148148145,27,13,0,0,0,0,0,0,0.45161290322580644
deepseek,user_000022,180,user_facing,9,3,0.3333333333333333,7,2,1,0,0,0,1,1,0.1724137931034483
deepseek,user_000022,180,rec_optimized,45,13,0.28888888888888886,28,11,5,0,10,0,2,2,0.5862068965517241
deepseek,user_000022,365,user_facing,12,3,0.25,11,2,0,0,1,1,0,0,0.3103448275862069
deepseek,user_000022,365,rec_optimized,33,13,0.3939393939393939,33,13,0,0,0,0,0,0,0.7241379310344828
deepseek,user_000023,30,user_facing,12,1,0.08333333333333333,9,0,0,0,0,0,3,1,0.225
deepseek,user_000023,30,rec_optimized,33,9,0.2727272727272727,30,7,1,0,0,0,2,2,0.675
deepseek,user_000023,90,user_facing,8,1,0.125,6,1,0,0,2,0,0,0,0.21052631578947367
deepseek,user_000023,90,rec_optimized,40,7,0.175,25,5,1,0,0,0,14,2,0.631578947368421
deepseek,user_000023,180,user_facing,16,6,0.375,15,5,0,0,0,0,1,1,0.32558139534883723
deepseek,user_000023,180,rec_optimized,42,10,0.23809523809523808,40,9,1,0,0,0,1,1,0.9302325581395349
deepseek,user_000023,365,user_facing,10,3,0.3,6,1,2,0,0,0,2,2,0.16279069767441862
deepseek,user_000023,365,rec_optimized,48,9,0.1875,30,6,1,0,0,0,17,3,0.7674418604651163
deepseek,user_000024,30,user_facing,17,5,0.29411764705882354,14,5,1,0,2,0,0,0,0.4666666666666667
deepseek,user_000024,30,rec_optimized,24,6,0.25,17,6,2,0,5,0,0,0,0.6666666666666666
deepseek,user_000024,90,user_facing,9,2,0.2222222222222222,8,2,1,0,0,0,0,0,0.26666666666666666
deepseek,user_000024,90,rec_optimized,13,5,0.38461538461538464,13,5,0,0,0,0,0,0,0.3333333333333333
deepseek,user_000024,180,user_facing,19,7,0.3684210526315789,14,5,1,0,2,0,2,2,0.5384615384615384
deepseek,user_000024,180,rec_optimized,48,17,0.3541666666666667,26,15,1,0,6,1,15,1,0.8461538461538461
deepseek,user_000024,365,user_facing,17,8,0.47058823529411764,14,5,0,0,0,0,3,3,0.5384615384615384
deepseek,user_000024,365,rec_optimized,36,15,0.4166666666666667,26,14,2,0,7,0,1,1,1.0
deepseek,user_000025,30,user_facing,19,5,0.2631578947368421,15,3,0,0,0,0,4,2,0.2857142857142857
deepseek,user_000025,30,rec_optimized,28,7,0.25,25,6,0,0,0,0,3,1,0.4857142857142857
deepseek,user_000025,90,user_facing,9,1,0.1111111111111111,9,1,0,0,0,0,0,0,0.2
deepseek,user_000025,90,rec_optimized,36,11,0.3055555555555556,35,10,0,0,0,0,1,1,0.6571428571428571
deepseek,user_000025,180,user_facing,17,3,0.17647058823529413,12,0,2,0,0,0,3,3,0.3142857142857143
deepseek,user_000025,180,rec_optimized,25,5,0.2,25,5,0,0,0,0,0,0,0.5142857142857142
deepseek,user_000025,365,user_facing,14,3,0.21428571428571427,10,1,2,0,0,0,2,2,0.22857142857142856
deepseek,user_000025,365,rec_optimized,38,10,0.2631578947368421,32,9,1,0,0,0,5,1,0.5714285714285714
deepseek,user_000029,30,user_facing,14,3,0.21428571428571427,12,2,1,0,0,0,1,1,0.44
deepseek,user_000029,30,rec_optimized,26,4,0.15384615384615385,14,2,1,0,0,0,11,2,0.56
deepseek,user_000029,90,user_facing,18,3,0.16666666666666666,11,2,1,0,1,0,5,1,0.4090909090909091
deepseek,user_000029,90,rec_optimized,19,5,0.2631578947368421,18,4,0,0,0,0,1,1,0.5909090909090909
deepseek,user_000029,180,user_facing,13,2,0.15384615384615385,11,1,1,0,0,0,1,1,0.43478260869565216
deepseek,user_000029,180,rec_optimized,26,9,0.34615384615384615,20,8,1,0,0,0,5,1,0.5217391304347826
deepseek,user_000029,365,user_facing,17,5,0.29411764705882354,12,2,0,0,0,0,5,3,0.43478260869565216
deepseek,user_000029,365,rec_optimized,27,7,0.25925925925925924,15,5,0,0,0,0,12,2,0.391304347826087
deepseek,user_000030,30,user_facing,13,3,0.23076923076923078,10,2,0,0,0,0,3,1,0.21428571428571427
deepseek,user_000030,30,rec_optimized,50,15,0.3,47,14,0,0,0,0,3,1,0.8095238095238095
deepseek,user_000030,90,user_facing,10,3,0.3,9,2,0,0,0,0,1,1,0.25
deepseek,user_000030,90,rec_optimized,28,9,0.32142857142857145,27,8,0,0,0,0,1,1,0.75
deepseek,user_000030,180,user_facing,13,4,0.3076923076923077,10,2,1,0,0,0,2,2,0.2857142857142857
deepseek,user_000030,180,rec_optimized,28,9,0.32142857142857145,24,8,0,0,1,0,3,1,0.6428571428571429
deepseek,user_000030,365,user_facing,11,4,0.36363636363636365,7,1,1,0,0,0,3,3,0.21428571428571427
deepseek,user_000030,365,rec_optimized,40,15,0.375,31,12,3,0,0,0,6,3,0.7857142857142857
deepseek,user_000031,30,user_facing,12,5,0.4166666666666667,12,5,0,0,0,0,0,0,0.17073170731707318
deepseek,user_000031,30,rec_optimized,42,17,0.40476190476190477,42,17,0,0,0,0,0,0,0.6829268292682927
deepseek,user_000031,90,user_facing,17,5,0.29411764705882354,14,5,0,0,0,0,3,0,0.325
deepseek,user_000031,90,rec_optimized,36,10,0.2777777777777778,31,10,0,0,0,0,5,0,0.625
deepseek,user_000031,180,user_facing,17,5,0.29411764705882354,14,4,2,0,0,0,1,1,0.24390243902439024
deepseek,user_000031,180,rec_optimized,46,16,0.34782608695652173,41,14,4,1,0,0,1,1,0.8292682926829268
deepseek,user_000031,365,user_facing,1,1,1.0,0,0,0,0,0,0,1,1,0.024390243902439025
deepseek,user_000031,365,rec_optimized,31,9,0.2903225806451613,25,9,0,0,0,0,6,0,0.43902439024390244
deepseek,user_000033,30,user_facing,10,3,0.3,7,2,2,0,0,0,1,1,0.21428571428571427
deepseek,user_000033,30,rec_optimized,27,9,0.3333333333333333,25,8,1,0,0,0,1,1,0.6428571428571429
deepseek,user_000033,90,user_facing,10,2,0.2,9,2,0,0,0,0,1,0,0.3076923076923077
deepseek,user_000033,90,rec_optimized,35,12,0.34285714285714286,31,11,2,0,0,0,2,1,0.8461538461538461
deepseek,user_000033,180,user_facing,5,1,0.2,4,0,0,0,0,0,1,1,0.15384615384615385
deepseek,user_000033,180,rec_optimized,52,21,0.40384615384615385,41,20,8,0,2,0,1,1,0.8846153846153846
deepseek,user_000033,365,user_facing,7,2,0.2857142857142857,7,2,0,0,0,0,0,0,0.19230769230769232
deepseek,user_000033,365,rec_optimized,45,19,0.4222222222222222,34,18,7,0,0,0,4,1,0.6923076923076923
deepseek,user_000035,30,user_facing,6,0,0.0,5,0,1,0,0,0,0,0,0.1388888888888889
deepseek,user_000035,30,rec_optimized,26,9,0.34615384615384615,22,7,1,0,0,0,3,2,0.4444444444444444
deepseek,user_000035,90,user_facing,3,0,0.0,3,0,0,0,0,0,0,0,0.10526315789473684
deepseek,user_000035,90,rec_optimized,34,6,0.17647058823529413,30,5,3,0,0,0,1,1,0.7894736842105263
deepseek,user_000035,180,user_facing,9,1,0.1111111111111111,5,0,1,0,0,0,3,1,0.17142857142857143
deepseek,user_000035,180,rec_optimized,34,5,0.14705882352941177,21,3,1,0,0,0,12,2,0.6285714285714286
deepseek,user_000035,365,user_facing,13,4,0.3076923076923077,10,1,0,0,0,0,3,3,0.2857142857142857
deepseek,user_000035,365,rec_optimized,20,2,0.1,19,2,1,0,0,0,0,0,0.5428571428571428
deepseek,user_000036,30,user_facing,12,2,0.16666666666666666,10,2,0,0,0,0,2,0,0.15789473684210525
deepseek,user_000036,30,rec_optimized,49,16,0.32653061224489793,47,16,2,0,0,0,0,0,0.7631578947368421
deepseek,user_000036,90,user_facing,7,1,0.14285714285714285,4,0,2,0,0,0,1,1,0.07894736842105263
deepseek,user_000036,90,rec_optimized,38,10,0.2631578947368421,35,9,2,0,0,0,1,1,0.5789473684210527
deepseek,user_000036,180,user_facing,5,0,0.0,4,0,1,0,0,0,0,0,0.10810810810810811
deepseek,user_000036,180,rec_optimized,38,8,0.21052631578947367,35,7,2,0,0,0,1,1,0.7837837837837838
deepseek,user_000036,365,user_facing,4,0,0.0,4,0,0,0,0,0,0,0,0.10810810810810811
deepseek,user_000036,365,rec_optimized,44,12,0.2727272727272727,34,11,2,0,0,0,8,1,0.6216216216216216
deepseek,user_000037,30,user_facing,12,3,0.25,7,2,4,0,0,0,1,1,0.10810810810810811
deepseek,user_000037,30,rec_optimized,32,6,0.1875,32,6,0,0,0,0,0,0,0.8108108108108109
deepseek,user_000037,90,user_facing,3,1,0.3333333333333333,3,1,0,0,0,0,0,0,0.058823529411764705
deepseek,user_000037,90,rec_optimized,29,11,0.3793103448275862,28,10,0,0,0,0,1,1,0.5882352941176471
deepseek,user_000037,180,user_facing,7,3,0.42857142857142855,6,2,0,0,0,0,1,1,0.15625
deepseek,user_000037,180,rec_optimized,27,8,0.2962962962962963,27,8,0,0,0,0,0,0,0.71875
deepseek,user_000037,365,user_facing,11,4,0.36363636363636365,7,2,0,0,0,0,4,2,0.1875
deepseek,user_000037,365,rec_optimized,27,5,0.18518518518518517,22,4,0,0,0,0,5,1,0.6875
deepseek,user_000038,30,user_facing,8,3,0.375,7,2,0,0,0,0,1,1,0.35294117647058826
deepseek,user_000038,30,rec_optimized,21,5,0.23809523809523808,21,5,0,0,0,0,0,0,0.9411764705882353
deepseek,user_000038,90,user_facing,10,1,0.1,6,1,0,0,2,0,2,0,0.25
deepseek,user_000038,90,rec_optimized,23,8,0.34782608695652173,23,8,0,0,0,0,0,0,0.7
deepseek,user_000038,180,user_facing,7,0,0.0,2,0,3,0,1,0,1,0,0.15
deepseek,user_000038,180,rec_optimized,21,4,0.19047619047619047,14,4,3,0,0,0,4,0,0.55
deepseek,user_000038,365,user_facing,10,3,0.3,9,3,1,0,0,0,0,0,0.35
deepseek,user_000038,365,rec_optimized,22,4,0.18181818181818182,20,4,2,0,0,0,0,0,0.85
deepseek,user_000040,30,user_facing,8,2,0.25,7,2,1,0,0,0,0,0,0.23333333333333334
deepseek,user_000040,30,rec_optimized,29,7,0.2413793103448276,26,6,2,0,0,0,1,1,0.7333333333333333
deepseek,user_000040,90,user_facing,4,0,0.0,4,0,0,0,0,0,0,0,0.0967741935483871
deepseek,user_000040,90,rec_optimized,26,9,0.34615384615384615,25,8,1,1,0,0,0,0,0.6451612903225806
deepseek,user_000040,180,user_facing,15,6,0.4,14,5,0,0,0,0,1,1,0.4090909090909091
deepseek,user_000040,180,rec_optimized,27,9,0.3333333333333333,27,9,0,0,0,0,0,0,0.9090909090909091
deepseek,user_000040,365,user_facing,14,6,0.42857142857142855,11,4,1,0,0,0,2,2,0.3181818181818182
deepseek,user_000040,365,rec_optimized,21,4,0.19047619047619047,18,4,3,0,0,0,0,0,0.7272727272727273
deepseek,user_000041,30,user_facing,6,0,0.0,5,0,1,0,0,0,0,0,0.17647058823529413
deepseek,user_000041,30,rec_optimized,40,14,0.35,38,13,0,0,0,0,2,1,0.8235294117647058
deepseek,user_000041,90,user_facing,9,1,0.1111111111111111,8,1,1,0,0,0,0,0,0.2
deepseek,user_000041,90,rec_optimized,38,15,0.39473684210526316,38,15,0,0,0,0,0,0,0.6857142857142857
deepseek,user_000041,180,user_facing,8,1,0.125,4,0,0,0,0,0,4,1,0.15384615384615385
deepseek,user_000041,180,rec_optimized,15,4,0.26666666666666666,11,4,0,0,0,0,4,0,0.2692307692307692
deepseek,user_000041,365,user_facing,6,1,0.16666666666666666,6,1,0,0,0,0,0,0,0.19230769230769232
deepseek,user_000041,365,rec_optimized,10,0,0.0,9,0,0,0,0,0,1,0,0.34615384615384615
deepseek,user_000044,30,user_facing,13,3,0.23076923076923078,9,2,3,0,0,0,1,1,0.18421052631578946
deepseek,user_000044,30,rec_optimized,50,7,0.14,30,7,5,0,0,0,15,0,0.631578947368421
deepseek,user_000044,90,user_facing,9,3,0.3333333333333333,7,1,0,0,0,0,2,2,0.21212121212121213
deepseek,user_000044,90,rec_optimized,38,6,0.15789473684210525,23,5,1,0,0,0,14,1,0.6060606060606061
deepseek,user_000044,180,user_facing,5,2,0.4,5,2,0,0,0,0,0,0,0.09090909090909091
deepseek,user_000044,180,rec_optimized,65,6,0.09230769230769231,31,5,8,0,10,0,16,1,0.7575757575757576
deepseek,user_000044,365,user_facing,10,3,0.3,6,2,3,0,0,0,1,1,0.15151515151515152
deepseek,user_000044,365,rec_optimized,39,5,0.1282051282051282,17,4,6,0,0,0,16,1,0.3939393939393939
deepseek,user_000046,30,user_facing,15,2,0.13333333333333333,14,2,1,0,0,0,0,0,0.2571428571428571
deepseek,user_000046,30,rec_optimized,44,11,0.25,42,10,0,0,0,0,2,1,0.7142857142857143
deepseek,user_000046,90,user_facing,13,2,0.15384615384615385,7,0,0,0,2,0,4,2,0.23076923076923078
deepseek,user_000046,90,rec_optimized,32,5,0.15625,27,3,0,0,0,0,5,2,0.6923076923076923
deepseek,user_000046,180,user_facing,13,5,0.38461538461538464,10,2,0,0,0,0,3,3,0.23076923076923078
deepseek,user_000046,180,rec_optimized,38,8,0.21052631578947367,35,7,0,0,0,0,3,1,0.8076923076923077
deepseek,user_000046,365,user_facing,13,3,0.23076923076923078,12,2,0,0,0,0,1,1,0.3076923076923077
deepseek,user_000046,365,rec_optimized,31,5,0.16129032258064516,29,4,0,0,0,0,2,1,0.7307692307692307
deepseek,user_000053,30,user_facing,10,1,0.1,7,1,0,0,0,0,3,0,0.18181818181818182
deepseek,user_000053,30,rec_optimized,41,13,0.3170731707317073,35,9,0,0,0,0,6,4,0.7575757575757576
deepseek,user_000053,90,user_facing,13,3,0.23076923076923078,10,1,1,0,0,0,2,2,0.21428571428571427
deepseek,user_000053,90,rec_optimized,39,5,0.1282051282051282,28,2,1,0,0,0,10,3,0.6190476190476191
deepseek,user_000053,180,user_facing,12,5,0.4166666666666667,9,2,0,0,0,0,3,3,0.175
deepseek,user_000053,180,rec_optimized,37,11,0.2972972972972973,35,9,0,0,0,0,2,2,0.65
deepseek,user_000053,365,user_facing,15,5,0.3333333333333333,10,3,0,0,0,0,5,2,0.175
deepseek,user_000053,365,rec_optimized,31,9,0.2903225806451613,20,6,1,1,0,0,10,2,0.325
deepseek,user_000054,30,user_facing,10,1,0.1,10,1,0,0,0,0,0,0,0.32
deepseek,user_000054,30,rec_optimized,35,15,0.42857142857142855,34,15,0,0,0,0,1,0,0.76
deepseek,user_000054,90,user_facing,11,1,0.09090909090909091,8,1,0,0,0,0,3,0,0.25
deepseek,user_000054,90,rec_optimized,36,5,0.1388888888888889,21,3,4,0,0,0,11,2,0.7083333333333334
deepseek,user_000054,180,user_facing,9,0,0.0,7,0,0,0,1,0,1,0,0.32
deepseek,user_000054,180,rec_optimized,24,6,0.25,21,5,0,0,0,0,3,1,0.6
deepseek,user_000054,365,user_facing,13,3,0.23076923076923078,10,0,0,0,0,0,3,3,0.36
deepseek,user_000054,365,rec_optimized,35,10,0.2857142857142857,29,9,0,0,0,0,6,1,0.76
deepseek,user_000055,30,user_facing,11,5,0.45454545454545453,9,3,0,0,0,0,2,2,0.15789473684210525
deepseek,user_000055,30,rec_optimized,37,5,0.13513513513513514,32,3,2,0,0,0,3,2,0.7894736842105263
deepseek,user_000055,90,user_facing,11,2,0.18181818181818182,9,1,1,0,0,0,1,1,0.28125
deepseek,user_000055,90,rec_optimized,20,2,0.1,18,2,2,0,0,0,0,0,0.5625
deepseek,user_000055,180,user_facing,13,1,0.07692307692307693,10,1,3,0,0,0,0,0,0.3125
deepseek,user_000055,180,rec_optimized,26,4,0.15384615384615385,24,4,2,0,0,0,0,0,0.6875
deepseek,user_000055,365,user_facing,7,1,0.14285714285714285,5,1,2,0,0,0,0,0,0.15625
deepseek,user_000055,365,rec_optimized,34,10,0.29411764705882354,32,9,1,0,0,0,1,1,0.84375
deepseek,user_000056,30,user_facing,7,1,0.14285714285714285,6,0,0,0,0,0,1,1,0.21212121212121213
deepseek,user_000056,30,rec_optimized,34,10,0.29411764705882354,28,8,5,1,0,0,1,1,0.5757575757575758
deepseek,user_000056,90,user_facing,6,0,0.0,4,0,2,0,0,0,0,0,0.1724137931034483
deepseek,user_000056,90,rec_optimized,43,10,0.23255813953488372,23,7,4,0,0,0,16,3,0.6551724137931034
deepseek,user_000056,180,user_facing,8,1,0.125,7,1,1,0,0,0,0,0,0.3181818181818182
deepseek,user_000056,180,rec_optimized,41,21,0.5121951219512195,31,13,1,0,1,1,8,7,0.8636363636363636
deepseek,user_000056,365,user_facing,9,0,0.0,6,0,3,0,0,0,0,0,0.3181818181818182
deepseek,user_000056,365,rec_optimized,30,9,0.3,21,6,6,0,0,0,3,3,0.7272727272727273
deepseek,user_000063,30,user_facing,12,1,0.08333333333333333,10,1,0,0,0,0,2,0,0.22580645161290322
deepseek,user_000063,30,rec_optimized,42,8,0.19047619047619047,27,6,3,0,0,0,12,2,0.6451612903225806
deepseek,user_000063,90,user_facing,10,1,0.1,10,1,0,0,0,0,0,0,0.19230769230769232
deepseek,user_000063,90,rec_optimized,31,6,0.1935483870967742,29,5,1,0,0,0,1,1,0.7307692307692307
deepseek,user_000063,180,user_facing,10,1,0.1,9,0,0,0,0,0,1,1,0.25
deepseek,user_000063,180,rec_optimized,30,4,0.13333333333333333,22,3,7,0,0,0,1,1,0.5357142857142857
deepseek,user_000063,365,user_facing,13,2,0.15384615384615385,12,1,0,0,0,0,1,1,0.25
deepseek,user_000063,365,rec_optimized,45,5,0.1111111111111111,29,2,1,0,0,0,15,3,0.8928571428571429
deepseek,user_000064,30,user_facing,15,5,0.3333333333333333,12,4,2,0,0,0,1,1,0.25925925925925924
deepseek,user_000064,30,rec_optimized,55,16,0.2909090909090909,43,16,3,0,0,0,9,0,0.8518518518518519
deepseek,user_000064,90,user_facing,10,1,0.1,9,0,0,0,0,0,1,1,0.2692307692307692
deepseek,user_000064,90,rec_optimized,25,6,0.24,21,5,3,0,0,0,1,1,0.46153846153846156
deepseek,user_000064,180,user_facing,10,0,0.0,9,0,0,0,0,0,1,0,0.2692307692307692
deepseek,user_000064,180,rec_optimized,36,10,0.2777777777777778,34,9,2,1,0,0,0,0,0.7692307692307693
deepseek,user_000064,365,user_facing,14,5,0.35714285714285715,12,4,1,0,0,0,1,1,0.19230769230769232
deepseek,user_000064,365,rec_optimized,34,7,0.20588235294117646,23,6,4,0,6,0,1,1,0.46153846153846156
deepseek,user_000065,30,user_facing,13,2,0.15384615384615385,8,1,1,0,0,0,4,1,0.25
deepseek,user_000065,30,rec_optimized,43,19,0.4418604651162791,37,18,0,0,0,0,6,1,0.65625
deepseek,user_000065,90,user_facing,12,4,0.3333333333333333,12,4,0,0,0,0,0,0,0.23529411764705882
deepseek,user_000065,90,rec_optimized,48,23,0.4791666666666667,46,23,2,0,0,0,0,0,0.7352941176470589
deepseek,user_000065,180,user_facing,16,6,0.375,10,3,3,0,0,0,3,3,0.17142857142857143
deepseek,user_000065,180,rec_optimized,50,19,0.38,47,18,1,0,0,0,2,1,0.8857142857142857
deepseek,user_000065,365,user_facing,16,6,0.375,16,6,0,0,0,0,0,0,0.2857142857142857
deepseek,user_000065,365,rec_optimized,35,14,0.4,35,14,0,0,0,0,0,0,0.6285714285714286
deepseek,user_000066,30,user_facing,10,2,0.2,8,1,1,0,0,0,1,1,0.3333333333333333
deepseek,user_000066,30,rec_optimized,25,7,0.28,20,6,1,0,0,0,4,1,0.6190476190476191
deepseek,user_000066,90,user_facing,18,7,0.3888888888888889,15,6,2,0,0,0,1,1,0.2647058823529412
deepseek,user_000066,90,rec_optimized,49,14,0.2857142857142857,38,14,4,0,0,0,7,0,0.7352941176470589
deepseek,user_000066,180,user_facing,19,6,0.3157894736842105,13,5,3,0,0,0,3,1,0.23529411764705882
deepseek,user_000066,180,rec_optimized,61,13,0.21311475409836064,40,12,1,0,7,0,13,1,0.8823529411764706
deepseek,user_000066,365,user_facing,9,1,0.1111111111111111,9,1,0,0,0,0,0,0,0.20588235294117646
deepseek,user_000066,365,rec_optimized,55,15,0.2727272727272727,39,14,2,0,0,0,14,1,0.7941176470588235
deepseek,user_000067,30,user_facing,17,3,0.17647058823529413,11,2,1,0,0,0,5,1,0.36363636363636365
deepseek,user_000067,30,rec_optimized,26,2,0.07692307692307693,12,1,0,0,0,0,14,1,0.5
deepseek,user_000067,90,user_facing,7,0,0.0,6,0,1,0,0,0,0,0,0.2
deepseek,user_000067,90,rec_optimized,31,8,0.25806451612903225,21,7,1,0,0,0,9,1,0.52
deepseek,user_000067,180,user_facing,13,1,0.07692307692307693,7,0,3,0,0,0,3,1,0.20689655172413793
deepseek,user_000067,180,rec_optimized,26,8,0.3076923076923077,23,8,1,0,0,0,2,0,0.5172413793103449
deepseek,user_000067,365,user_facing,18,4,0.2222222222222222,15,4,0,0,0,0,3,0,0.3448275862068966
deepseek,user_000067,365,rec_optimized,21,5,0.23809523809523808,15,3,1,0,0,0,5,2,0.3793103448275862
deepseek,user_000068,30,user_facing,7,1,0.14285714285714285,7,1,0,0,0,0,0,0,0.2
deepseek,user_000068,30,rec_optimized,24,5,0.20833333333333334,21,4,0,0,0,0,3,1,0.4857142857142857
deepseek,user_000068,90,user_facing,10,4,0.4,9,3,0,0,0,0,1,1,0.20588235294117646
deepseek,user_000068,90,rec_optimized,40,9,0.225,38,9,1,0,0,0,1,0,0.8529411764705882
deepseek,user_000068,180,user_facing,14,2,0.14285714285714285,11,1,0,0,0,0,3,1,0.29411764705882354
deepseek,user_000068,180,rec_optimized,29,5,0.1724137931034483,18,4,3,0,0,0,8,1,0.38235294117647056
deepseek,user_000068,365,user_facing,11,2,0.18181818181818182,11,2,0,0,0,0,0,0,0.2647058823529412
deepseek,user_000068,365,rec_optimized,40,10,0.25,38,9,0,0,0,0,2,1,0.8235294117647058
deepseek,user_000069,30,user_facing,11,3,0.2727272727272727,6,1,0,0,0,0,5,2,0.15625
deepseek,user_000069,30,rec_optimized,52,12,0.23076923076923078,37,11,3,0,6,0,6,1,0.8125
deepseek,user_000069,90,user_facing,9,0,0.0,8,0,1,0,0,0,0,0,0.27586206896551724
deepseek,user_000069,90,rec_optimized,43,6,0.13953488372093023,28,6,0,0,0,0,15,0,0.7931034482758621
deepseek,user_000069,180,user_facing,20,4,0.2,15,3,2,0,2,0,1,1,0.3235294117647059
deepseek,user_000069,180,rec_optimized,34,7,0.20588235294117646,20,6,2,0,3,0,9,1,0.38235294117647056
deepseek,user_000069,365,user_facing,19,8,0.42105263157894735,14,7,0,0,0,0,5,1,0.23529411764705882
deepseek,user_000069,365,rec_optimized,35,9,0.2571428571428571,35,9,0,0,0,0,0,0,0.7647058823529411
deepseek,user_000072,30,user_facing,16,3,0.1875,10,2,0,0,0,0,6,1,0.24
deepseek,user_000072,30,rec_optimized,38,7,0.18421052631578946,27,7,1,0,0,0,10,0,0.76
deepseek,user_000072,90,user_facing,13,3,0.23076923076923078,13,3,0,0,0,0,0,0,0.2857142857142857
deepseek,user_000072,90,rec_optimized,41,12,0.2926829268292683,24,6,0,0,0,0,17,6,0.6428571428571429
deepseek,user_000072,180,user_facing,13,3,0.23076923076923078,11,2,1,0,0,0,1,1,0.28
deepseek,user_000072,180,rec_optimized,31,12,0.3870967741935484,21,5,3,0,0,0,7,7,0.56
deepseek,user_000072,365,user_facing,14,3,0.21428571428571427,9,3,3,0,0,0,2,0,0.16
deepseek,user_000072,365,rec_optimized,43,9,0.20930232558139536,22,6,5,0,0,0,16,3,0.56
deepseek,user_000074,30,user_facing,16,3,0.1875,9,2,0,0,0,0,7,1,0.21052631578947367
deepseek,user_000074,30,rec_optimized,38,11,0.2894736842105263,31,9,3,1,0,0,4,1,0.631578947368421
deepseek,user_000074,90,user_facing,11,4,0.36363636363636365,6,2,0,0,0,0,5,2,0.12121212121212122
deepseek,user_000074,90,rec_optimized,35,2,0.05714285714285714,14,0,5,0,6,0,10,2,0.48484848484848486
deepseek,user_000074,180,user_facing,14,3,0.21428571428571427,13,2,0,0,0,0,1,1,0.3125
deepseek,user_000074,180,rec_optimized,35,12,0.34285714285714286,33,10,0,0,0,0,2,2,0.84375
deepseek,user_000074,365,user_facing,10,3,0.3,9,2,0,0,0,0,1,1,0.28125
deepseek,user_000074,365,rec_optimized,47,17,0.3617021276595745,39,13,1,1,0,0,7,3,0.9375
deepseek,user_000075,30,user_facing,13,3,0.23076923076923078,12,2,0,0,0,0,1,1,0.3333333333333333
deepseek,user_000075,30,rec_optimized,45,22,0.4888888888888889,45,22,0,0,0,0,0,0,0.9166666666666666
deepseek,user_000075,90,user_facing,8,2,0.25,7,1,0,0,0,0,1,1,0.14814814814814814
deepseek,user_000075,90,rec_optimized,24,9,0.375,24,9,0,0,0,0,0,0,0.5555555555555556
deepseek,user_000075,180,user_facing,12,3,0.25,11,3,1,0,0,0,0,0,0.2692307692307692
deepseek,user_000075,180,rec_optimized,34,14,0.4117647058823529,34,14,0,0,0,0,0,0,0.7307692307692307
deepseek,user_000075,365,user_facing,15,3,0.2,13,3,0,0,0,0,2,0,0.2692307692307692
deepseek,user_000075,365,rec_optimized,40,16,0.4,39,15,0,0,0,0,1,1,0.8846153846153846
deepseek,user_000079,30,user_facing,10,2,0.2,5,1,1,0,0,0,4,1,0.2
deepseek,user_000079,30,rec_optimized,30,11,0.36666666666666664,29,11,0,0,0,0,1,0,0.6333333333333333
deepseek,user_000079,90,user_facing,11,2,0.18181818181818182,6,1,2,0,0,0,3,1,0.2413793103448276
deepseek,user_000079,90,rec_optimized,36,12,0.3333333333333333,29,11,4,0,0,0,3,1,0.6206896551724138
deepseek,user_000079,180,user_facing,16,4,0.25,16,4,0,0,0,0,0,0,0.5
deepseek,user_000079,180,rec_optimized,34,8,0.23529411764705882,20,6,5,0,0,0,9,2,0.5769230769230769
deepseek,user_000079,365,user_facing,12,3,0.25,12,3,0,0,0,0,0,0,0.38461538461538464
deepseek,user_000079,365,rec_optimized,40,14,0.35,33,14,2,0,0,0,5,0,0.7692307692307693
deepseek,user_000082,30,user_facing,4,1,0.25,4,1,0,0,0,0,0,0,0.12121212121212122
deepseek,user_000082,30,rec_optimized,13,3,0.23076923076923078,13,3,0,0,0,0,0,0,0.42424242424242425
deepseek,user_000082,90,user_facing,8,2,0.25,8,2,0,0,0,0,0,0,0.22580645161290322
deepseek,user_000082,90,rec_optimized,36,14,0.3888888888888889,34,14,2,0,0,0,0,0,0.8064516129032258
deepseek,user_000082,180,user_facing,7,0,0.0,7,0,0,0,0,0,0,0,0.24242424242424243
deepseek,user_000082,180,rec_optimized,27,7,0.25925925925925924,25,7,2,0,0,0,0,0,0.6363636363636364
deepseek,user_000082,365,user_facing,10,1,0.1,6,0,3,0,0,0,1,1,0.21212121212121213
deepseek,user_000082,365,rec_optimized,26,5,0.19230769230769232,24,5,2,0,0,0,0,0,0.696969696969697
deepseek,user_000083,30,user_facing,13,2,0.15384615384615385,13,2,0,0,0,0,0,0,0.225
deepseek,user_000083,30,rec_optimized,47,14,0.2978723404255319,31,9,1,1,0,0,15,4,0.475
deepseek,user_000083,90,user_facing,21,5,0.23809523809523808,16,2,0,0,0,0,5,3,0.3142857142857143
deepseek,user_000083,90,rec_optimized,26,6,0.23076923076923078,22,4,0,0,0,0,4,2,0.4857142857142857
deepseek,user_000083,180,user_facing,15,2,0.13333333333333333,13,1,0,0,0,0,2,1,0.28125
deepseek,user_000083,180,rec_optimized,36,8,0.2222222222222222,22,5,0,0,0,0,14,3,0.5
deepseek,user_000083,365,user_facing,8,1,0.125,7,0,0,0,0,0,1,1,0.1875
deepseek,user_000083,365,rec_optimized,37,9,0.24324324324324326,30,6,4,0,0,0,3,3,0.75
deepseek,user_000084,30,user_facing,9,1,0.1111111111111111,7,1,0,0,0,0,2,0,0.21212121212121213
deepseek,user_000084,30,rec_optimized,36,7,0.19444444444444445,22,6,1,0,0,0,13,1,0.5151515151515151
deepseek,user_000084,90,user_facing,6,1,0.16666666666666666,3,0,0,0,2,0,1,1,0.09375
deepseek,user_000084,90,rec_optimized,39,3,0.07692307692307693,23,3,2,0,2,0,12,0,0.6875
deepseek,user_000084,180,user_facing,14,2,0.14285714285714285,9,1,0,0,0,0,5,1,0.2972972972972973
deepseek,user_000084,180,rec_optimized,35,3,0.08571428571428572,23,3,1,0,0,0,11,0,0.7297297297297297
deepseek,user_000084,365,user_facing,8,2,0.25,8,2,0,0,0,0,0,0,0.16216216216216217
deepseek,user_000084,365,rec_optimized,39,3,0.07692307692307693,23,3,1,0,0,0,15,0,0.6756756756756757
deepseek,user_000085,30,user_facing,13,1,0.07692307692307693,9,1,1,0,0,0,3,0,0.3448275862068966
deepseek,user_000085,30,rec_optimized,35,4,0.11428571428571428,25,4,1,0,0,0,9,0,0.7241379310344828
deepseek,user_000085,90,user_facing,12,3,0.25,10,2,1,0,0,0,1,1,0.2916666666666667
deepseek,user_000085,90,rec_optimized,28,3,0.10714285714285714,18,2,1,0,0,0,9,1,0.5833333333333334
deepseek,user_000085,180,user_facing,9,1,0.1111111111111111,8,1,1,0,0,0,0,0,0.22580645161290322
deepseek,user_000085,180,rec_optimized,42,13,0.30952380952380953,38,13,2,0,0,0,2,0,0.8064516129032258
deepseek,user_000085,365,user_facing,17,5,0.29411764705882354,13,4,0,0,0,0,4,1,0.25806451612903225
deepseek,user_000085,365,rec_optimized,35,9,0.2571428571428571,27,9,3,0,0,0,5,0,0.5806451612903226
deepseek,user_000086,30,user_facing,20,9,0.45,18,7,0,0,0,0,2,2,0.21621621621621623
deepseek,user_000086,30,rec_optimized,58,17,0.29310344827586204,43,15,6,0,7,0,2,2,0.7567567567567568
deepseek,user_000086,90,user_facing,8,0,0.0,8,0,0,0,0,0,0,0,0.23333333333333334
deepseek,user_000086,90,rec_optimized,45,16,0.35555555555555557,41,15,0,0,0,0,4,1,0.8333333333333334
deepseek,user_000086,180,user_facing,13,1,0.07692307692307693,10,1,0,0,0,0,3,0,0.23333333333333334
deepseek,user_000086,180,rec_optimized,63,20,0.31746031746031744,47,17,0,0,1,1,15,2,0.9333333333333333
deepseek,user_000086,365,user_facing,12,5,0.4166666666666667,11,4,0,0,0,0,1,1,0.2
deepseek,user_000086,365,rec_optimized,36,15,0.4166666666666667,35,14,0,0,0,0,1,1,0.6666666666666666
deepseek,user_000087,30,user_facing,12,2,0.16666666666666666,10,1,1,0,0,0,1,1,0.17142857142857143
deepseek,user_000087,30,rec_optimized,51,10,0.19607843137254902,40,9,0,0,0,0,11,1,0.8285714285714286
deepseek,user_000087,90,user_facing,22,4,0.18181818181818182,18,3,3,0,0,0,1,1,0.38235294117647056
deepseek,user_000087,90,rec_optimized,42,12,0.2857142857142857,39,12,3,0,0,0,0,0,0.7058823529411765
deepseek,user_000087,180,user_facing,15,0,0.0,11,0,4,0,0,0,0,0,0.28
deepseek,user_000087,180,rec_optimized,34,5,0.14705882352941177,26,3,6,0,0,0,2,2,0.68
deepseek,user_000087,365,user_facing,7,0,0.0,5,0,2,0,0,0,0,0,0.2
deepseek,user_000087,365,rec_optimized,26,3,0.11538461538461539,25,3,1,0,0,0,0,0,0.64
